# -*- coding: utf-8 -*-

# Resource object code
#
# Created by: The Resource Compiler for PyQt5 (Qt v5.15.2)
#
# WARNING! All changes made in this file will be lost!

from PyQt5 import QtCore

qt_resource_data = b"\
\x00\x00\x05\x22\
\x00\
\x00\x23\x0d\x78\x9c\xc5\x59\x5b\x6f\xdb\x36\x14\x7e\x8e\x7f\x05\
\xe1\xbc\x6c\x41\x35\x5b\x72\x12\x0c\x32\x32\x20\xcd\xb0\xb5\x40\
\x8a\x21\x75\x8b\x3d\x04\x7d\xa0\x44\xda\x26\x2a\x8b\x1a\x49\xbb\
\xc9\x8a\xfd\xf7\x91\xba\x5f\xa8\xab\xa5\xcd\x42\x00\x47\xe6\xb9\
\x9f\xf3\x9d\x43\x72\x71\x35\x03\x57\xe0\x37\xef\x88\x7d\xf1\xf9\
\xbd\xf1\x48\x76\x7b\x01\xb8\x78\xf5\x30\xe0\x7b\x8c\x05\xd8\x52\
\x06\xee\xd1\x09\xfa\x2e\x46\xe0\x57\xea\x7e\x25\xfe\x0e\x6c\x5e\
\xb9\xc0\x07\x49\xb9\x98\xcd\x16\x57\x63\x7e\x94\x36\x0f\x4a\xcc\
\x03\xf5\x05\x24\x3e\x66\x7f\x12\xb4\xc3\x42\xbe\x1f\xf3\xb3\x98\
\x01\x88\xb8\x61\xe8\x44\x81\xef\xb3\x0b\x07\xba\x5f\x77\x8c\x1e\
\x7d\x64\x83\xcb\xed\x8d\x7a\xd6\xb3\x7f\x66\x93\x59\xbb\x09\x3c\
\x22\x04\x66\xa3\x9b\x59\x6f\xe5\x2f\xe0\x29\x91\xaa\x2c\x0e\x20\
\x42\x32\xb4\x36\x30\xc1\x52\xfd\x85\xe6\x66\xd4\xc9\x52\xdb\xde\
\x43\x1f\xc9\xec\x28\x38\xc9\x70\xa9\x47\x99\x74\x15\x32\xd5\x33\
\xa9\xab\xee\x19\x86\x13\xe5\x44\x66\x6e\x26\xa4\x29\x1b\x8a\xeb\
\x3f\x11\xe1\xe1\xb7\x90\x95\x29\x04\x83\x3e\x0f\x20\x93\x15\xb6\
\x96\xbf\x50\x86\x30\x33\x1c\x2a\x04\x3d\xd8\xc0\x0a\x5e\x00\xa7\
\x1e\x41\xd2\x77\x8e\x7a\xd6\x69\x28\xd2\x35\xcb\xe0\x45\x23\x2e\
\x52\xef\x79\x4b\xdd\x23\xc7\xe8\x6e\x2e\xd8\x11\xcf\xbf\x80\x06\
\x9d\x6a\x25\x2f\xb7\xb7\xae\x83\x72\x32\x12\xb2\xb7\x47\xb9\xd6\
\x2f\xa4\x87\x54\x26\x55\xe8\x52\x40\x87\x7f\xc0\xfe\x31\x5a\x67\
\xdb\x07\xf9\xdd\x20\x3e\x22\x2e\x14\x34\x14\x4a\x0e\x70\x87\x6d\
\xe0\x53\x1f\x2b\x92\x12\x85\x5a\xf1\x57\xc0\x68\x80\x99\x78\x35\
\x88\x2b\x79\x80\x23\xf3\x7e\xb0\x17\x52\x8f\x45\x48\xcb\x17\x8a\
\xc4\x08\x39\x3b\x21\xd1\x4f\xfc\xb4\xfb\x71\x5d\x26\xdc\x90\xbf\
\xa5\x1c\xf3\x36\x52\x2d\x95\x53\x09\x1f\x76\xd4\x23\xc9\x93\x94\
\xb5\xae\xd5\x53\x20\xb2\x6d\x22\xe1\xcd\xe6\xd8\xc3\xae\x90\xb0\
\xf7\x7d\x06\xe4\xa7\xc0\x26\x71\x99\xfa\x21\xe1\xb4\x85\xea\x89\
\x92\xff\x12\xc5\x11\x78\xf0\x28\xc7\x3d\xac\x75\xd5\xfa\xbc\xa5\
\x6f\x66\x17\x17\x8d\xab\x0c\x44\x38\x74\x3c\x8c\xc2\xe5\x20\xf9\
\xaf\xc5\x43\x52\x43\x2c\xa0\xbb\xff\x5d\x5a\x14\xf4\xd0\x2f\xa2\
\x6a\x55\xb0\xb0\x6c\xa0\x86\x53\x21\x48\x54\x39\x9f\xa0\x33\x21\
\x80\xa4\x32\x6a\xf1\x23\xa9\xc7\x32\x74\x26\xef\xc3\x26\x6c\x47\
\x25\x9a\xbd\xfd\x46\x90\xd8\xdb\x0a\xa2\x55\x1d\x2a\x98\xce\x95\
\x66\x54\x98\xb5\x4e\xcd\x3c\xab\xd1\xf3\x19\xba\x82\x9c\xb0\xfc\
\x96\x42\x49\x5d\xe9\xe8\x19\x80\xa7\x47\xe8\x60\x4f\x51\x55\x4b\
\xab\xa3\xc4\xbe\x2c\xec\x3d\x3d\xe1\x0a\xe0\x5e\x6e\x97\xea\x69\
\x21\x6a\x94\xa5\xa0\xa0\x54\xb9\x07\xc8\x76\xc4\x37\x04\x0d\x42\
\xec\x5c\x17\x65\x46\x00\x17\x47\x29\xfd\xb7\x80\x9a\x86\xa5\x89\
\xce\xff\x8a\x00\x45\x23\xeb\x9c\x99\xf5\xbb\x32\x41\xc0\x30\xe7\
\x21\x3e\x96\x12\x65\xa9\x9e\x90\x64\x21\x87\x4b\xd5\xa1\x00\xc3\
\x1e\x54\x58\xaa\xd2\x5a\x8d\x90\xfa\x6a\xa9\xb4\xb3\x32\xeb\x04\
\x77\xcb\xd5\x53\x69\x61\x8d\x6c\x6b\x4c\x35\xcd\x1b\x0c\x57\x9d\
\x99\xd4\x99\xbf\xdc\xde\x5c\xff\xec\x76\x65\x23\x07\x31\x4d\xb6\
\xf5\xca\x12\x23\x66\x19\x86\x7f\xb0\xd8\x1a\xa7\x9c\x6b\x4d\xbd\
\x9b\xe0\x0a\xdd\xe2\xce\x8c\xab\xf5\x9a\xef\xb7\x93\xb6\x8a\xc9\
\xfb\x44\xfd\x94\x72\x4e\x93\x88\x5b\x44\x3c\xcb\x3f\x6d\x5c\x46\
\x3d\x4f\xcd\x24\xe1\x70\x12\x49\xce\x5e\x96\xa7\xbc\x0a\x9a\x4d\
\xe4\xe6\xfb\xa3\xa0\xef\x08\xc2\xd3\xf5\xe3\x9c\x84\x6a\x69\x55\
\xda\xa3\x0e\xd6\xcb\x1d\xa2\x06\xe7\x0d\x0f\x6f\x45\xd2\x1d\x92\
\x77\x4c\x6d\xa9\x13\x8f\x0a\xfc\x22\x0c\xe8\x91\x9d\x2c\x69\x57\
\x6e\x08\x30\x93\x2f\x0f\xb2\xad\xec\x71\xb4\xcc\x5a\x16\x88\x73\
\xc3\x7a\xae\x50\x72\x06\x65\x45\x5b\x8b\x84\xb9\xd5\xcf\xca\xe2\
\x3f\x7c\xef\xf5\x6e\xbe\x85\x1e\x97\x65\xf5\xcc\xe5\x2f\x72\xd2\
\x7f\xa4\x72\x64\x27\xd4\xbf\x9b\x2f\xe7\x5f\xde\x0c\xa3\xb4\x64\
\x95\xe6\x36\x1a\x61\xa7\xbc\xcd\xed\x6f\xb2\xbd\xe1\x20\xf6\xe6\
\x60\xc5\x56\x71\x23\x29\x6e\x80\x3a\xaa\x16\x79\x78\xb8\xe7\xba\
\xd3\x5b\x83\x0d\x94\x92\xab\xd3\xd4\xf0\x28\x6a\x26\xb3\x86\xb8\
\x36\x25\x5c\x77\xe3\xf5\xd1\xed\x4e\xbf\x1a\x6c\xb0\x39\xa2\xf3\
\x56\x5a\xe7\x35\xe6\x5e\xce\x7d\x8b\x08\x12\x95\x4c\xb0\x97\xac\
\x81\xda\x90\x82\x6f\x44\xec\x81\x92\x0d\xa8\x14\x3e\x03\x3a\x5c\
\xcb\xe9\x16\xc9\xd4\xe6\xc8\xf9\xc5\x59\xc7\xdc\x2c\x30\x8f\x60\
\x70\x3c\xee\x56\x81\x7b\x0c\xa8\xe3\xb1\xef\x03\x0f\x5d\x42\x04\
\xc2\xa4\xd5\x07\xaa\x92\xd0\x0d\xe1\x6a\xce\xc1\x06\xc2\xc6\x14\
\x3c\xab\x7c\x1b\xe2\x3f\x4c\x5b\x6d\xf1\x35\xa5\xd2\x28\xea\xb6\
\x22\x6d\x03\x61\xa3\xba\xd5\xdc\x1c\x45\xdf\x56\x70\x6b\x20\x3c\
\x03\x8f\xa6\x1c\xf7\x36\x91\xaa\x13\x8f\x7c\xb1\x94\x96\x33\x98\
\x74\x8e\xcb\x46\x43\x1e\x40\x37\x3a\x0e\xb7\xa2\xad\x2f\x8f\x7c\
\xce\x5b\x2e\x0b\x0a\x87\xbd\x95\x98\xc7\xea\xb4\x81\x73\x12\x15\
\xb3\x03\xc4\xd5\xb2\x34\x75\x89\x79\x16\x47\x4b\x53\x99\x67\x31\
\x5c\x55\x81\x49\xcf\x6f\xca\x44\x2c\xdc\x8d\x4c\x9c\x8e\x05\x59\
\xed\x37\x0b\x7a\xb2\x6e\xb7\x0e\xd9\x49\x49\xdb\xa6\xae\xbb\xac\
\xfe\x57\x0e\x83\x14\xba\x84\x09\xc6\x29\x56\xe9\xb6\xbf\xb8\xc9\
\xba\x0e\x69\xff\xa3\xa3\x00\xbd\x73\x84\x52\xcf\x91\x96\x46\xa7\
\x30\x7c\xf4\xe4\x49\x2f\x11\x12\xf9\x3d\xce\x87\x4e\xdc\x08\xe4\
\xbe\xb2\xed\x18\xb1\xb0\x6c\xe0\x39\x62\x53\x02\x8d\x66\x82\xfa\
\xea\x63\x54\x38\xea\x1a\x45\xb1\x0f\xc4\x27\x07\x49\xd7\x43\xb1\
\x43\x4c\xa2\x3b\x7e\x1b\x45\xa7\xdc\xf1\xd9\x48\x67\x81\x4d\xe5\
\x5d\xbc\xed\xeb\x7a\x36\xda\x83\x63\x87\x83\xd2\x29\xaa\xf6\x23\
\xe6\xd2\xf7\xef\xc2\xfb\xea\x89\x80\x3d\x2f\x62\x20\x9e\xeb\x87\
\x81\x1a\xf6\xad\x9d\xb2\x97\x20\xb3\x4d\x50\xf7\x1e\xdf\x22\xc9\
\x6a\x93\xd4\x63\x3e\x69\x11\xb5\x1a\xee\xbd\x7f\x01\x30\x6a\xae\
\x2e\
\x00\x00\x06\x1e\
\x00\
\x00\x28\x7a\x78\x9c\xc5\x5a\xdf\x6f\xdb\x36\x10\x7e\x4e\x80\xfc\
\x0f\x44\xf2\x92\x04\x51\x1d\x2b\x6d\xb0\x29\x68\x81\x26\xc5\xd6\
\x87\x16\x5b\x97\x00\x7d\x08\xfa\x40\x4b\xb4\x4d\x84\x16\x55\x92\
\x8a\x93\x0d\xfb\xdf\x77\x24\x25\x59\xb2\xf5\x3b\x52\xa6\x3a\x89\
\x2d\xeb\x78\xc7\xbb\x8f\xdf\x1d\x8f\x9d\x9c\x1e\xec\xa3\x53\xf4\
\x89\xcc\x71\xcc\x14\x92\xea\x99\x11\x24\x97\x84\x28\xc4\x43\xf4\
\x9d\x86\x01\x5f\x4b\xf4\x27\xc3\x6a\xce\xc5\x4a\xa2\x35\x55\x4b\
\x34\xe7\x7e\x2c\xd1\x92\x2e\x96\x0c\x7e\x14\x0d\x17\x68\xce\xf0\
\x02\x91\x10\xcf\x18\x09\xf4\x88\x13\xf8\x65\x5e\x93\xd3\x21\x2f\
\x63\xec\xcd\x27\xee\x3f\xdc\xf0\x50\x61\x1a\x12\xf1\x9d\x06\x0b\
\xa2\xf4\x17\x43\x5e\x60\x3f\x0e\xa4\xe3\x94\xe9\x42\xff\x1c\xec\
\xef\xcd\xb0\xff\xb0\x10\x3c\x0e\x03\x0f\x45\x98\x11\xa5\xc8\xf1\
\xda\xb8\xeb\xe4\xea\x60\xff\xdf\x83\x7d\xfd\x6f\xac\xc9\xdf\x46\
\x8c\x82\x42\xf1\xaa\xb3\xfe\x80\xbe\xa5\x7a\x8d\x07\x22\x1c\x04\
\x10\x7a\x0f\x4d\xd1\xb9\xfe\xd9\x4c\x7b\x33\x46\x2a\xe0\x79\x4b\
\x1c\x06\x00\xad\xa2\xeb\x1c\x9f\x33\x2e\x36\x0e\x0c\xb0\x78\xd0\
\xee\xdb\x9b\x9c\xa2\x38\xf4\xf9\x6a\x45\x42\x85\xd4\x92\x00\xe4\
\x18\xe3\x6b\x8d\x34\x06\x26\x21\x3a\x47\xcf\x3c\x46\x6b\x1e\xb3\
\x00\xee\x3c\x10\xa4\x38\xf2\x41\xc7\x82\x98\xc7\x25\xfd\x9b\x20\
\x3e\x07\xff\xd8\xcb\xdc\x4b\x8d\xb7\xa6\x48\x03\x52\xad\x69\x49\
\x34\x8a\x61\x1e\xd1\xd3\x95\xb9\x39\x72\xf4\x3e\x0a\x82\x5f\x01\
\xb5\x1b\x35\xed\x01\x5b\x94\xbe\xa3\x8a\x91\x6b\x2c\x76\xe4\x95\
\xc0\xa1\x8c\xb0\x80\xe8\xe8\x68\xcd\xb8\x08\x88\x70\x66\x5c\x29\
\xbe\xf2\x90\x1b\x3d\x21\xc9\x19\x0d\x32\x3d\x86\x26\x4c\x60\x13\
\xd0\x64\xcf\x9e\x83\xcf\x13\xed\x65\x96\xdf\x1b\xaa\x21\xc1\xfb\
\x43\x25\x62\x72\xf8\x03\xd5\x19\xd8\x64\x45\x46\x58\x27\x45\x95\
\xe9\x28\xd7\x31\x48\x86\x45\x6c\x83\x7d\x79\x1b\x0f\xf6\x8f\x14\
\x9e\xc9\xaf\x24\x8c\xed\xd3\x9e\x07\x10\x8d\x1d\xf0\x23\xf5\xb1\
\xe2\xd6\x12\xba\xc2\x0b\xe2\xa1\x90\x87\x24\x27\x18\x24\x46\xdf\
\x30\x2e\x49\x4e\xd7\xcf\x48\xf0\x88\x08\xf5\xec\x50\x1f\x06\x44\
\xb1\x60\xc7\xde\x04\x4c\x9b\x98\x71\xe4\xc4\xd7\x02\xce\xcc\x48\
\xbc\x91\x8f\x8b\x93\x33\x90\xda\xab\x7d\xcc\x09\xa8\x34\x5c\x6c\
\x9e\x47\xe9\xa7\xab\x1d\x75\xb7\xb0\x50\x00\xf9\x97\x9b\x29\x1e\
\x05\x44\x61\x7f\xf9\x3b\x84\x3a\xea\x62\xa5\x15\x6b\x36\xb3\xf0\
\x5c\x1f\x3b\xf7\x32\x97\x8e\xb7\x44\x2d\xfa\xee\xf0\x6c\xd4\x15\
\x9a\x69\x69\xb1\x40\x53\x78\x6f\x31\xe6\x66\x65\x25\xdf\x9b\x0c\
\xee\x59\xe4\xe7\x6e\xaf\x69\xa0\x96\x9e\x26\x6a\x0d\x68\x43\xd6\
\x39\x90\x27\x10\xaf\xf4\xb9\x75\x3c\x50\xa5\x5a\x52\x89\xe0\xc5\
\x23\x45\x79\x88\x19\xa2\x21\xf2\xb1\x24\xd5\x6c\xac\x07\x32\x74\
\x9c\x11\x6b\xc9\xfc\xef\xb1\xaf\xe8\x23\x81\x77\xd9\x42\xdf\xf6\
\xc8\x4f\xcd\xfb\x58\x2c\x04\x0e\x28\xd0\xce\xb1\x8c\x60\x29\x05\
\x48\x7b\x22\x38\x43\x4f\x53\x78\x77\x7e\x86\x9e\x93\xbf\x4f\x6e\
\xf2\xd9\xfc\x7d\xf3\xee\x0c\x2a\x1b\x1e\xe9\xf7\x1a\x93\x5b\xde\
\xb5\x5f\x7a\xd3\x2d\xa7\x26\x89\xa8\x2c\x2c\x39\x26\xa9\x9b\x16\
\xfa\xf6\x05\xcf\x08\x33\x73\xa9\xc8\x74\x1d\x3c\x52\x3d\x18\x94\
\x66\xc4\x9a\x78\x52\x24\xaa\x6d\xaa\x59\x81\x03\x69\xe8\xe8\xd9\
\x6a\x7e\xbc\xda\xf2\x71\x42\x58\x09\x66\x36\x9f\x0b\x6c\xe8\xb8\
\x65\x58\xf9\xff\x69\xab\x38\x5d\x6f\xc9\x1f\x93\x3a\x05\x42\x98\
\xcc\x67\x9a\xa5\x04\xb1\x98\xe1\x63\xc0\x87\x7d\x5d\xb8\x36\x8e\
\x05\x67\x14\x1f\x71\xdf\x9e\x54\x69\x02\x20\x4a\x48\x51\x3b\x88\
\x2d\x0e\xf0\xf6\x97\x6c\x00\x58\x47\xbf\x99\x0a\x5a\x10\xa8\xab\
\x41\x52\xaf\x59\x5d\xda\x54\xb0\xc3\x4e\x12\xac\x62\x8b\x42\x82\
\xab\x20\x8c\xaa\x24\x58\xaf\xf1\x03\x2a\x83\x53\x27\x08\x38\xc9\
\x98\x26\xb4\x2f\x51\x9d\x0b\xed\x8e\xbb\xdd\x77\xb0\xd4\x37\xbf\
\x72\x4e\xef\xa7\xaa\x36\xb6\x5b\xca\x7e\x75\x3b\x29\xab\x5e\xce\
\xc5\xf0\x8c\x9f\xe6\x5e\x21\xc7\x55\x42\xb6\x09\xae\x1d\xf3\x5b\
\x92\xdd\xf2\x9b\x91\x6f\xb7\xbe\x80\xcd\x83\xae\xbc\x4c\x09\x66\
\x0d\xda\xdc\xdc\xa9\xf7\x4a\x18\x70\xc4\x40\x98\x60\xdc\x26\x04\
\xc0\xe7\x08\xc7\x90\x3b\x97\x34\x80\x2d\x0f\xec\x80\x6c\x96\xa5\
\xea\x39\x7d\x74\xc8\x6b\xd4\x3d\xfa\x47\x98\xc7\x67\x98\xc6\x98\
\x35\x54\x4e\x47\x09\x1f\x0d\x5f\xbe\x74\x49\x96\x0e\x23\x73\x95\
\x65\xd9\xf4\xa6\xb0\x3b\xcd\x04\x65\x8a\x3c\x29\x07\xc2\xbb\x00\
\xee\xf4\xa1\xa8\x21\x42\xdf\x5d\x41\x86\x4e\xb7\xa4\xee\x79\x51\
\x3e\xb7\xb9\xd9\xde\xb4\xe5\x9c\x61\x19\xf2\x60\xbf\x84\x5b\x76\
\xe9\xbf\x44\xfe\x5e\xcf\xfa\x8f\x90\x3d\xbf\x3f\x9c\x63\x26\x81\
\xad\xee\x25\x7c\x03\x5b\xa4\x2f\x1c\x76\x39\xe0\xba\xf7\x87\xe7\
\x87\x3f\xce\x7a\x8a\xba\xc0\x7e\xf9\x1d\x9b\x29\x47\x2e\x2b\x72\
\x73\x8e\xc2\x7b\xaa\x9b\xf6\xb7\xf4\x22\x4d\xb6\xc5\xad\x65\x2b\
\x5b\x2b\xe3\xf2\x02\xef\xb6\x1f\xc0\xed\x3f\x69\xd0\xbd\x5b\x7d\
\xbe\x20\xd6\x25\xa5\x6c\x4d\xf4\x3b\x01\xb5\xbd\x3f\x2a\x40\xd0\
\x7e\x80\x8b\xfe\x3e\x98\x0e\xe9\xd0\x8b\x52\x87\xd6\x82\xb4\xce\
\xa5\x93\x84\xaf\x3f\x66\x69\x47\xf7\x37\x6c\x9b\xd7\x70\x1f\x07\
\x73\x92\x86\x6e\x9d\xbd\xd6\x8e\x52\x30\xf5\x59\xea\x7d\x54\x4d\
\x8b\xaa\x2c\xff\x8e\xa4\xcb\x2d\xea\x4a\x68\x7d\x24\x65\x2f\x61\
\xa1\x56\xf1\x45\x49\xbe\x28\x8f\xf2\xce\x1a\xa9\x89\x75\x03\xaa\
\x6b\x24\xeb\x41\xdd\x9a\x24\xfa\x5b\xdf\x9c\x26\x6a\x24\xeb\xad\
\xdf\x86\xe2\x18\xe6\x37\x13\x7e\x8d\x64\xbd\xf9\x3b\xe8\x1e\xc3\
\xfe\x66\x7e\xad\x91\x1c\x92\x11\xc7\x2d\x87\x6f\xad\xf5\xa3\x97\
\xc4\x89\x9e\xd6\x7d\xc5\x4d\xfd\xba\x29\xa2\x65\x84\x7d\x7b\xc0\
\xe3\x66\xbd\x0f\x69\xc3\x22\x9b\x8e\xc4\x8a\x27\x04\xa5\xf9\x3b\
\x31\xb1\x31\x67\xa4\xe1\x9b\xee\x84\xaf\xa4\x89\xd6\x38\xf8\xb4\
\x14\xdb\xc3\x8c\xed\x96\x2d\xfb\x61\x86\xbe\x28\xe1\xc3\x86\x91\
\xc7\x05\x72\xe1\x84\x70\x74\x38\x17\xb4\x75\x3d\xce\x2a\x1f\xa4\
\xe5\x51\x57\x79\x6f\xad\x5d\xbf\x60\x62\x7d\x76\x97\xec\x3a\x05\
\xf9\x19\x53\x41\x02\x34\x23\x3e\x8e\xa5\x3d\xa9\x6c\x75\xea\xb5\
\xa6\x8c\x21\x33\x96\x66\xd3\xb5\xa0\x2a\x2f\xdc\x69\x7e\x22\x66\
\xa4\x34\xd3\xd7\x49\xf7\x38\x8c\x1b\xc8\x85\x47\x38\xcd\x05\x7a\
\xf4\x4d\xcb\xac\xb8\xcb\x7e\x6b\x87\x68\xe8\xa3\xbd\xda\x72\x40\
\x4a\x1b\x3b\x03\x57\xd8\xd6\xa7\x1c\x61\x7d\x64\xc7\x89\xa9\x05\
\x5d\xfa\xb2\x8f\xd2\x89\x68\xd8\xdc\x9b\x2f\x3c\xf7\x82\xe6\x7c\
\x3d\xd6\x86\x9b\x8a\x7e\x1b\x92\xa0\xd0\x6a\x1e\xd0\xbe\xaf\x34\
\xa4\x2b\x10\xee\x62\xdf\x2a\x91\x29\xeb\x82\xb7\x3c\xe6\x6c\x65\
\x5b\xae\x6b\x3d\x48\x6b\xbe\x0d\x3d\x14\x0f\xce\x5f\xd2\x97\xef\
\xa0\xa5\x53\x4b\xfe\x32\x77\xe8\x32\xe4\x55\xb7\xf8\xef\xd2\xc5\
\x8f\xc3\x00\x5d\x8f\x46\x00\x63\x4d\xea\x2f\xa2\xdb\x9d\x9f\xcd\
\xff\x91\x19\x2d\xaf\xe7\x95\x0c\x92\xce\xcb\xab\xc8\x2a\x65\xed\
\x8b\xa8\x4e\x2a\xa7\x8d\x2a\x7b\x94\x84\x0d\x3a\xdd\x46\x9d\x7d\
\x4a\xdc\x06\xa5\x17\x03\xf8\xf6\x3f\x89\x13\xe5\x4c\
\x00\x00\x07\x4a\
\x00\
\x00\x38\x73\x78\x9c\xcd\x5a\x5b\x6f\xdb\x36\x14\x7e\xb6\x7f\x85\
\x90\xbe\x6c\x45\x34\x47\x92\x63\xc7\x2a\x5a\x20\x49\x97\x75\x40\
\x83\x21\x4d\xb1\x3d\x04\x7d\xa0\x44\xca\x26\x2a\x4b\x9e\x44\xa7\
\x4d\x87\xfd\xf7\x91\xba\x59\x94\x48\x89\x92\xa5\x2c\x0e\x90\x38\
\xb6\xce\xed\x3b\x87\x1f\x0f\x2f\xb3\xd7\x53\xed\xb5\x76\x1b\x42\
\x14\x05\xda\x95\xbf\x47\x5a\x4c\x9e\x7c\xfa\x7b\x83\x10\xd1\xbc\
\x30\xd2\x2e\xe1\x23\x08\x5c\x04\xb5\xf7\xa1\xfb\x15\x07\x6b\xed\
\xfe\x29\x26\x68\x4b\xc5\x66\xd3\xe9\xec\xf5\x90\x2f\xe6\xca\x35\
\x33\x73\x0b\x02\xb0\x46\x11\xfd\x7f\xc8\xd7\x6c\x0a\x60\xac\xeb\
\x65\x0b\xda\x3f\xd3\x89\x03\xdc\xaf\xeb\x28\xdc\x07\xd0\xd6\x5e\
\x21\xe4\x2d\x3c\xef\xcd\xf4\xdf\xe9\x68\xc1\x5d\x87\x01\x01\x38\
\x40\xd1\x5f\x18\xae\x11\x19\x31\xc8\x8a\xa5\xff\x23\xd8\xfb\x9d\
\x8f\x09\x19\x35\x95\xd5\x28\xdf\x69\x77\xb9\x55\x16\xf1\x0e\x40\
\x48\xcb\xd6\xd6\xce\x76\xdf\x93\x50\x0f\x92\xe5\xc7\xfe\xde\x45\
\xe1\x0e\x45\xe4\x49\xdf\x80\x00\xfa\x88\x2a\x23\x1b\x5b\xbb\x90\
\x88\xd8\x76\xfa\x18\x8f\xa9\xee\x86\x7e\x18\x51\x64\xdf\xcf\x7f\
\x5d\xdc\xdc\xb4\xc8\xda\x9b\x30\xc2\x3f\x98\xf7\x3e\x53\xf3\x2d\
\xb3\x28\x75\xb3\x90\x7b\xa4\x7e\x62\x37\x95\xda\x20\xbc\xde\x90\
\x83\xd8\x58\x89\xbc\x8c\x10\x18\xbd\x60\x0f\x46\x6a\xb5\x9a\x23\
\x3a\x71\xc2\x88\x92\x95\xad\x05\x61\x80\xde\x34\xa6\x97\x69\xfb\
\x8c\x89\x8f\xae\x40\x7d\xa0\x57\xf4\xe9\x4e\x48\x48\xb8\xad\xaa\
\xd5\x49\xb8\xcb\x54\x17\x1f\xf9\xc8\x23\xd5\xcf\x72\x69\xb1\x13\
\x69\x48\x0f\x5e\xe8\xee\x63\x04\xdf\x9e\x90\x68\x8f\x4e\xbe\x68\
\x2f\xc8\xd3\xdc\xf8\xd5\x9e\x7e\x1b\x54\x87\x4d\xa6\xa2\xec\x15\
\x89\x40\x10\xef\x40\x84\x02\x52\xcb\x89\x44\x2b\x2d\xf7\x47\x01\
\xe3\xba\x4b\x64\x66\x24\x24\x94\xda\x45\x28\xa6\xa8\xd5\xe4\x9c\
\x39\x5c\x78\xe9\xf0\x7c\x45\x80\x13\xdf\xa2\x60\x9f\x89\xd8\x5b\
\xfa\x5e\xc7\x01\xa4\x83\x84\x84\x89\x49\xbc\xa5\x74\x5f\x72\xb0\
\x22\xc2\x33\x00\x76\xa9\x12\x6d\x1f\xf9\x3f\xd9\x33\xea\xd3\x2c\
\x11\x8e\x67\x4c\x44\x4f\x54\x3b\x89\xd0\x2f\xf1\xe3\xfa\xe7\x37\
\x55\xc1\x7b\xfc\x83\x1a\x32\x16\x19\xbe\x85\xa1\x5a\x00\xde\xd2\
\x73\x58\xe0\x05\x7a\x06\x45\x3a\x0e\x7d\x0c\x29\x28\x0b\x08\x3d\
\x93\x7e\x97\x13\x8a\xe1\x99\x2b\xcb\xe2\x35\xda\x36\xa6\x13\xb1\
\x1d\x23\x1f\xb9\x44\x80\x10\x74\x29\xc1\x7b\x25\x25\x67\x9e\xe5\
\x2c\x32\xc8\x60\x56\x76\xd7\x7e\x18\xa3\x0e\x20\xb8\xec\xf9\x32\
\x00\xa7\xd3\xc9\xa4\xf1\x29\x1d\xe2\x18\x38\x3e\x82\xc9\xe3\x5a\
\xfe\x5f\x2b\x70\x10\x11\xe0\x6e\x7e\xa3\xd1\xec\x3a\xf8\x97\x4a\
\xb5\x3a\xc8\x3d\xd6\xd3\xc3\xb1\xa8\x36\xa5\x8b\xcf\xc0\x19\x99\
\x69\xa9\x05\x05\xbe\xa9\x8d\xea\x8a\xf8\x9d\x98\xb0\x39\x82\xe0\
\x64\x8b\xf0\x1a\x45\xaa\x3c\x2f\x26\xbf\xec\x53\xca\x7d\x09\xd9\
\xe9\x11\x80\x78\x1f\xd3\x1c\x65\x8c\x75\xf8\x3a\x62\xd3\x64\xf5\
\xfb\x2d\x88\xd6\x38\xc8\x29\x72\x8b\x03\x3d\x9f\x4e\x2d\xa3\xcc\
\x9a\xf4\x09\x2d\xc9\xba\xb4\x20\x0e\x55\x21\x08\xf4\x01\xb8\x04\
\x3f\x22\xfa\xae\xe0\xfe\x2a\xe8\x37\x0b\xf6\x23\x0d\xfb\xb8\x00\
\x0b\xd4\x74\x43\xee\xa4\x76\xf7\x11\x38\x28\xe9\x29\x72\xbe\x30\
\x17\x96\x69\xc1\x0e\x51\xd5\x55\x18\x4b\xd3\x30\x1d\x99\x0a\xf1\
\x94\xa0\x50\x3a\x99\x60\x57\x7b\x75\x97\x25\x93\x52\x9e\x8e\x8c\
\x6e\x2b\x24\x99\xa1\x5a\x9a\x71\xcb\xc2\x5c\xe6\x84\x7d\x4a\x26\
\xf4\x82\xb8\x96\x8f\x51\x02\x0a\x9d\x4d\x96\xd9\x4c\x5d\x15\x90\
\x4d\xd2\x70\x85\x5c\x6e\x72\xe7\xd3\x51\xed\x88\x5e\xde\xa8\xa8\
\xba\xd8\x5e\x2f\x2a\x71\xbe\xd3\xd4\x10\x17\x2e\x23\xba\xa8\x95\
\x36\x4f\x10\xae\xbc\xb9\xb2\xe2\xfa\x38\x3b\xf3\x4c\x34\x87\xcf\
\x30\x0d\x8e\x38\x07\x4a\x56\x1a\xe3\x14\x9d\x00\xe9\x07\x3a\x10\
\x09\x25\x39\xba\x80\x0d\x92\x0e\xee\x23\x55\xcb\x8d\x05\x89\x45\
\x65\x85\x9f\x98\x23\x12\x8d\xbc\x93\xb9\xca\xbb\x7b\x37\x0a\x7d\
\x9f\xcd\xef\x49\x8b\x98\x2a\x3e\x7c\x28\x47\x8b\x5f\x88\x0d\x0e\
\x5e\xd6\x66\x3c\x1c\x9c\xba\x4e\x83\x7d\x66\xf2\x50\x71\xe5\xe8\
\xc4\x76\xb7\xd0\x3d\xd3\xdd\xaa\x51\xa9\x2e\x86\x2d\xd7\x8e\x26\
\xc5\x51\x8e\x40\x4e\xe5\xcd\xd2\x2c\x82\xe4\x2f\xf5\x2b\x7e\x86\
\x1d\xcb\xbb\x4b\x27\xa6\x1d\x92\x4b\x7e\xa7\x8b\xbf\x3f\x31\xfa\
\x26\x2f\x7c\xe0\x13\xea\x29\x20\xb4\x3b\xa8\x6f\x51\x8d\x34\xb7\
\x56\x17\xac\x93\x75\x84\xa1\x8f\x03\x54\x18\x86\x0b\x74\xc1\x16\
\xee\x93\x74\xe1\x8a\x69\xd7\x22\x70\x0f\x3a\x74\xed\xea\x71\x4f\
\x15\xaa\xe7\xe6\xb9\x25\x9e\x6c\x5b\x8a\x58\x08\xdd\xc0\x55\xdb\
\x62\x43\x42\xbb\x55\xa9\x31\xc9\xe5\x08\x5b\x3d\x26\x14\x19\x95\
\x31\xcb\xbb\x30\x7a\x49\xfc\x5d\x75\x69\x3c\x1e\x6f\xb5\x34\x20\
\xd0\x6a\xd1\xd4\xaa\xe2\xf4\xe8\x59\x48\x9d\xa9\xb8\x61\x26\x25\
\xba\x74\xbf\xab\x04\x46\xde\xc0\x97\x36\xce\x0a\x72\xe1\x16\xf3\
\x26\xbf\x98\x3f\xa7\xcf\xd7\xb7\xd9\x5b\xec\x36\xec\xb3\xe5\x54\
\xd5\x48\x50\x85\xfa\x0f\x08\x50\xe7\x9b\x99\x7b\xbc\xd6\x53\xe0\
\x86\x4d\x43\x4b\x18\xb6\xab\x3f\x02\xfc\xdd\x15\x44\x9e\x55\xc2\
\x82\x22\x61\xb0\x3d\x84\x89\x47\x6b\x45\xff\x96\x65\x64\x71\x76\
\x56\x4e\xc8\xb2\x39\x21\x02\x57\x6d\x0f\x47\x31\x69\x1a\x83\x1d\
\x63\xb7\x7d\x50\xd3\x37\x48\x1f\x5f\x32\x76\xda\x5f\xb4\x43\xe0\
\x7d\x27\xae\x4e\x7e\x4a\x65\x3b\x00\xda\x90\xa0\xcf\x6c\xdb\xe2\
\x3a\x8c\x02\x94\x1f\x03\x8c\x51\xa3\x1d\x4a\x47\x29\x5d\x2d\x5e\
\x2b\xe7\xab\x80\x21\x6d\x76\xaf\x40\xc4\x1d\xf9\x09\xcf\x70\xab\
\xe1\xf3\x5b\x9b\xd2\xb3\x45\x81\x29\xd1\x29\x23\x67\xf2\xc2\x74\
\xce\x11\x38\xe0\x97\x07\x32\xaf\xef\xa2\x9a\x7d\x0c\x4a\x36\x43\
\x16\xe6\xca\x83\xd5\xbd\x24\x91\x3a\xca\x2a\x3a\xeb\x38\x0b\x85\
\xa7\x2d\x02\xf1\xde\xe9\x26\xc0\x2c\xec\xd8\x81\x52\x17\x0b\x9c\
\x40\xa7\xbd\xef\x1c\x4e\xa5\x4a\xe1\x0f\x95\x95\x6a\x85\x3b\x43\
\xe6\x2b\x47\x35\x77\x0d\x56\xdb\xcb\x25\xab\xce\x6e\xd5\x72\xb0\
\x38\x58\xbd\x1c\x54\x2a\x57\x8c\xba\x48\x51\x33\xdd\xac\x54\x44\
\x3a\xd5\x4d\x86\xeb\x88\x6b\xe1\xeb\xcb\x3d\x09\x3f\x60\x88\xc6\
\x3b\xad\x2a\x59\xa8\x1f\x00\xd6\x0e\x60\x44\x3b\xf1\xd5\xe3\x0c\
\xc9\xd6\x7c\x76\x5c\xce\xf5\x8a\xe9\x8c\x95\xb3\x28\x41\xdf\x89\
\x0e\x7c\xbc\xa6\xa3\xc3\xa5\x88\xa3\xa8\xc2\x77\xa6\xf8\xac\x9d\
\xaf\xeb\x52\x40\x87\xca\x3d\x2c\x9b\x97\x73\x77\x25\x7e\xfa\x81\
\x45\xfc\x47\xe0\x3f\xbd\x3d\xf1\x80\x1f\xb3\x06\x3c\xa6\xdf\xd0\
\x52\xf9\x18\xba\x80\x4d\x33\x6f\x4f\xce\x4e\xbe\x9c\xf6\x93\x34\
\xab\xeb\x0c\x9b\x1d\x79\x15\x73\xe6\x05\xf4\xbc\xf3\xfe\x7e\x19\
\xbd\xfd\xb2\x38\xbf\x72\x48\x15\x5d\x4b\x01\xee\x0f\x9c\xba\xbc\
\xd9\x3b\x40\x6a\xb9\x7e\x2e\xd5\x3f\x89\x92\xc3\x46\x71\x5a\x4d\
\xb8\xf4\xa0\x75\x2c\x76\xe2\xe4\xaa\xcb\x5b\xbd\xe3\x35\x06\xc4\
\xce\x6a\xc1\x4e\x50\x7a\x4d\xf0\x95\x4c\x66\xab\x65\x51\xe6\x8f\
\x1f\x72\x32\xe5\x06\xa7\x3c\xe5\xb6\xe1\xb4\xf3\x6c\x91\xb1\xe4\
\x70\xea\x87\x1d\xf4\x0d\xf8\x37\xd7\x4a\x83\xe0\x78\xc3\xac\x21\
\xa1\xfd\xbc\x15\x0e\x92\xa6\xda\x18\xc4\xdd\x56\x42\x6c\x10\x6c\
\x74\xb7\x5e\x6c\x83\xf8\xdb\x4a\x42\x0d\x82\x47\xf0\xc6\x98\x4d\
\xd9\x7d\xea\xea\xc8\x8d\x59\x66\x45\x79\xb5\x71\xe8\xe0\x68\xe3\
\xea\x26\xfb\x3f\x86\x99\xde\x2a\x88\x53\xd0\xe3\x96\x8b\xcb\xe2\
\x0b\x22\x15\x7f\xda\xe8\x56\xb4\x31\x20\x23\x15\xa9\x4a\x43\x54\
\x99\x47\x69\x34\x05\x43\xf3\x28\x85\x56\x9d\x99\xc4\xfa\xc6\xac\
\x44\xee\x9e\xf6\xc8\xf5\xc8\xd9\xaa\xdf\xba\x4c\x5e\x02\x00\x79\
\x31\xc5\xbb\xb9\xf9\x40\x6e\x3e\xfd\xee\x64\xeb\xb8\xcb\xc2\xca\
\x0e\xbd\x02\x39\xc9\x31\x55\xc5\xfd\x0e\x7e\x2d\x34\xe7\x8e\xf4\
\x4a\xd0\x3d\x5b\xad\x68\x84\xb9\xe7\xd0\x48\xd3\x0b\x4e\xc3\x9f\
\xb0\x16\x37\x61\x73\xfb\x1d\x2e\x9b\x3e\xc6\xfa\x8e\x5d\x24\x6a\
\xb9\xa1\xc5\x3d\xd6\xf3\x8a\x56\x53\x01\x0d\x16\x02\x7b\x1b\x20\
\xa8\x67\xc5\xa7\x74\xc1\x59\xc9\xb1\x5b\x1c\xe0\x2d\x95\xeb\xe0\
\xd8\x36\x13\xc9\x5d\x1b\xdc\xa7\x63\x6e\x3e\x73\xde\xa8\x8d\x6f\
\xa5\xcb\xf0\x73\x6f\xb5\x80\xaa\xec\xa4\x78\x51\xde\xf0\x16\xe7\
\xc0\x1d\x6d\xd8\x7e\x42\x31\x05\xff\x43\xb2\x29\x37\x12\xb3\x97\
\x4d\xb4\xdf\x91\x13\x42\x26\xee\x06\x24\xea\x5b\xa7\xca\x4e\x86\
\x8c\x36\x43\xea\x93\x7c\x8b\x25\xb3\xcd\x52\x87\x06\xa5\xc5\x94\
\xd5\x1f\xbd\xff\x00\x0c\xdf\xd1\x37\
\x00\x00\x05\x2b\
\x00\
\x00\x23\x53\x78\x9c\xcd\x59\x5b\x6f\xdb\x36\x14\x7e\x8e\x7e\x05\
\x61\xbf\x6c\x41\x34\x47\x72\xea\xb6\x32\x52\x20\x49\xb1\x75\x40\
\x8b\xc1\x73\x87\x3d\x04\x7d\xa0\x44\xda\x26\x22\x8b\x1a\x49\xbb\
\xc9\x86\xfe\xf7\x92\x92\x25\x4b\x16\x75\xb5\x54\xcc\x84\x01\x59\
\xe6\xb9\x9f\xf3\xf1\x90\x9c\x5c\x1a\xe0\x12\xfc\xea\xef\x70\x20\
\xfe\xfa\xdd\x7c\x0f\xd9\x13\xe0\xe2\xc5\xc7\x80\x6f\x30\x16\x60\
\x45\x19\xb8\x43\x7b\x18\x78\x18\x81\xf7\xd4\x7b\x22\xc1\x1a\x2c\
\x5f\xb8\xc0\x5b\x49\x38\x31\x8c\xc9\x65\x9f\x1f\xa5\xcc\x83\x12\
\xf3\x40\x03\x01\x49\x80\xd9\xdf\x04\xad\xb1\x90\xef\xfb\xfc\x4c\
\x0c\x88\xb8\x69\xea\x24\x81\xff\x8c\x0b\x17\x7a\x4f\x6b\x46\x77\
\x01\x72\xc0\xd8\xba\x51\x63\x6e\x7c\x33\x06\x33\x76\x19\xfa\x44\
\x08\xcc\x7e\x9c\x95\xef\x16\x89\x4c\x65\x6f\x08\x11\x92\x71\x75\
\x80\x05\xae\xd5\x37\x32\xf6\x48\x9b\x4c\x75\x9c\x0d\x0c\x90\x4c\
\x8d\x9c\x8b\x4c\x8f\xfa\x94\x49\x47\xcd\x5c\x35\x06\x75\xd4\x1d\
\xc3\x70\xf0\x84\x38\x0a\xa9\xca\x85\xfc\xfc\xcf\x44\xf8\xf8\x1e\
\xb2\x53\x0a\xc1\x60\xc0\x43\xc8\x64\x75\xcd\xe5\x3f\x94\x21\xcc\
\x4c\x97\x0a\x41\xb7\x0e\xb0\xc3\x67\xc0\xa9\x4f\x10\x18\xbf\x7a\
\xad\xc6\x3c\x0d\x45\x3a\xe7\x3a\x7c\xd6\x88\x8b\xd5\x7b\x5c\x51\
\x6f\xc7\x31\xba\x1d\x09\xb6\xc3\xa3\x2f\xa0\x42\xa7\x52\xc9\x37\
\xaf\xdf\xe2\xd5\xab\x8c\x8c\x84\xec\x7e\x27\xe7\x06\xb9\xf4\x90\
\xca\xa4\x0a\x8d\x05\x74\xf9\x27\x1c\xec\xe2\x79\x8e\xb3\x95\xcf\
\x26\x09\x10\xf1\xa0\xa0\x91\x50\xb2\x85\x6b\xec\x80\x80\x06\x58\
\x47\xa2\xa6\xfc\x13\x32\x1a\x62\x26\x5e\x4c\xe2\x49\x26\x60\xc7\
\xfc\x9f\x9c\x89\x54\x64\x12\x11\xf3\x89\x22\x31\x23\xd6\x6e\x44\
\x24\x25\xec\xe5\xfc\x5f\xf8\x7e\xfd\xf3\xfc\x94\x7e\x49\xfe\x95\
\xf2\xac\xd9\xa9\x8a\xc5\x38\xae\xd4\x90\xf4\x49\xee\xae\xa0\x1a\
\x8a\x2a\x25\x72\x1c\x22\x41\xce\xe1\xd8\xc7\x9e\x90\xe0\x77\xca\
\x23\x71\x9c\x86\x87\x31\x46\x87\x18\x3c\xf8\x94\xe3\x16\xe6\x7a\
\x6a\xbe\xc6\xd4\x2b\xe3\xe2\xa2\x7a\x32\x22\x1c\xba\x3e\x46\xd1\
\x74\x90\xfc\xaa\x75\x11\xc2\x02\x7a\x9b\xdf\xa4\x51\x61\x0b\x35\
\x63\xaa\xa6\x7a\xe6\x67\x77\x53\x74\x28\x44\x89\x2b\xe9\x33\x74\
\x07\x04\x94\x54\x46\x29\x9e\x24\xf5\x79\x0a\xa5\xc9\xfb\x68\x45\
\x76\xe2\x92\x3d\xbe\xfd\x4a\x90\xd8\x38\x0a\xb2\x55\x5d\x2a\xd8\
\xce\x94\x6a\x5c\xa8\xa5\x4e\x3d\x7a\x56\xa3\xe7\x23\xf4\x04\xd9\
\x63\xf9\x94\x42\x4b\x59\x05\xe9\x19\x80\xc5\x47\xe8\x62\x5f\x51\
\x25\x26\xa1\x99\x1a\x2d\x24\x16\x59\x64\x0a\x4c\xc3\xc2\xd9\xd0\
\x3d\x2e\x00\xf0\xd8\xf2\xd4\xa8\x21\xaa\x54\x57\x21\xc2\x49\x1d\
\x6f\x21\x5b\x93\xc0\x14\x34\x8c\xb0\x74\x9e\x97\x19\x03\xde\x21\
\x4a\xe9\xcf\x1c\x8a\x9a\xb6\x26\x3a\xff\x07\x3c\xc8\xdb\x5a\xe2\
\x53\xfb\x46\x0d\x2d\x41\xc8\x30\xe7\x1a\xb4\xb4\xb1\x1a\x11\xc9\
\x44\xf6\x9b\x6a\xe1\x02\x0c\xfb\x50\x21\xab\xca\x6e\xd5\x56\xea\
\x8b\xa6\xb0\xca\x95\x02\xf1\x49\x11\x15\x56\xb6\x4a\xb6\x25\xa6\
\xce\x6c\xe8\xb6\x60\x52\x6a\xfe\x9b\x37\x6f\x11\x6e\xca\xe6\x9d\
\x26\xe5\xda\xa5\xca\x81\x61\x14\xfc\x8e\x42\xcb\x62\x7f\x96\x25\
\xa5\x0e\xb2\xdc\x99\xe7\x4e\x9b\xb2\xad\x06\x87\x61\xd7\x8a\xc1\
\x17\x8a\xf2\x6e\xe5\x9c\x55\xe2\xb0\x46\x1c\x9a\xfb\xc5\xd2\x63\
\xd4\xf7\x55\x8b\x12\xf5\x2a\xb1\xe4\xe3\xcb\xd3\xb6\xaf\x00\x67\
\x03\xb9\xf9\x6e\x27\xe8\x07\x82\xf0\x70\x0b\x72\x46\x42\xb1\xac\
\x0a\xeb\xa3\x0e\xd7\x13\xf7\x43\xa4\x46\x29\xd0\x9b\x3e\x5e\x89\
\x64\x79\x48\xde\x31\xb2\xde\x88\xc4\xa3\x02\x3f\x0b\x13\xfa\x64\
\x2d\xcb\xd9\x93\x3b\x04\xcc\xe4\xcb\xad\x5c\x57\x36\x38\x9e\x66\
\x5f\xe7\x88\x33\xdd\x7b\xa6\x50\x32\x06\x1d\x4b\xb6\x14\x03\x33\
\xb3\x1f\x95\xc5\x7f\x04\xfe\xcb\xed\x68\x05\x7d\x2e\xcb\xea\x91\
\xcb\x7f\x64\xeb\xff\x91\xca\x1e\x9e\xd0\xe0\x76\x74\x3d\xfa\x72\
\xd5\x8d\xd2\x3e\x20\x75\x9c\x84\xd1\x4a\x39\x3b\xee\x3a\x32\x7b\
\xc5\x4e\xdc\xad\xce\x7a\x4d\x73\x7a\x25\x2e\x6d\xa8\x5a\xec\xe0\
\xee\x8e\x6b\x4e\x6f\x77\x36\x50\x4a\x2e\x76\x53\xdd\x83\x58\xd2\
\x0b\xea\xc3\x5a\x95\x6e\xcd\x6d\xd7\x07\xb7\x39\xfd\xb4\xb3\xbd\
\x56\x8f\xbe\x9b\xd6\xf8\x4e\x93\x7a\x19\xf7\x4d\x62\x40\x54\x32\
\xc1\x46\xb2\x06\x6a\x5b\x0a\xbe\x12\xb1\x01\x4a\x36\xa0\x52\xb8\
\x01\x74\xa8\x96\xd1\x2d\x96\xa9\x4d\x91\xf3\x6b\xb3\x8c\xb9\x95\
\x63\x1e\x83\x60\x7f\xdc\xf3\xb0\x72\x80\xd3\xfe\xd8\xb7\x41\x87\
\x26\x21\x02\x51\xd2\xea\x03\x55\x48\xe8\x8a\x70\x55\xe7\x60\x05\
\xe1\x70\xe5\x5b\x11\xff\x6e\xda\x6a\x8b\xaf\x2a\x95\x7a\x51\xb7\
\x16\x68\x2b\x08\x2b\xd5\x2d\xe6\x66\x2f\xfa\xd6\x82\x5b\x05\xe1\
\x19\x78\x34\x64\xb3\xb7\x8c\x55\x1d\xb8\xe1\x3b\x48\xa9\x3b\x83\
\x49\xdb\xb8\x63\x67\xc8\x43\xe8\xc5\xc7\xe3\x76\xbc\xe7\xe5\xb1\
\xd3\x79\xcd\xd5\x41\xee\xf0\xb7\x10\xf4\x83\x3e\x75\xe8\x9c\x84\
\xc5\x6a\x80\x71\xa5\x2c\x2d\x5d\x66\x9e\xc5\xd1\xd6\x94\xe6\x59\
\x0c\xa7\x45\x64\xd2\xf3\x1b\x32\x13\x73\x37\x25\x03\xe7\x63\x4e\
\x56\xfd\x4d\x83\x9e\xac\xd9\x2d\xc4\xf1\x88\xa4\x6e\x4f\xd7\x5c\
\x56\xfb\x2b\x88\x4e\x0a\x8d\x61\x02\x72\x8a\x55\xba\xeb\xcf\xef\
\xb1\x6e\x22\xda\x1f\x74\x12\xa0\x77\x8e\x50\xea\xb9\xd2\xd2\xf8\
\x00\x86\xf7\x9e\x3c\xe9\x95\x42\x22\xbf\xc5\xd1\xd0\x9e\x9b\xa1\
\xdc\x56\x36\x3c\x46\xcc\xcf\xee\x76\x8e\x58\x95\x47\xfd\x59\x22\
\x1f\x03\x8c\x72\x87\x5d\xbd\x28\xf6\x89\x04\x64\x2b\xe9\x5a\x28\
\xb6\x3d\x90\xe8\x0e\xe0\x7a\xd1\x69\x80\xe3\xc0\xaa\x32\xcf\xdf\
\x02\x36\x3d\x1c\x6d\xc1\xb1\xc1\x49\xe9\x10\xd5\xfb\x27\xe6\xd2\
\xf9\x1f\xa2\x7b\xec\x81\x00\x3e\x2b\xa2\x23\xae\xeb\x9b\x82\x12\
\xf6\xb5\x2b\x66\x2b\x41\x56\x9d\xa0\xe6\x6b\x7d\x8d\x24\xbb\x4e\
\x52\x8b\x3e\xa5\x46\xd4\xf4\x0c\xef\x2d\xee\x5c\x2e\x3b\x39\x4f\
\x2c\x25\xdc\xdc\xd3\xe7\x2b\x63\xf1\x40\xb7\x2e\x95\x8f\xb9\xf3\
\xe7\xe8\xa3\x28\xbe\x03\x5d\xe0\xc4\x6f\
\x00\x00\x06\x48\
\x00\
\x00\x2a\x27\x78\x9c\xd5\x5a\xdb\x6e\xe3\x36\x10\x7d\x76\x80\xfc\
\x03\x91\x7d\x49\x02\x6b\x1d\x3b\x17\xb4\x2a\x52\x60\x37\x8b\xee\
\x16\xd8\x45\x9b\x26\x40\x1f\x82\x7d\xa0\x25\xda\x26\x42\x8b\x0e\
\x45\xc5\x49\x8b\xfe\x7b\x87\xa2\x68\x89\xb2\x28\xc9\x8e\xe5\xa2\
\xca\xcd\x31\x35\x73\x66\x86\x33\x87\x23\xd2\x83\xd3\xc3\x03\x74\
\x8a\x3e\x91\x09\x4e\x98\x44\xb1\x7c\x65\x04\xc5\x33\x42\x24\xe2\
\x11\xfa\x4a\xa3\xe4\x05\xfd\xce\xb0\x9c\x70\x31\x8f\xd5\xad\x83\
\xc3\x83\xc3\x83\xc1\xe9\x2e\xaf\xd4\x82\x9b\x4f\x3c\x78\xbc\xe1\
\x91\xc4\x34\x22\xe2\x4f\x1a\x4e\x89\x54\x03\xbb\xbc\xc0\x76\x1c\
\xc6\x9e\x57\x85\x85\xfe\x06\x34\xb8\xc6\x38\x78\x9c\x0a\x9e\x44\
\xa1\x8f\x16\x98\x11\x29\xc9\xf1\x92\x46\x21\x5f\x9e\xfc\x74\x78\
\xf0\x8f\xf2\xbe\x3b\xff\xef\x16\x8c\x02\xa0\xd8\xab\xe3\x3f\xa3\
\x5b\x83\x9b\xc5\x60\x81\xc3\x90\x46\x53\x1f\x0d\xd1\x99\xfa\x31\
\x8e\xbb\x75\xe4\x23\x46\x95\xef\xcf\x70\x14\x42\x32\xd5\xc4\x35\
\xc4\xe2\x71\x0f\x51\xfd\x20\x08\xde\x43\x42\xe5\x30\x1b\xe4\x52\
\xa5\xf8\x3b\x89\xc7\xf1\x37\x12\x25\x1f\x13\x29\x79\xe4\xfb\x73\
\x78\xed\x81\x20\x0d\xb0\xe4\xc2\xa8\xa7\x73\x3c\x25\x3e\x8a\x78\
\x44\xf2\x20\x6a\x85\xf7\x54\x32\xf2\x11\x0b\xad\xc0\x08\x58\x73\
\x7b\xb6\x78\x51\x3f\xb9\x64\x09\xb5\x28\xf4\xb4\x10\x7c\x41\x84\
\x7c\xf5\x68\x00\xf6\xa0\x44\xb0\x63\x7f\x00\x50\x83\xd4\x86\x78\
\xa0\x44\xbd\xd4\xca\x71\x2a\xfc\x3e\x7e\x9e\x2a\x1f\xab\x15\xdc\
\xd1\xbf\xc0\xee\xe1\x95\x85\x1e\x66\x31\xb8\x61\x3c\x26\x5b\x98\
\x10\x28\xb9\x22\x7c\x3f\x17\x36\x57\xad\x90\x17\xd2\x18\x8f\x19\
\x09\x53\x69\x64\xfe\xdb\xd0\x0b\x22\x71\x30\xfb\x0c\x93\xbe\xd8\
\xc2\x07\x2d\xbd\xa9\x13\x96\xd4\x2e\xbc\xe8\xaa\x10\x75\x7a\xdf\
\xe3\x31\x02\x6a\x40\x69\xec\x91\xb6\x3a\x5d\x78\x20\x2d\x3b\x2d\
\xd0\x1c\x1e\xe6\xa4\x57\x5f\x9c\xbd\x31\x17\x21\x11\x5e\xc0\x19\
\x17\xf9\x0d\x8c\x4e\x67\xb2\x38\x9e\x2e\x98\x3e\x8a\x39\xa3\x61\
\xe1\xed\x25\x0d\xe5\xcc\x57\xec\xa9\xaa\x2c\x65\xd0\x5e\x5e\x79\
\x76\xdd\x55\x18\xf8\x80\x03\x49\x9f\x09\xbc\xba\x3e\x92\x22\x21\
\x47\xdf\xd7\x4c\x7e\x82\x70\x11\x2c\xa6\x02\x87\x94\x44\xf2\x38\
\x5e\x40\xed\x84\x48\x99\x1a\xf6\xd1\xcb\x10\x5e\x9d\xf5\xd1\x6b\
\xf6\xf7\x65\x94\xfd\x9f\xfe\x7d\x7f\xd9\x87\x80\xf3\x85\x7a\x0d\
\x6a\x7b\x25\xf7\xf5\xa0\x3f\x2c\x79\x9d\xba\x3d\x38\xad\x8a\xdb\
\x0c\x6e\xc8\x42\xa3\x42\xee\x76\x0c\xdd\x7e\xc5\x63\xc2\x52\x6f\
\x4a\xa1\x2d\x2d\x06\xed\xa2\xe2\x56\x07\x0d\x0b\xd1\x66\x9e\xd8\
\x14\xe7\xe0\x97\x39\xc4\x92\x46\x9e\x72\x1c\x8d\xd2\xe9\x31\x23\
\x45\x87\x33\xae\x5d\x0d\xa5\xb3\xbd\xf6\xb6\xc5\xb1\x9e\xad\xed\
\xff\xc0\x63\xa5\x30\xf9\x33\xfe\x4c\x44\x31\x58\xc6\x6f\x95\xdd\
\x69\xea\x23\x31\x1d\xe3\x63\x48\x30\xfd\x7d\x3e\x3a\x71\x04\xd0\
\xbe\x6f\x78\x75\xe2\xc2\x84\x74\x8e\x63\x12\x5a\xa8\x4e\x3d\x1a\
\x6f\x2f\xec\xb5\x07\x86\x72\xd2\xd3\x1a\xfb\xbc\x8d\x9d\x32\x6e\
\xca\xfb\xbb\xc3\x83\xdb\xbb\x40\x70\xc6\xd4\x3a\x9c\x2e\xc8\xda\
\xa0\xfc\xcd\xd4\xb4\x62\x7a\xe7\x5a\xcb\x8d\x48\x07\xd3\xf0\x0b\
\xe3\x58\x02\x32\x5a\xea\x38\x75\xbd\x68\x18\xbc\x8c\x81\xb2\x9e\
\xaa\xae\xbb\x9b\xd3\x70\x35\x09\x76\xa5\xcd\xf1\x0b\x9d\x43\xa5\
\xfd\x5a\x5d\xf5\x66\xb8\xa2\x7f\xca\x75\x44\xf0\x10\x86\x99\x43\
\x03\xd4\x0b\xf4\x86\x65\x05\x86\xf8\x26\x99\x2b\xa9\x13\x85\x3a\
\xeb\x23\x7b\xe8\x5b\x66\x87\x45\x90\x35\x7c\x51\x49\x82\x9a\x4b\
\x7d\x74\x6e\xb5\x46\x2e\x13\x2a\x41\xda\x10\xe3\x8a\x3a\x5c\x9a\
\x6d\xe2\x72\xd3\xc7\xe8\xc2\xc4\xba\x2a\x95\xdd\xea\x4b\x1c\xe5\
\x06\xb8\xf8\xa1\x53\x7e\x4a\x8b\xe3\x4e\x17\x03\xe2\x13\x84\x13\
\xc9\xd1\x8c\x86\x04\x4d\x92\x08\xd6\x4c\x1e\x61\x78\x28\x7b\x35\
\xb7\xee\xf2\x1a\x74\xc7\xb9\x1f\xc0\x8b\x2f\xe0\x04\xac\xf7\x9d\
\x55\x78\x01\xc3\xdd\xa8\xe7\x09\xaf\xb3\x7e\x70\x8a\xe4\x8c\xc6\
\x08\xbe\xf9\x42\x47\x17\xd1\x08\x05\x18\xda\xd9\x57\x9e\xa0\x25\
\x4f\x58\x88\x18\x7d\x24\x08\xe6\x21\x80\xe7\xe0\x29\x41\x4a\x11\
\x8a\x41\x93\x02\x7f\x73\x6b\xe1\x31\x32\x91\xe5\x46\xc5\x8c\x09\
\xc5\x40\x86\x9d\xcd\xa0\x24\x2f\xd2\x83\x34\x98\x42\x69\x05\xd0\
\x30\x12\x51\x18\x9c\x43\xe7\x33\x23\x5a\x6c\x74\x56\xa9\x74\xcc\
\x21\xe5\xe7\x06\xd2\x6a\xd2\x0a\x41\xd4\x15\x77\x78\x50\x88\x65\
\x69\x8d\x2a\xb4\x8a\x6e\x35\x0f\x2a\x5a\xbf\x45\xec\xf5\xfa\x68\
\x82\x59\x0c\x9d\xde\x43\x0c\x23\x40\xbe\x5f\x39\x3c\x02\x43\xc8\
\xaf\x8f\xce\x8e\xbe\xf7\xb7\x14\x1d\x41\xe7\xb8\xde\xce\xe8\xde\
\xef\xca\xd1\xd2\x58\x25\xbc\x15\xea\x70\x7b\x83\xcf\xf5\x03\x40\
\xc9\x5e\x33\x25\xad\x4c\x76\x4e\xd6\x1b\x62\xdd\x5e\xc1\x68\x7b\
\xdf\x01\x7b\xbd\xf1\x7f\xc3\xcc\x57\x3c\x45\x34\xe7\xc2\x46\xd9\
\xdb\x3e\x2c\x8e\x94\x68\xaf\xe0\x7c\xfb\x50\x0c\x77\x19\xd7\xf3\
\xca\xb8\xb6\x49\xd9\xba\xc8\x0e\xb2\xa5\xe0\xc3\x6a\x3d\x53\xfb\
\x4c\xd0\xfd\xc9\x99\xe6\x53\x0e\x56\x65\x9b\xd2\x75\x66\x6b\x73\
\x2a\x53\xeb\x0d\x34\xb0\x0d\xe2\xb0\x12\x51\x93\x79\x47\x90\xa3\
\x4a\xc8\x6c\x8d\xe8\x08\x73\x07\x7c\xd5\x6a\xee\x51\xb6\xdc\x54\
\x67\xc0\x5a\x19\xd5\xe4\x41\x43\xe2\xd7\x48\xb6\xca\xfb\xd6\x74\
\xb2\xbd\x13\xcd\xcb\x4b\x8d\x64\x2b\x27\xca\x69\xda\x85\x17\xcd\
\x0b\x45\x8d\x64\x2b\x2f\xd6\x32\xbf\x0b\x37\x9a\x79\xb9\x46\xb2\
\x1b\x26\xdd\xe1\x65\xf7\xe7\x77\xda\x85\xce\x7b\xf4\x0c\xc7\xb1\
\x21\xb4\xbe\x85\xdb\xd0\x49\xe7\x3d\x7e\xbc\xc0\x81\x3e\xee\x1a\
\xad\x9e\xf9\x62\x3d\x61\xb1\xe3\x94\xb0\x8c\x2e\x05\x8e\x40\x8d\
\x80\xc6\xda\xd5\x18\x64\xe6\xb7\x5d\x85\xcc\xfc\x0e\xd7\xe6\xd7\
\xda\x28\x6d\x89\x51\xbd\xee\x64\xa5\xb0\x1b\x88\xea\x75\x46\x73\
\xc6\x6e\x10\xaa\x57\x95\x94\x5a\x1b\x00\xba\x2d\x00\xeb\x40\xb4\
\xf3\x32\xb0\xd0\x5c\xf9\xe8\x3c\xb9\xae\xd3\x65\x9f\x45\x96\xb7\
\xbb\x5c\x10\x16\xdd\x98\x1b\x4b\x5b\x84\x8e\x52\x5c\xcd\x4d\x1a\
\xcf\xfb\xec\x99\x5a\x90\xa7\x84\x0a\x12\xa2\x31\x09\x70\x02\xcf\
\xd4\x72\x46\x4a\xb6\xe9\x62\x7c\x98\xf0\x00\xc6\xc3\x15\x4b\x2e\
\x29\x63\xa9\x2a\xc5\xd2\x4b\x41\x65\x51\x76\x23\x9f\x45\xc2\x48\
\x65\x5b\x51\x27\xed\xb0\xea\xbf\x0a\xeb\x3b\x6c\x16\x1e\x05\xb9\
\x3a\x28\x29\xe9\xca\x2a\xf4\xc2\x52\xe8\xda\x57\xde\x77\x31\x21\
\xa9\x4c\x1f\x43\xb4\xf4\xb6\x5f\xdc\x41\x75\xad\x0e\x9e\x8d\x05\
\xf9\xae\x64\xaf\x71\x4f\xf2\x39\xf6\x16\x34\x2a\x9d\xd6\xf4\x7a\
\xf5\xf7\xb9\x0f\x68\x7a\x4d\x27\x33\x75\xc9\x58\xe3\xc8\xfa\x9a\
\xd7\xc6\x1f\xf5\x32\x22\xa1\x97\x25\xf4\xe6\x67\xfa\xad\xac\xfd\
\x46\xa3\xd2\x8e\x73\x73\xd8\xe7\x99\x8c\x31\xb4\x64\xa1\x3b\x8c\
\xbd\xcd\x6c\x2b\x6c\xf6\x6e\xfb\x51\x04\xcb\xb6\x0d\x68\xd8\xfe\
\x04\x47\xc5\x11\x5c\x79\xb3\x79\x74\x79\xd9\x47\xf9\x2f\xfd\x30\
\x55\xc7\x10\x1b\xdb\xd0\xe6\x48\xae\x64\xc5\x8f\x57\x4d\x56\xec\
\x8f\x4b\xee\x0d\x97\xa8\x0f\x1f\x7c\xec\x8c\x4f\xba\x72\xea\x0f\
\xa2\x76\x8f\xbf\xa4\x1f\xaa\xea\xac\xc9\x28\x82\x6c\xf4\x89\xb8\
\x9a\x64\xaa\xee\x78\x6b\xf0\xda\xf7\x75\x1b\xa1\x0e\xdb\xa0\x6e\
\xd1\xaf\x36\xc0\x8e\xda\xc0\x6e\xd3\x89\x37\xe0\x9e\xef\x2a\xc8\
\xea\xeb\x5f\x60\xc5\xfa\x68\
\x00\x00\x05\xb5\
\x00\
\x00\x25\x88\x78\x9c\xd5\x5a\x4b\x6f\xdb\x38\x10\x3e\xdb\x80\xff\
\x03\x91\x5c\x92\xc0\xaa\x5f\x4d\xb0\xab\x45\x16\x48\x5a\x60\x7b\
\x68\xb1\x9b\x4d\x80\x1e\x82\x1e\x68\x89\xb6\x88\xc8\xa2\x42\x52\
\x71\xdc\xc5\xfe\xf7\x1d\x92\x92\x25\xd9\x7a\xf9\x21\x03\xab\xe6\
\xe1\x48\x9a\x99\x6f\x86\xc3\x6f\x46\xa3\x0e\xae\x7a\x5d\x74\x85\
\x3e\x93\x19\x8e\x7c\x89\x84\x5c\xf9\x04\x09\x8f\x10\x89\x58\x80\
\xbe\xd3\xc0\x65\x4b\x81\xfe\xf2\xb1\x9c\x31\xbe\x10\xea\xe6\x01\
\xfc\xe8\x75\x07\x57\xc7\x3c\x34\x88\x4f\x9f\x99\xf3\xf2\x89\x05\
\x12\xd3\x80\xf0\xef\xd4\x9d\x13\xa9\x2e\x1c\xf3\x00\xf0\xd8\x15\
\x96\x55\x64\x0b\xfd\xd3\xeb\x76\xa6\xd8\x79\x99\x73\x16\x05\xae\
\x8d\x42\xec\x13\x29\xc9\xc5\x52\x87\xe1\xf2\xb7\x5e\xf7\xdf\x5e\
\x57\xfd\x6b\xcb\xf9\xc7\xd0\xa7\x60\x90\x9f\xd4\xeb\xdf\xd1\x43\
\x62\x57\x47\x20\xc4\xae\x4b\x83\xb9\x8d\x46\x68\xa8\xbe\x13\xb7\
\xcb\x35\xa4\x57\x12\x45\xb6\xed\xe1\xc0\x85\x54\x02\x85\x08\x8e\
\xa2\xa8\xba\x98\xbf\x9c\x20\xa6\x77\x9c\xe0\x13\xe4\x52\x6a\xa6\
\xca\xe7\x8d\x4c\x32\xe2\x4f\x54\xfa\xe4\x1e\xf3\xfb\x48\x4a\xd8\
\x74\xb1\xb8\x3a\xd6\x4b\x31\x0c\xdf\xd5\x77\x1a\xad\x73\x89\xa7\
\xe2\x1b\x09\x22\x23\x64\xdb\x0b\xf8\x6c\x81\x76\xea\x60\xc9\x78\
\x56\x09\x5d\xe0\x39\xb1\x51\xc0\x02\x92\xc8\x6f\x48\x67\xef\x7e\
\x0d\x39\x0b\x09\x97\x2b\x8b\x3a\xa0\x17\x45\xdc\xbf\xb0\x07\x00\
\x74\xa0\xf5\x88\x81\x12\xb5\xb4\xb5\xa9\x16\xfe\x20\xde\xe6\xca\
\xa1\x62\x05\x8f\xf4\x27\xd8\x1e\xdd\xa4\xd8\xcf\xdd\x38\x5a\x9f\
\x7c\x26\xc8\x1e\x00\x1c\x25\x97\x35\xde\x4f\x85\x93\xa3\x52\xc8\
\x72\xa9\xc0\x53\x9f\xb8\x5a\x1a\x25\x7f\xed\xe4\x03\x91\xd8\xf1\
\xfe\x80\xd5\x0d\xf7\xf0\xc0\x48\xef\xea\x42\x4e\xea\x70\x1f\xda\
\xdc\x73\x66\x23\x3c\xe1\x29\x02\x16\x40\x3a\xf6\xc8\xe0\xd6\x15\
\x06\x52\xba\xd5\xbd\x98\x9a\xaf\x67\xf4\xce\x94\x71\x97\x70\xcb\
\x61\x3e\xe3\xe9\x0d\x3e\x9d\x7b\x32\x7b\x5d\x57\x46\x1b\x09\xe6\
\x53\x37\x73\x7a\x49\x5d\xe9\xd9\x8a\x28\xd5\x0e\xd5\x64\x99\x12\
\xe8\x30\xbb\x67\x0b\xe0\x3d\x63\x47\xd2\x37\x02\x9f\x6e\xcf\x24\
\x8f\xc8\xd9\x8f\x2d\xc0\xaf\x10\x2c\x82\xf9\x9c\x63\x97\x92\x40\
\x5e\x88\x10\x76\x8e\x8b\x14\x50\xb7\x8f\xde\x47\xf0\x69\xd8\x47\
\xab\xf8\xf7\xfb\x38\xfe\x5b\xff\xfe\x70\xdd\x87\x70\xb3\x50\x7d\
\x06\xb5\x9d\x0d\xe7\xcd\x45\x7b\xb4\xe1\xb3\x76\x7a\x70\x55\x14\
\x35\x0f\x6e\x88\x03\xa3\x02\x5e\xe6\x16\x7a\xf8\x8a\xa7\xc4\xd7\
\xbe\x6c\x84\x35\xc7\xf9\xcd\x22\x52\xae\x0c\x3a\x12\x62\x20\x5e\
\xe6\x89\xb1\x84\x59\x16\x10\x47\x1a\x58\xca\x69\x34\xd6\x0b\x93\
\x5c\xc9\x3a\x1b\xf3\xe4\xfa\x92\x5e\xe7\xad\xd3\x39\x66\xb6\xf2\
\xda\xfe\x17\x0c\x96\x0f\x93\xed\xb1\x37\x92\xab\x1a\x89\xdf\x2a\
\xaf\x75\xd2\x23\x3e\x9f\xe2\x0b\x48\x2e\xf3\x35\x19\x5f\x96\x04\
\x30\x7f\xdf\xe8\xe6\xb2\xcc\x26\xa4\xb2\x10\xc4\xcd\x59\x2d\xd5\
\x63\xec\xb5\xdc\x2b\x9c\xa0\x4f\xa8\x69\x35\xb7\x78\xe7\x30\x5e\
\x8a\x59\x29\x6d\xe2\x7a\xdd\x87\x47\x87\x33\xdf\x57\x15\x58\x97\
\x62\x03\x28\x3d\x99\xef\x01\x0d\x81\x75\x36\x76\x41\x6b\xcb\xa0\
\x97\xe2\xd1\x94\x08\xc4\x66\x08\x47\x92\x21\x8f\xba\x04\xcd\xa2\
\x00\xa8\x81\x05\x18\x1a\xcc\x55\x72\xeb\x31\x0f\xf3\x58\xd3\xd2\
\x93\xcd\x1d\xf8\xf1\x05\xdc\x00\x62\x6b\x2d\xbb\x32\x36\xf4\x1a\
\x96\x51\x80\xe1\x81\xc1\x15\x92\x1e\x15\x08\xbe\x58\x68\x02\x8b\
\x68\x80\x1c\x0c\xa5\x7a\xc5\x22\xb4\x64\x91\xef\x22\x9f\xbe\x10\
\x04\x4b\xe0\x40\x3b\x3f\x27\x48\x29\x42\x02\x34\x29\xab\x9d\x02\
\xd6\xdc\x4c\x94\x24\x91\x2c\x9f\xcc\x64\xc2\xba\xeb\x93\x5c\x25\
\xf3\x3a\xc7\x24\x79\x97\x16\x2c\xef\x1c\x28\xd3\x81\x5a\x47\xb8\
\x3a\xbb\x00\xc6\xf6\x88\xb9\x71\x3c\xcc\xcb\x4f\x19\xf0\xc8\x22\
\x51\x1b\x27\xe5\x56\x30\x0c\xb7\xf5\xba\x05\x15\x24\x53\xd0\xca\
\xe5\x9f\x95\xd7\x7f\x06\xfe\xea\xf6\x6c\x86\x7d\x01\x35\xe9\x59\
\xc0\x15\x68\xd8\xbf\x32\x68\xb6\x21\x74\xb7\x67\xc3\xb3\x1f\xfd\
\x3d\x45\xc7\x50\xe3\x0c\x1d\x98\x9d\xab\xcb\xd3\x4d\x09\xeb\x7e\
\xfc\xe5\x50\xa4\xa3\xfd\x91\x4e\x92\xfe\xc4\x00\x4d\xa2\xdf\x08\
\x6b\xe9\xba\x1c\x10\xdd\xe6\x0a\xc6\xfb\x3b\x0d\xb6\xb7\x9b\x92\
\x03\xd6\xba\xa0\xc3\xa9\x58\xfd\x9d\x12\xb5\x79\x3c\x4a\x92\xa0\
\xb9\x82\xc9\xfe\x31\x18\x1d\x33\xa0\x93\xc2\x80\x56\x26\x69\x55\
\x48\x07\x31\x5f\xdf\xad\xcb\x8e\x7a\xda\x45\x4b\x2a\x3d\xc3\x7d\
\x0c\xe0\xc4\x33\xb0\x2a\xbc\x06\x47\x61\x32\xed\xb3\xd5\xf7\x31\
\x35\xca\x9b\x32\xfc\xdb\x92\xad\x71\xde\x56\x4c\xeb\x2d\x19\x3b\
\x84\x85\x1a\xad\x2f\x8a\xeb\x45\xf1\x2a\x6f\xed\x91\x8a\xb5\xae\
\xc9\xea\x0a\xc9\xea\xa4\x6e\x4c\x12\xfb\xa3\xaf\x2f\x13\x15\x92\
\xd5\xe8\x37\x53\xb1\x0d\xf8\xf5\x84\x5f\x21\x59\x0d\x7f\x2b\xbb\
\xdb\xc0\x5f\xcf\xaf\x15\x92\x47\x66\xc4\x23\x1e\xf9\x66\xf8\xd1\
\x60\x6f\xbd\x21\x8e\xed\x34\x9e\x05\xa5\xdd\x6b\xda\x42\x8b\x10\
\x3b\x66\x28\x3e\x5e\x3f\xce\x0a\xb3\x28\xa2\xee\x35\x82\xe4\x38\
\x00\x79\x0e\x3d\x6d\x59\xf5\x8e\x21\xd6\x56\x8c\x64\xf1\x46\x5b\
\x8b\x57\x30\x59\xa9\x55\x3e\x2a\xcc\xec\xe3\xe8\x1e\x17\x6d\xfa\
\xe3\xa8\x9e\x14\xb0\x61\x8d\xe6\x76\x13\x39\xf7\x4e\xa4\xf5\x74\
\xce\x59\x6b\xfe\xce\xaa\x4a\x49\xfe\x35\x46\xf2\x3e\xa2\x54\x77\
\x8e\x28\x1a\xcf\x0a\x74\xcc\x9e\xe2\x67\x4e\x4e\x5e\x23\xca\x89\
\x8b\xa6\xc4\xc1\x11\x3c\x73\x4a\x8f\x6c\xc0\x30\xbb\xe9\x79\xc6\
\x1c\xb8\xee\xae\xa9\x6c\x49\x7d\x1f\x69\x5d\x8a\x4b\x97\x9c\xca\
\xac\xf0\x4e\xfe\xf1\xc8\x27\x85\x75\xbe\x4a\xba\x04\xd6\x09\x42\
\x78\x8e\x93\x4a\xa0\xb4\xa7\x63\xd1\xfc\x33\xf6\x47\xa3\xa2\x6c\
\x6e\x74\xea\xed\x80\xa4\x02\x3b\x85\x50\x98\xd1\xa5\x68\x61\x7f\
\xac\x5f\x29\x25\x08\xd2\xd9\x6f\xa7\x76\x18\xfb\x26\xac\x90\x06\
\x1b\xd3\xd8\x4e\xa7\xfa\xbe\xf2\x01\x6c\xe9\xd8\xa5\x98\xe4\xf2\
\xb1\x3a\x9e\x23\xea\x63\x40\x5c\x2b\x4e\xd3\xe4\x25\x5d\x2d\xba\
\x86\xf8\xbe\xd1\x80\x2e\x40\x78\x17\x7c\x8b\x58\x26\x41\xd8\x18\
\x5a\x67\x37\x6c\x99\x11\x73\x23\x5c\xb9\xc1\x7a\x16\xd4\x0e\xd4\
\x99\x7f\x85\x9b\x4e\xd3\x3b\x5b\x03\xed\xf1\xf5\x75\x1f\xa5\x3f\
\x4a\x1f\x86\x1a\x58\xc9\xcc\xcf\x6b\xed\xfc\x9a\x8e\xe1\x4f\xb7\
\xf5\x9f\x92\xad\xaf\xde\x02\xde\xb7\xb6\xfd\xdb\x72\xea\x6f\xa2\
\x46\x9d\x5f\xf4\x7f\x64\x68\xad\xaa\x67\x8d\x1c\xa5\x98\x17\xf7\
\x90\x65\xc6\x9a\xb7\x50\x3b\x99\x1c\xd5\x9a\xdc\xa3\x21\xac\xb1\
\x39\xae\xb5\xb9\x4f\x83\x5b\x63\x74\x72\x94\xd8\xf6\xba\xff\x01\
\x3a\x63\xd5\x21\
\x00\x00\x07\x1e\
\x00\
\x00\x34\x37\x78\x9c\xd5\x5a\xdd\x6f\xdb\x36\x10\x7f\x4e\x80\xfc\
\x0f\x44\xfa\x92\x06\x51\x1d\x3b\x6d\xb1\xa9\xe8\x80\x34\x5d\xd7\
\x61\x2d\xb6\x2e\x01\xfa\x10\xf4\x81\x96\x68\x9b\x88\x2c\xba\x14\
\x15\xc7\x1b\xf6\xbf\xef\x28\x4a\xd6\x17\x29\x51\x8a\x94\x61\x46\
\x1c\x3b\x91\x78\xdf\xf7\xbb\xe3\x89\x93\xd3\xa3\x43\x74\x8a\xde\
\x93\x05\x8e\x03\x81\x22\xb1\x0b\x08\x8a\x56\x84\x08\xc4\x42\xf4\
\x89\x86\xf1\x03\xfa\x23\xc0\x62\xc1\xf8\x3a\x42\x5b\x2a\x56\x68\
\xc1\xbc\x38\x42\x2b\xba\x5c\x05\xf0\x16\x34\x5c\xa2\x45\x80\x97\
\x88\x84\x78\x1e\x10\x5f\xd2\x9b\x1c\x1d\x1e\x1d\x4e\x4e\x87\x7c\
\x25\x62\x5e\xbd\x67\xde\xdd\x15\x0b\x05\xa6\x21\xe1\x5f\xa9\xbf\
\x24\x42\x5e\x18\xf2\x05\xb2\x63\x3f\x72\x1c\x1d\x2f\xf4\x37\x70\
\x4b\x5f\x73\xec\xdd\x2d\x39\x8b\x43\xdf\x45\x1b\x1c\x10\x21\xc8\
\xc9\x96\x86\x3e\xdb\x3e\x7f\x73\x74\xf8\x8f\xb4\xc0\x78\x36\xb8\
\xde\x04\x14\x18\xf2\x27\x55\xfe\x27\xf4\x25\xe3\x5b\xb0\xc3\x06\
\xfb\x3e\xc4\x80\x8b\xa6\xe8\x5c\xbe\x73\xe5\xcd\x94\xf2\x2b\x19\
\x41\xd7\x5d\xe1\xd0\x87\xd8\x6b\xb1\xb0\x8f\xf9\xdd\x13\xd8\xf7\
\x92\x13\xfc\x04\xe1\x95\xb3\xe9\x18\x59\x5a\x12\xcf\x04\x9e\x47\
\x9f\x49\x18\xbf\x8b\x85\x60\xa1\xeb\xae\xe1\xbb\x03\x0b\xa9\x87\
\x05\xe3\x45\x16\x74\x8d\x97\xc4\x45\x21\x0b\x49\xd5\x5f\x37\x54\
\x04\xe4\x1d\xe6\x8a\x08\xd2\x79\xfa\x7c\xf3\x20\xdf\xf9\xca\x0a\
\xe7\xe2\xa2\xef\x1b\xce\x36\x84\x8b\x9d\x43\x3d\x90\x09\xc5\x3c\
\x38\x71\x27\xc0\x6a\x92\xc8\x10\x4d\xe4\x52\x27\x91\x74\x9e\x2c\
\x7e\x11\xdd\x2f\xa5\x9e\x7a\x02\xd7\xf4\x2f\x90\x7b\xfa\xba\xc4\
\xdd\x4f\xed\x70\x15\xb0\x88\xf4\x10\xc1\x93\xeb\x8a\xec\xcf\xf2\
\xc5\xd9\xab\x71\x91\xe3\xd3\x28\x01\xbf\x64\x35\xca\xfe\xea\xa8\
\x05\x11\xd8\x5b\xfd\x02\x8e\xdf\xf4\xd0\x41\xad\xee\xaa\x44\x69\
\xd5\x10\x5a\x8c\x9b\x92\x59\x6c\x8e\x9e\x94\x19\x23\x53\x5a\x0a\
\x8e\xc3\x68\x83\x39\x09\x45\xc1\x3c\x73\xc6\x7d\xc2\x9d\x39\x03\
\x6b\xae\x5d\x34\x83\x34\x89\x58\x40\xfd\x7d\x16\x27\x05\xb3\x18\
\xdc\x69\x4a\xed\x97\x14\xb2\x4a\x97\xe2\xb7\x49\xed\x25\xfe\xdb\
\x63\xc1\x63\x72\xfc\x0d\x3d\x89\xd4\xfb\x52\x6f\x29\xf9\x78\x31\
\xa0\xac\x70\x83\xe7\x08\x8a\x05\x4a\x32\x10\xa9\xd8\x4d\x3a\x17\
\x90\x67\xd4\xc8\xc8\xd9\x5b\xa3\x75\xc5\xc8\x1e\x0b\x18\x77\xcd\
\xf1\x90\xde\x96\xb4\x61\xae\x72\x43\xfd\xea\x96\xfa\x62\xe5\xca\
\x6a\x2b\x71\x38\xa9\xb8\x15\xaf\xc8\x8b\xda\x50\xda\x6b\x70\x8b\
\x3d\x41\xef\x09\x7c\xdb\xc7\x92\x41\xa7\xef\x60\x56\x82\xf9\x92\
\x63\x9f\x42\xe0\x9c\x44\x1b\x88\x34\x1f\x49\x25\xfc\x33\xf4\x30\
\x85\x6f\xe7\x67\x68\x97\x7e\x3e\xcc\xd2\xbf\x93\xcf\x17\xaf\xce\
\xc0\x31\x6c\x23\xbf\xd7\xd1\xa8\x62\x2d\x75\xab\x3b\xad\x58\xa7\
\x68\x9e\xc9\xa9\xce\xda\x85\xf8\x94\xfe\x32\xa9\x8c\xbe\x7c\xc2\
\x73\x12\x14\xf5\xac\xb8\xa3\xd4\x5c\xd8\x19\xad\x95\x26\x34\xce\
\x44\x09\xfc\xbc\x5c\x2f\x0d\xc5\x6a\x0d\xa6\xa6\xa1\x23\x2d\x21\
\x53\xf1\x8d\xde\x29\x69\xe1\x2e\x07\x46\xed\xdf\xa5\x82\xed\x94\
\xa9\xfd\x1f\x8a\x62\xc5\x4c\xee\x8a\xdd\x93\x12\xb8\x41\x3c\xa4\
\x9a\x4f\xf7\xa8\xc5\x97\x73\x7c\x02\x11\xa8\x7e\x2e\x66\x2a\x28\
\x74\x46\x2c\xdf\x39\x7b\xf9\xdc\xc4\x17\x22\x3e\x02\xd4\x35\x65\
\x48\x99\xce\xcb\x1f\x4a\xfd\x29\xfa\x90\x6c\x97\x38\x81\x4d\x14\
\x90\x48\x61\x0a\x19\x80\xa5\x06\xf0\x2d\x40\xa3\x85\x66\x3d\xd6\
\x94\x6e\x35\x46\x78\x95\xff\x4f\xa8\x21\x56\x3b\xc5\x90\x93\x92\
\x4e\xa2\xe1\x31\x12\xd4\xc3\xa0\xe6\x8c\xd9\x2b\x00\x9e\xfc\x57\
\xc1\x25\xfd\x38\xda\x04\x40\x85\xe7\x8f\xb3\x4e\x3c\x5b\x71\xa4\
\xec\xba\xb1\x4b\xec\x13\x94\xd1\xb6\xd0\xb6\x0c\xeb\x47\x95\xd0\
\xb4\x80\x16\x37\xad\x5f\xae\x3d\xce\x82\x40\xb6\x53\xc9\xbe\x42\
\x09\x9b\xff\xd3\xb4\x21\x32\xa3\xf1\x98\x9d\xf1\x87\x80\xe1\x64\
\x02\xb3\x55\x36\x1d\xbb\x0b\xca\xf8\xa5\x81\x5c\xe9\x37\x73\x3c\
\x58\xe3\x07\xba\x06\x3c\xff\x55\x8f\x0b\xd9\x65\xcd\x96\x2f\xa7\
\x11\x32\xbe\xc6\x81\x81\x02\x24\x24\x6c\x69\xab\x04\x72\xd4\xf5\
\x19\x89\xc0\x01\x02\x29\x72\xc1\x0e\x6d\x19\xbf\x93\x33\xad\xdf\
\xde\xff\x5c\xd5\xa6\x34\xa2\xb8\xa5\xd1\x65\x52\xe6\xbf\x26\x6d\
\x49\xa5\xd5\x6e\x36\x40\x27\x98\xee\x6b\xad\x12\x90\x6a\xe9\x75\
\xb0\x5c\x95\x58\x01\xb0\x3a\x59\xe7\xd9\x22\xbd\x3b\x31\x49\x17\
\x30\x53\xc3\xc2\xf2\xfa\x02\xf6\x9e\x55\x48\x7f\x4e\x8d\x51\xaa\
\x46\x0d\x8d\x44\x3d\x1f\x51\xd6\x64\xb9\x08\x6e\x41\x17\xf0\x4e\
\x3f\x0b\x0d\x9a\x49\x1c\x2d\x43\x9b\xee\xc9\x82\xb6\x2a\x6c\xcd\
\x0a\x97\x8b\x5f\x5b\x37\x63\x46\x23\xb3\x10\x69\xad\x6b\x11\xa3\
\x52\x11\x2d\xdb\xa1\x47\x07\x96\xd6\xfb\x16\x63\x89\x51\x10\xa1\
\x2d\x48\x1e\xd1\x1f\xd5\xc0\x50\xaf\xd8\x90\x42\xa7\xd1\x37\xb8\
\x93\x5a\x22\xd6\xdc\xaa\x0d\xac\x5e\x16\xd7\xc3\x2b\x98\xe5\x82\
\xad\x8e\xfb\xd6\x50\x41\xdf\x18\x8d\x41\xd2\x1c\x5c\xa7\x7b\x0d\
\xb6\x40\x38\x16\x0c\xad\xa8\x4f\xd0\x22\x0e\x41\x41\x16\xe2\x80\
\x8a\x5d\x76\xeb\x90\xaf\xd1\x74\x42\x57\x97\xa0\xc5\x47\x50\x02\
\x1a\xe8\xd1\x3a\x9c\x02\x0f\xf3\x56\x27\xcf\x44\x95\x8e\x00\x2f\
\x62\x45\x23\x04\x3f\x6c\xa3\xac\x8b\x68\x88\x3c\x1c\x11\xb4\x63\
\x31\x20\x4d\x1c\xf8\x28\xa0\x77\x04\x81\x1f\xbc\x15\x0e\x97\x04\
\x49\x42\x28\x02\x4a\xa6\xfd\x69\xa7\x4d\xbe\x13\x90\x85\xa8\x8e\
\x0c\xb2\x6b\x5c\xd6\xdb\x6a\x9b\x2a\xc8\x83\x70\x20\x0c\x96\x80\
\x4c\x1e\x09\x05\xe1\x85\x8b\x6b\x1a\x3a\x2b\xa2\x96\xcd\xce\xb5\
\x44\x0b\x03\xc3\x6a\xca\x16\x8c\xa8\xd2\xff\xe8\xd0\xdc\x0c\xd4\
\x37\xa6\x1a\x32\xb7\xd2\x5a\xbf\x87\xc1\xee\xed\xf1\x02\x07\x11\
\xe4\xe4\x6d\x04\x57\xa0\xf7\xfa\xc4\x3c\x2c\x4d\xfe\xf6\xf8\xfc\
\xf8\xdb\x59\xcf\xa5\x33\xc8\xf1\x52\x13\xa7\xb6\x09\xc9\x14\xe6\
\xb5\x61\xb4\xa0\x81\xaa\x8e\x5c\xa7\xfd\x05\xbe\xa8\xcc\x06\xca\
\x33\x5c\x2b\x91\x8d\xce\x7a\x84\xad\xed\x09\xcc\xfa\xeb\x0e\xbc\
\xeb\x93\xb8\x47\x78\x5e\x33\xd6\x6b\x8f\x85\x4e\xd1\x6b\x6f\x16\
\x43\x48\xd8\x13\xb8\xe8\x6f\x8a\xe9\x90\x76\xbd\xd0\xda\xd5\x26\
\x64\x9b\x2c\x3b\x49\x4b\xc1\xe5\xbe\x9e\xc9\xc7\x87\xea\x5c\x42\
\x82\xa7\x0c\xa4\x4a\x4f\x20\x34\x89\xad\xc4\xd1\x86\xd6\x23\x60\
\xa0\x0f\xc7\xa9\x96\xa3\x02\xf3\x91\x58\xce\xb4\x2c\xd3\x1a\x31\
\x12\xcf\x01\xf0\xca\xca\xf7\x28\x2d\x37\xfa\x08\xa8\xa5\x51\x43\
\x1c\xb4\x04\x7e\xc3\x4a\xab\xb8\xb7\x86\x93\xfe\x4a\xb4\x97\x97\
\x86\x95\x56\x4a\x54\xc3\x74\x0c\x2d\xda\x0b\x45\xc3\x4a\x2b\x2d\
\x6a\x91\x3f\x86\x1a\xed\xb8\xdc\xb0\x72\x04\x24\x1d\xb7\x43\xbf\
\x56\x4a\x8c\xde\xa5\xa7\x7c\x7a\x3e\x8e\xad\xf5\xd2\x79\x97\x1f\
\x6d\xb0\xa7\x4e\x35\xcd\xf6\x4f\x85\x22\xe5\xb2\xc8\xf2\x50\x58\
\xf9\x69\xbb\xb6\x35\x48\xc5\xb7\xad\x43\x99\x87\xa7\x35\x0f\x6b\
\x9e\x5c\xb6\xf2\xd0\x57\x9e\x34\x19\x86\x61\xa1\xaf\x34\x0a\x35\
\x86\xe1\xa0\xaf\x2b\x09\xb8\xb6\x30\x18\x37\x01\x4a\x53\x85\xd1\
\xd3\xa0\xc4\xad\xf3\x21\xc5\x26\x5a\xdd\x0e\x98\xd8\x9c\x18\xb1\
\x7b\x5a\x32\x51\xf6\xbc\x49\x77\xd5\x9c\x7c\x8f\x29\x27\x3e\x9a\
\x13\x0f\xc7\xb0\xab\x16\x2b\x52\x91\xcd\x70\x42\x66\x4b\x83\x20\
\x21\x25\x71\x7a\xcb\xa9\x28\xae\xed\xa4\x33\x8f\x03\xa2\x6d\x2c\
\x9a\x56\x0f\x72\x6e\x67\x38\xb3\x3e\xc3\x59\xe9\xd1\x8e\xe9\xcb\
\xb3\x84\x97\x25\x82\xff\xc1\xf3\x48\xbd\x81\x85\x14\x7d\x0e\xd6\
\x52\x73\xd3\x68\x84\xec\xda\x9f\x28\xcc\x24\xc8\xe7\xba\x07\xad\
\x43\xdd\xfb\xc8\xd9\xd0\xb0\x72\x72\xe2\xe0\xa0\xf9\x3e\xf3\x61\
\x89\x03\xbb\x21\xb0\xde\x56\x0d\x8a\xd4\x6b\x9e\x8d\x3e\xf2\x6b\
\x48\xfc\xf6\x67\x50\xa6\x49\xbc\x95\xb4\x9f\x69\x58\x19\xf3\xb7\
\x9b\x7d\x9d\xae\x31\x8c\xd3\xcd\x66\x3c\xe8\x26\x5b\x61\xa6\x3c\
\xe4\x51\x08\x1b\x50\x29\x1f\xcd\xed\x7b\x0e\xa2\x09\x21\x3a\xcb\
\xd0\xe7\x64\xc4\xeb\x36\x29\x9e\x0e\x4b\x6e\x32\x2c\x91\xe7\x09\
\xdf\x8d\x86\x27\x63\x29\xf5\x27\x91\xf3\xe3\x8f\xc9\xc9\xf9\xd1\
\x9a\x8c\x22\x13\xdd\x23\x8e\x3e\x7d\x85\xbe\xe3\x6d\xe0\x67\xdf\
\xd7\x75\xe2\x3a\xb5\xe1\xda\xa3\x5f\x6d\x61\x3b\xb3\x61\xdb\xa7\
\x13\x6f\xe1\x7b\x31\x94\x91\xff\x05\xa9\x0c\x11\x51\
\x00\x00\x16\x31\
\x3c\
\x3f\x78\x6d\x6c\x20\x76\x65\x72\x73\x69\x6f\x6e\x3d\x22\x31\x2e\
\x30\x22\x20\x65\x6e\x63\x6f\x64\x69\x6e\x67\x3d\x22\x55\x54\x46\
\x2d\x38\x22\x20\x73\x74\x61\x6e\x64\x61\x6c\x6f\x6e\x65\x3d\x22\
\x6e\x6f\x22\x3f\x3e\x0d\x0a\x3c\x73\x76\x67\x0d\x0a\x20\x20\x20\
\x78\x6d\x6c\x6e\x73\x3a\x64\x63\x3d\x22\x68\x74\x74\x70\x3a\x2f\
\x2f\x70\x75\x72\x6c\x2e\x6f\x72\x67\x2f\x64\x63\x2f\x65\x6c\x65\
\x6d\x65\x6e\x74\x73\x2f\x31\x2e\x31\x2f\x22\x0d\x0a\x20\x20\x20\
\x78\x6d\x6c\x6e\x73\x3a\x63\x63\x3d\x22\x68\x74\x74\x70\x3a\x2f\
\x2f\x63\x72\x65\x61\x74\x69\x76\x65\x63\x6f\x6d\x6d\x6f\x6e\x73\
\x2e\x6f\x72\x67\x2f\x6e\x73\x23\x22\x0d\x0a\x20\x20\x20\x78\x6d\
\x6c\x6e\x73\x3a\x72\x64\x66\x3d\x22\x68\x74\x74\x70\x3a\x2f\x2f\
\x77\x77\x77\x2e\x77\x33\x2e\x6f\x72\x67\x2f\x31\x39\x39\x39\x2f\
\x30\x32\x2f\x32\x32\x2d\x72\x64\x66\x2d\x73\x79\x6e\x74\x61\x78\
\x2d\x6e\x73\x23\x22\x0d\x0a\x20\x20\x20\x78\x6d\x6c\x6e\x73\x3a\
\x73\x76\x67\x3d\x22\x68\x74\x74\x70\x3a\x2f\x2f\x77\x77\x77\x2e\
\x77\x33\x2e\x6f\x72\x67\x2f\x32\x30\x30\x30\x2f\x73\x76\x67\x22\
\x0d\x0a\x20\x20\x20\x78\x6d\x6c\x6e\x73\x3d\x22\x68\x74\x74\x70\
\x3a\x2f\x2f\x77\x77\x77\x2e\x77\x33\x2e\x6f\x72\x67\x2f\x32\x30\
\x30\x30\x2f\x73\x76\x67\x22\x0d\x0a\x20\x20\x20\x78\x6d\x6c\x6e\
\x73\x3a\x73\x6f\x64\x69\x70\x6f\x64\x69\x3d\x22\x68\x74\x74\x70\
\x3a\x2f\x2f\x73\x6f\x64\x69\x70\x6f\x64\x69\x2e\x73\x6f\x75\x72\
\x63\x65\x66\x6f\x72\x67\x65\x2e\x6e\x65\x74\x2f\x44\x54\x44\x2f\
\x73\x6f\x64\x69\x70\x6f\x64\x69\x2d\x30\x2e\x64\x74\x64\x22\x0d\
\x0a\x20\x20\x20\x78\x6d\x6c\x6e\x73\x3a\x69\x6e\x6b\x73\x63\x61\
\x70\x65\x3d\x22\x68\x74\x74\x70\x3a\x2f\x2f\x77\x77\x77\x2e\x69\
\x6e\x6b\x73\x63\x61\x70\x65\x2e\x6f\x72\x67\x2f\x6e\x61\x6d\x65\
\x73\x70\x61\x63\x65\x73\x2f\x69\x6e\x6b\x73\x63\x61\x70\x65\x22\
\x0d\x0a\x20\x20\x20\x73\x6f\x64\x69\x70\x6f\x64\x69\x3a\x64\x6f\
\x63\x6e\x61\x6d\x65\x3d\x22\x63\x6c\x6f\x73\x65\x2d\x62\x75\x74\
\x74\x6f\x6e\x2d\x66\x6f\x63\x75\x73\x65\x64\x2e\x73\x76\x67\x22\
\x0d\x0a\x20\x20\x20\x69\x6e\x6b\x73\x63\x61\x70\x65\x3a\x76\x65\
\x72\x73\x69\x6f\x6e\x3d\x22\x31\x2e\x30\x20\x28\x34\x30\x33\x35\
\x61\x34\x66\x62\x34\x39\x2c\x20\x32\x30\x32\x30\x2d\x30\x35\x2d\
\x30\x31\x29\x22\x0d\x0a\x20\x20\x20\x76\x65\x72\x73\x69\x6f\x6e\
\x3d\x22\x31\x2e\x31\x22\x0d\x0a\x20\x20\x20\x69\x64\x3d\x22\x73\
\x76\x67\x32\x22\x0d\x0a\x20\x20\x20\x76\x69\x65\x77\x42\x6f\x78\
\x3d\x22\x30\x20\x30\x20\x31\x36\x20\x31\x36\x22\x0d\x0a\x20\x20\
\x20\x68\x65\x69\x67\x68\x74\x3d\x22\x31\x36\x70\x78\x22\x0d\x0a\
\x20\x20\x20\x77\x69\x64\x74\x68\x3d\x22\x31\x36\x70\x78\x22\x3e\
\x0d\x0a\x20\x20\x3c\x73\x74\x79\x6c\x65\x0d\x0a\x20\x20\x20\x20\
\x20\x69\x64\x3d\x22\x73\x74\x79\x6c\x65\x32\x22\x3e\x3c\x2f\x73\
\x74\x79\x6c\x65\x3e\x0d\x0a\x20\x20\x3c\x64\x65\x66\x73\x0d\x0a\
\x20\x20\x20\x20\x20\x69\x64\x3d\x22\x64\x65\x66\x73\x34\x22\x3e\
\x0d\x0a\x20\x20\x20\x20\x3c\x70\x61\x74\x74\x65\x72\x6e\x0d\x0a\
\x20\x20\x20\x20\x20\x20\x20\x69\x64\x3d\x22\x45\x4d\x46\x68\x62\
\x61\x73\x65\x70\x61\x74\x74\x65\x72\x6e\x22\x0d\x0a\x20\x20\x20\
\x20\x20\x20\x20\x70\x61\x74\x74\x65\x72\x6e\x55\x6e\x69\x74\x73\
\x3d\x22\x75\x73\x65\x72\x53\x70\x61\x63\x65\x4f\x6e\x55\x73\x65\
\x22\x0d\x0a\x20\x20\x20\x20\x20\x20\x20\x77\x69\x64\x74\x68\x3d\
\x22\x36\x22\x0d\x0a\x20\x20\x20\x20\x20\x20\x20\x68\x65\x69\x67\
\x68\x74\x3d\x22\x36\x22\x0d\x0a\x20\x20\x20\x20\x20\x20\x20\x78\
\x3d\x22\x30\x22\x0d\x0a\x20\x20\x20\x20\x20\x20\x20\x79\x3d\x22\
\x30\x22\x20\x2f\x3e\x0d\x0a\x20\x20\x20\x20\x3c\x70\x61\x74\x74\
\x65\x72\x6e\x0d\x0a\x20\x20\x20\x20\x20\x20\x20\x69\x64\x3d\x22\
\x45\x4d\x46\x68\x62\x61\x73\x65\x70\x61\x74\x74\x65\x72\x6e\x2d\
\x34\x22\x0d\x0a\x20\x20\x20\x20\x20\x20\x20\x70\x61\x74\x74\x65\
\x72\x6e\x55\x6e\x69\x74\x73\x3d\x22\x75\x73\x65\x72\x53\x70\x61\
\x63\x65\x4f\x6e\x55\x73\x65\x22\x0d\x0a\x20\x20\x20\x20\x20\x20\
\x20\x77\x69\x64\x74\x68\x3d\x22\x36\x22\x0d\x0a\x20\x20\x20\x20\
\x20\x20\x20\x68\x65\x69\x67\x68\x74\x3d\x22\x36\x22\x0d\x0a\x20\
\x20\x20\x20\x20\x20\x20\x78\x3d\x22\x30\x22\x0d\x0a\x20\x20\x20\
\x20\x20\x20\x20\x79\x3d\x22\x30\x22\x20\x2f\x3e\x0d\x0a\x20\x20\
\x20\x20\x3c\x70\x61\x74\x74\x65\x72\x6e\x0d\x0a\x20\x20\x20\x20\
\x20\x20\x20\x69\x64\x3d\x22\x45\x4d\x46\x68\x62\x61\x73\x65\x70\
\x61\x74\x74\x65\x72\x6e\x2d\x33\x22\x0d\x0a\x20\x20\x20\x20\x20\
\x20\x20\x70\x61\x74\x74\x65\x72\x6e\x55\x6e\x69\x74\x73\x3d\x22\
\x75\x73\x65\x72\x53\x70\x61\x63\x65\x4f\x6e\x55\x73\x65\x22\x0d\
\x0a\x20\x20\x20\x20\x20\x20\x20\x77\x69\x64\x74\x68\x3d\x22\x36\
\x22\x0d\x0a\x20\x20\x20\x20\x20\x20\x20\x68\x65\x69\x67\x68\x74\
\x3d\x22\x36\x22\x0d\x0a\x20\x20\x20\x20\x20\x20\x20\x78\x3d\x22\
\x30\x22\x0d\x0a\x20\x20\x20\x20\x20\x20\x20\x79\x3d\x22\x30\x22\
\x20\x2f\x3e\x0d\x0a\x20\x20\x20\x20\x3c\x70\x61\x74\x74\x65\x72\
\x6e\x0d\x0a\x20\x20\x20\x20\x20\x20\x20\x69\x64\x3d\x22\x45\x4d\
\x46\x68\x62\x61\x73\x65\x70\x61\x74\x74\x65\x72\x6e\x2d\x38\x22\
\x0d\x0a\x20\x20\x20\x20\x20\x20\x20\x70\x61\x74\x74\x65\x72\x6e\
\x55\x6e\x69\x74\x73\x3d\x22\x75\x73\x65\x72\x53\x70\x61\x63\x65\
\x4f\x6e\x55\x73\x65\x22\x0d\x0a\x20\x20\x20\x20\x20\x20\x20\x77\
\x69\x64\x74\x68\x3d\x22\x36\x22\x0d\x0a\x20\x20\x20\x20\x20\x20\
\x20\x68\x65\x69\x67\x68\x74\x3d\x22\x36\x22\x0d\x0a\x20\x20\x20\
\x20\x20\x20\x20\x78\x3d\x22\x30\x22\x0d\x0a\x20\x20\x20\x20\x20\
\x20\x20\x79\x3d\x22\x30\x22\x20\x2f\x3e\x0d\x0a\x20\x20\x3c\x2f\
\x64\x65\x66\x73\x3e\x0d\x0a\x20\x20\x3c\x73\x6f\x64\x69\x70\x6f\
\x64\x69\x3a\x6e\x61\x6d\x65\x64\x76\x69\x65\x77\x0d\x0a\x20\x20\
\x20\x20\x20\x69\x6e\x6b\x73\x63\x61\x70\x65\x3a\x67\x75\x69\x64\
\x65\x2d\x62\x62\x6f\x78\x3d\x22\x74\x72\x75\x65\x22\x0d\x0a\x20\
\x20\x20\x20\x20\x73\x68\x6f\x77\x67\x75\x69\x64\x65\x73\x3d\x22\
\x74\x72\x75\x65\x22\x0d\x0a\x20\x20\x20\x20\x20\x69\x6e\x6b\x73\
\x63\x61\x70\x65\x3a\x64\x6f\x63\x75\x6d\x65\x6e\x74\x2d\x72\x6f\
\x74\x61\x74\x69\x6f\x6e\x3d\x22\x30\x22\x0d\x0a\x20\x20\x20\x20\
\x20\x69\x6e\x6b\x73\x63\x61\x70\x65\x3a\x73\x6e\x61\x70\x2d\x67\
\x6c\x6f\x62\x61\x6c\x3d\x22\x74\x72\x75\x65\x22\x0d\x0a\x20\x20\
\x20\x20\x20\x69\x6e\x6b\x73\x63\x61\x70\x65\x3a\x73\x6e\x61\x70\
\x2d\x62\x62\x6f\x78\x2d\x6d\x69\x64\x70\x6f\x69\x6e\x74\x73\x3d\
\x22\x74\x72\x75\x65\x22\x0d\x0a\x20\x20\x20\x20\x20\x69\x6e\x6b\
\x73\x63\x61\x70\x65\x3a\x73\x6e\x61\x70\x2d\x62\x62\x6f\x78\x2d\
\x65\x64\x67\x65\x2d\x6d\x69\x64\x70\x6f\x69\x6e\x74\x73\x3d\x22\
\x74\x72\x75\x65\x22\x0d\x0a\x20\x20\x20\x20\x20\x69\x6e\x6b\x73\
\x63\x61\x70\x65\x3a\x62\x62\x6f\x78\x2d\x6e\x6f\x64\x65\x73\x3d\
\x22\x74\x72\x75\x65\x22\x0d\x0a\x20\x20\x20\x20\x20\x69\x6e\x6b\
\x73\x63\x61\x70\x65\x3a\x62\x62\x6f\x78\x2d\x70\x61\x74\x68\x73\
\x3d\x22\x74\x72\x75\x65\x22\x0d\x0a\x20\x20\x20\x20\x20\x69\x6e\
\x6b\x73\x63\x61\x70\x65\x3a\x73\x6e\x61\x70\x2d\x62\x62\x6f\x78\
\x3d\x22\x74\x72\x75\x65\x22\x0d\x0a\x20\x20\x20\x20\x20\x69\x6e\
\x6b\x73\x63\x61\x70\x65\x3a\x77\x69\x6e\x64\x6f\x77\x2d\x6d\x61\
\x78\x69\x6d\x69\x7a\x65\x64\x3d\x22\x31\x22\x0d\x0a\x20\x20\x20\
\x20\x20\x69\x6e\x6b\x73\x63\x61\x70\x65\x3a\x77\x69\x6e\x64\x6f\
\x77\x2d\x79\x3d\x22\x2d\x38\x22\x0d\x0a\x20\x20\x20\x20\x20\x69\
\x6e\x6b\x73\x63\x61\x70\x65\x3a\x77\x69\x6e\x64\x6f\x77\x2d\x78\
\x3d\x22\x2d\x38\x22\x0d\x0a\x20\x20\x20\x20\x20\x69\x6e\x6b\x73\
\x63\x61\x70\x65\x3a\x77\x69\x6e\x64\x6f\x77\x2d\x68\x65\x69\x67\
\x68\x74\x3d\x22\x31\x30\x31\x37\x22\x0d\x0a\x20\x20\x20\x20\x20\
\x69\x6e\x6b\x73\x63\x61\x70\x65\x3a\x77\x69\x6e\x64\x6f\x77\x2d\
\x77\x69\x64\x74\x68\x3d\x22\x31\x39\x32\x30\x22\x0d\x0a\x20\x20\
\x20\x20\x20\x75\x6e\x69\x74\x73\x3d\x22\x70\x78\x22\x0d\x0a\x20\
\x20\x20\x20\x20\x73\x68\x6f\x77\x67\x72\x69\x64\x3d\x22\x74\x72\
\x75\x65\x22\x0d\x0a\x20\x20\x20\x20\x20\x69\x6e\x6b\x73\x63\x61\
\x70\x65\x3a\x63\x75\x72\x72\x65\x6e\x74\x2d\x6c\x61\x79\x65\x72\
\x3d\x22\x67\x35\x32\x32\x38\x22\x0d\x0a\x20\x20\x20\x20\x20\x69\
\x6e\x6b\x73\x63\x61\x70\x65\x3a\x64\x6f\x63\x75\x6d\x65\x6e\x74\
\x2d\x75\x6e\x69\x74\x73\x3d\x22\x70\x78\x22\x0d\x0a\x20\x20\x20\
\x20\x20\x69\x6e\x6b\x73\x63\x61\x70\x65\x3a\x63\x79\x3d\x22\x31\
\x33\x2e\x31\x37\x36\x39\x31\x22\x0d\x0a\x20\x20\x20\x20\x20\x69\
\x6e\x6b\x73\x63\x61\x70\x65\x3a\x63\x78\x3d\x22\x36\x2e\x32\x33\
\x31\x36\x38\x38\x39\x22\x0d\x0a\x20\x20\x20\x20\x20\x69\x6e\x6b\
\x73\x63\x61\x70\x65\x3a\x7a\x6f\x6f\x6d\x3d\x22\x32\x32\x2e\x36\
\x32\x37\x34\x31\x37\x22\x0d\x0a\x20\x20\x20\x20\x20\x69\x6e\x6b\
\x73\x63\x61\x70\x65\x3a\x70\x61\x67\x65\x73\x68\x61\x64\x6f\x77\
\x3d\x22\x32\x22\x0d\x0a\x20\x20\x20\x20\x20\x69\x6e\x6b\x73\x63\
\x61\x70\x65\x3a\x70\x61\x67\x65\x6f\x70\x61\x63\x69\x74\x79\x3d\
\x22\x30\x2e\x30\x22\x0d\x0a\x20\x20\x20\x20\x20\x62\x6f\x72\x64\
\x65\x72\x6f\x70\x61\x63\x69\x74\x79\x3d\x22\x31\x2e\x30\x22\x0d\
\x0a\x20\x20\x20\x20\x20\x62\x6f\x72\x64\x65\x72\x63\x6f\x6c\x6f\
\x72\x3d\x22\x23\x36\x36\x36\x36\x36\x36\x22\x0d\x0a\x20\x20\x20\
\x20\x20\x70\x61\x67\x65\x63\x6f\x6c\x6f\x72\x3d\x22\x23\x66\x66\
\x66\x66\x66\x66\x22\x0d\x0a\x20\x20\x20\x20\x20\x69\x64\x3d\x22\
\x62\x61\x73\x65\x22\x3e\x0d\x0a\x20\x20\x20\x20\x3c\x69\x6e\x6b\
\x73\x63\x61\x70\x65\x3a\x67\x72\x69\x64\x0d\x0a\x20\x20\x20\x20\
\x20\x20\x20\x69\x64\x3d\x22\x67\x72\x69\x64\x33\x33\x33\x36\x22\
\x0d\x0a\x20\x20\x20\x20\x20\x20\x20\x74\x79\x70\x65\x3d\x22\x78\
\x79\x67\x72\x69\x64\x22\x20\x2f\x3e\x0d\x0a\x20\x20\x20\x20\x3c\
\x73\x6f\x64\x69\x70\x6f\x64\x69\x3a\x67\x75\x69\x64\x65\x0d\x0a\
\x20\x20\x20\x20\x20\x20\x20\x69\x64\x3d\x22\x67\x75\x69\x64\x65\
\x38\x38\x33\x22\x0d\x0a\x20\x20\x20\x20\x20\x20\x20\x6f\x72\x69\
\x65\x6e\x74\x61\x74\x69\x6f\x6e\x3d\x22\x31\x2c\x30\x22\x0d\x0a\
\x20\x20\x20\x20\x20\x20\x20\x70\x6f\x73\x69\x74\x69\x6f\x6e\x3d\
\x22\x34\x2c\x31\x30\x22\x20\x2f\x3e\x0d\x0a\x20\x20\x20\x20\x3c\
\x73\x6f\x64\x69\x70\x6f\x64\x69\x3a\x67\x75\x69\x64\x65\x0d\x0a\
\x20\x20\x20\x20\x20\x20\x20\x69\x64\x3d\x22\x67\x75\x69\x64\x65\
\x38\x38\x35\x22\x0d\x0a\x20\x20\x20\x20\x20\x20\x20\x6f\x72\x69\
\x65\x6e\x74\x61\x74\x69\x6f\x6e\x3d\x22\x30\x2c\x2d\x31\x22\x0d\
\x0a\x20\x20\x20\x20\x20\x20\x20\x70\x6f\x73\x69\x74\x69\x6f\x6e\
\x3d\x22\x31\x30\x2c\x31\x32\x22\x20\x2f\x3e\x0d\x0a\x20\x20\x20\
\x20\x3c\x73\x6f\x64\x69\x70\x6f\x64\x69\x3a\x67\x75\x69\x64\x65\
\x0d\x0a\x20\x20\x20\x20\x20\x20\x20\x69\x64\x3d\x22\x67\x75\x69\
\x64\x65\x38\x38\x37\x22\x0d\x0a\x20\x20\x20\x20\x20\x20\x20\x6f\
\x72\x69\x65\x6e\x74\x61\x74\x69\x6f\x6e\x3d\x22\x31\x2c\x30\x22\
\x0d\x0a\x20\x20\x20\x20\x20\x20\x20\x70\x6f\x73\x69\x74\x69\x6f\
\x6e\x3d\x22\x31\x32\x2c\x32\x22\x20\x2f\x3e\x0d\x0a\x20\x20\x20\
\x20\x3c\x73\x6f\x64\x69\x70\x6f\x64\x69\x3a\x67\x75\x69\x64\x65\
\x0d\x0a\x20\x20\x20\x20\x20\x20\x20\x69\x64\x3d\x22\x67\x75\x69\
\x64\x65\x38\x38\x39\x22\x0d\x0a\x20\x20\x20\x20\x20\x20\x20\x6f\
\x72\x69\x65\x6e\x74\x61\x74\x69\x6f\x6e\x3d\x22\x30\x2c\x2d\x31\
\x22\x0d\x0a\x20\x20\x20\x20\x20\x20\x20\x70\x6f\x73\x69\x74\x69\
\x6f\x6e\x3d\x22\x31\x34\x2c\x34\x22\x20\x2f\x3e\x0d\x0a\x20\x20\
\x3c\x2f\x73\x6f\x64\x69\x70\x6f\x64\x69\x3a\x6e\x61\x6d\x65\x64\
\x76\x69\x65\x77\x3e\x0d\x0a\x20\x20\x3c\x67\x0d\x0a\x20\x20\x20\
\x20\x20\x74\x72\x61\x6e\x73\x66\x6f\x72\x6d\x3d\x22\x74\x72\x61\
\x6e\x73\x6c\x61\x74\x65\x28\x30\x2c\x2d\x31\x30\x33\x36\x2e\x33\
\x36\x32\x32\x29\x22\x0d\x0a\x20\x20\x20\x20\x20\x69\x64\x3d\x22\
\x6c\x61\x79\x65\x72\x31\x22\x0d\x0a\x20\x20\x20\x20\x20\x69\x6e\
\x6b\x73\x63\x61\x70\x65\x3a\x67\x72\x6f\x75\x70\x6d\x6f\x64\x65\
\x3d\x22\x6c\x61\x79\x65\x72\x22\x0d\x0a\x20\x20\x20\x20\x20\x69\
\x6e\x6b\x73\x63\x61\x70\x65\x3a\x6c\x61\x62\x65\x6c\x3d\x22\x4c\
\x61\x79\x65\x72\x20\x31\x22\x3e\x0d\x0a\x20\x20\x20\x20\x3c\x67\
\x0d\x0a\x20\x20\x20\x20\x20\x20\x20\x69\x64\x3d\x22\x67\x35\x32\
\x32\x38\x22\x0d\x0a\x20\x20\x20\x20\x20\x20\x20\x74\x72\x61\x6e\
\x73\x66\x6f\x72\x6d\x3d\x22\x74\x72\x61\x6e\x73\x6c\x61\x74\x65\
\x28\x36\x32\x38\x2c\x2d\x31\x34\x30\x2e\x34\x39\x39\x39\x38\x29\
\x22\x3e\x0d\x0a\x20\x20\x20\x20\x20\x20\x3c\x70\x61\x74\x68\x0d\
\x0a\x20\x20\x20\x20\x20\x20\x20\x20\x20\x69\x64\x3d\x22\x70\x61\
\x74\x68\x38\x34\x36\x22\x0d\x0a\x20\x20\x20\x20\x20\x20\x20\x20\
\x20\x73\x74\x79\x6c\x65\x3d\x22\x63\x6f\x6c\x6f\x72\x3a\x23\x30\
\x30\x30\x30\x30\x30\x3b\x66\x6f\x6e\x74\x2d\x73\x74\x79\x6c\x65\
\x3a\x6e\x6f\x72\x6d\x61\x6c\x3b\x66\x6f\x6e\x74\x2d\x76\x61\x72\
\x69\x61\x6e\x74\x3a\x6e\x6f\x72\x6d\x61\x6c\x3b\x66\x6f\x6e\x74\
\x2d\x77\x65\x69\x67\x68\x74\x3a\x6e\x6f\x72\x6d\x61\x6c\x3b\x66\
\x6f\x6e\x74\x2d\x73\x74\x72\x65\x74\x63\x68\x3a\x6e\x6f\x72\x6d\
\x61\x6c\x3b\x66\x6f\x6e\x74\x2d\x73\x69\x7a\x65\x3a\x6d\x65\x64\
\x69\x75\x6d\x3b\x6c\x69\x6e\x65\x2d\x68\x65\x69\x67\x68\x74\x3a\
\x6e\x6f\x72\x6d\x61\x6c\x3b\x66\x6f\x6e\x74\x2d\x66\x61\x6d\x69\
\x6c\x79\x3a\x73\x61\x6e\x73\x2d\x73\x65\x72\x69\x66\x3b\x66\x6f\
\x6e\x74\x2d\x76\x61\x72\x69\x61\x6e\x74\x2d\x6c\x69\x67\x61\x74\
\x75\x72\x65\x73\x3a\x6e\x6f\x72\x6d\x61\x6c\x3b\x66\x6f\x6e\x74\
\x2d\x76\x61\x72\x69\x61\x6e\x74\x2d\x70\x6f\x73\x69\x74\x69\x6f\
\x6e\x3a\x6e\x6f\x72\x6d\x61\x6c\x3b\x66\x6f\x6e\x74\x2d\x76\x61\
\x72\x69\x61\x6e\x74\x2d\x63\x61\x70\x73\x3a\x6e\x6f\x72\x6d\x61\
\x6c\x3b\x66\x6f\x6e\x74\x2d\x76\x61\x72\x69\x61\x6e\x74\x2d\x6e\
\x75\x6d\x65\x72\x69\x63\x3a\x6e\x6f\x72\x6d\x61\x6c\x3b\x66\x6f\
\x6e\x74\x2d\x76\x61\x72\x69\x61\x6e\x74\x2d\x61\x6c\x74\x65\x72\
\x6e\x61\x74\x65\x73\x3a\x6e\x6f\x72\x6d\x61\x6c\x3b\x66\x6f\x6e\
\x74\x2d\x76\x61\x72\x69\x61\x6e\x74\x2d\x65\x61\x73\x74\x2d\x61\
\x73\x69\x61\x6e\x3a\x6e\x6f\x72\x6d\x61\x6c\x3b\x66\x6f\x6e\x74\
\x2d\x66\x65\x61\x74\x75\x72\x65\x2d\x73\x65\x74\x74\x69\x6e\x67\
\x73\x3a\x6e\x6f\x72\x6d\x61\x6c\x3b\x66\x6f\x6e\x74\x2d\x76\x61\
\x72\x69\x61\x74\x69\x6f\x6e\x2d\x73\x65\x74\x74\x69\x6e\x67\x73\
\x3a\x6e\x6f\x72\x6d\x61\x6c\x3b\x74\x65\x78\x74\x2d\x69\x6e\x64\
\x65\x6e\x74\x3a\x30\x3b\x74\x65\x78\x74\x2d\x61\x6c\x69\x67\x6e\
\x3a\x73\x74\x61\x72\x74\x3b\x74\x65\x78\x74\x2d\x64\x65\x63\x6f\
\x72\x61\x74\x69\x6f\x6e\x3a\x6e\x6f\x6e\x65\x3b\x74\x65\x78\x74\
\x2d\x64\x65\x63\x6f\x72\x61\x74\x69\x6f\x6e\x2d\x6c\x69\x6e\x65\
\x3a\x6e\x6f\x6e\x65\x3b\x74\x65\x78\x74\x2d\x64\x65\x63\x6f\x72\
\x61\x74\x69\x6f\x6e\x2d\x73\x74\x79\x6c\x65\x3a\x73\x6f\x6c\x69\
\x64\x3b\x74\x65\x78\x74\x2d\x64\x65\x63\x6f\x72\x61\x74\x69\x6f\
\x6e\x2d\x63\x6f\x6c\x6f\x72\x3a\x23\x30\x30\x30\x30\x30\x30\x3b\
\x6c\x65\x74\x74\x65\x72\x2d\x73\x70\x61\x63\x69\x6e\x67\x3a\x6e\
\x6f\x72\x6d\x61\x6c\x3b\x77\x6f\x72\x64\x2d\x73\x70\x61\x63\x69\
\x6e\x67\x3a\x6e\x6f\x72\x6d\x61\x6c\x3b\x74\x65\x78\x74\x2d\x74\
\x72\x61\x6e\x73\x66\x6f\x72\x6d\x3a\x6e\x6f\x6e\x65\x3b\x77\x72\
\x69\x74\x69\x6e\x67\x2d\x6d\x6f\x64\x65\x3a\x6c\x72\x2d\x74\x62\
\x3b\x64\x69\x72\x65\x63\x74\x69\x6f\x6e\x3a\x6c\x74\x72\x3b\x74\
\x65\x78\x74\x2d\x6f\x72\x69\x65\x6e\x74\x61\x74\x69\x6f\x6e\x3a\
\x6d\x69\x78\x65\x64\x3b\x64\x6f\x6d\x69\x6e\x61\x6e\x74\x2d\x62\
\x61\x73\x65\x6c\x69\x6e\x65\x3a\x61\x75\x74\x6f\x3b\x62\x61\x73\
\x65\x6c\x69\x6e\x65\x2d\x73\x68\x69\x66\x74\x3a\x62\x61\x73\x65\
\x6c\x69\x6e\x65\x3b\x74\x65\x78\x74\x2d\x61\x6e\x63\x68\x6f\x72\
\x3a\x73\x74\x61\x72\x74\x3b\x77\x68\x69\x74\x65\x2d\x73\x70\x61\
\x63\x65\x3a\x6e\x6f\x72\x6d\x61\x6c\x3b\x73\x68\x61\x70\x65\x2d\
\x70\x61\x64\x64\x69\x6e\x67\x3a\x30\x3b\x73\x68\x61\x70\x65\x2d\
\x6d\x61\x72\x67\x69\x6e\x3a\x30\x3b\x69\x6e\x6c\x69\x6e\x65\x2d\
\x73\x69\x7a\x65\x3a\x30\x3b\x63\x6c\x69\x70\x2d\x72\x75\x6c\x65\
\x3a\x6e\x6f\x6e\x7a\x65\x72\x6f\x3b\x64\x69\x73\x70\x6c\x61\x79\
\x3a\x69\x6e\x6c\x69\x6e\x65\x3b\x6f\x76\x65\x72\x66\x6c\x6f\x77\
\x3a\x76\x69\x73\x69\x62\x6c\x65\x3b\x76\x69\x73\x69\x62\x69\x6c\
\x69\x74\x79\x3a\x76\x69\x73\x69\x62\x6c\x65\x3b\x69\x73\x6f\x6c\
\x61\x74\x69\x6f\x6e\x3a\x61\x75\x74\x6f\x3b\x6d\x69\x78\x2d\x62\
\x6c\x65\x6e\x64\x2d\x6d\x6f\x64\x65\x3a\x6e\x6f\x72\x6d\x61\x6c\
\x3b\x63\x6f\x6c\x6f\x72\x2d\x69\x6e\x74\x65\x72\x70\x6f\x6c\x61\
\x74\x69\x6f\x6e\x3a\x73\x52\x47\x42\x3b\x63\x6f\x6c\x6f\x72\x2d\
\x69\x6e\x74\x65\x72\x70\x6f\x6c\x61\x74\x69\x6f\x6e\x2d\x66\x69\
\x6c\x74\x65\x72\x73\x3a\x6c\x69\x6e\x65\x61\x72\x52\x47\x42\x3b\
\x73\x6f\x6c\x69\x64\x2d\x63\x6f\x6c\x6f\x72\x3a\x23\x30\x30\x30\
\x30\x30\x30\x3b\x73\x6f\x6c\x69\x64\x2d\x6f\x70\x61\x63\x69\x74\
\x79\x3a\x31\x3b\x76\x65\x63\x74\x6f\x72\x2d\x65\x66\x66\x65\x63\
\x74\x3a\x6e\x6f\x6e\x65\x3b\x66\x69\x6c\x6c\x3a\x23\x66\x66\x66\
\x66\x66\x66\x3b\x66\x69\x6c\x6c\x2d\x6f\x70\x61\x63\x69\x74\x79\
\x3a\x31\x3b\x66\x69\x6c\x6c\x2d\x72\x75\x6c\x65\x3a\x65\x76\x65\
\x6e\x6f\x64\x64\x3b\x73\x74\x72\x6f\x6b\x65\x3a\x6e\x6f\x6e\x65\
\x3b\x73\x74\x72\x6f\x6b\x65\x2d\x77\x69\x64\x74\x68\x3a\x31\x70\
\x78\x3b\x73\x74\x72\x6f\x6b\x65\x2d\x6c\x69\x6e\x65\x63\x61\x70\
\x3a\x72\x6f\x75\x6e\x64\x3b\x73\x74\x72\x6f\x6b\x65\x2d\x6c\x69\
\x6e\x65\x6a\x6f\x69\x6e\x3a\x6d\x69\x74\x65\x72\x3b\x73\x74\x72\
\x6f\x6b\x65\x2d\x6d\x69\x74\x65\x72\x6c\x69\x6d\x69\x74\x3a\x34\
\x3b\x73\x74\x72\x6f\x6b\x65\x2d\x64\x61\x73\x68\x61\x72\x72\x61\
\x79\x3a\x6e\x6f\x6e\x65\x3b\x73\x74\x72\x6f\x6b\x65\x2d\x64\x61\
\x73\x68\x6f\x66\x66\x73\x65\x74\x3a\x30\x3b\x73\x74\x72\x6f\x6b\
\x65\x2d\x6f\x70\x61\x63\x69\x74\x79\x3a\x31\x3b\x63\x6f\x6c\x6f\
\x72\x2d\x72\x65\x6e\x64\x65\x72\x69\x6e\x67\x3a\x61\x75\x74\x6f\
\x3b\x69\x6d\x61\x67\x65\x2d\x72\x65\x6e\x64\x65\x72\x69\x6e\x67\
\x3a\x61\x75\x74\x6f\x3b\x73\x68\x61\x70\x65\x2d\x72\x65\x6e\x64\
\x65\x72\x69\x6e\x67\x3a\x61\x75\x74\x6f\x3b\x74\x65\x78\x74\x2d\
\x72\x65\x6e\x64\x65\x72\x69\x6e\x67\x3a\x61\x75\x74\x6f\x3b\x65\
\x6e\x61\x62\x6c\x65\x2d\x62\x61\x63\x6b\x67\x72\x6f\x75\x6e\x64\
\x3a\x61\x63\x63\x75\x6d\x75\x6c\x61\x74\x65\x3b\x73\x74\x6f\x70\
\x2d\x63\x6f\x6c\x6f\x72\x3a\x23\x30\x30\x30\x30\x30\x30\x3b\x73\
\x74\x6f\x70\x2d\x6f\x70\x61\x63\x69\x74\x79\x3a\x31\x3b\x6f\x70\
\x61\x63\x69\x74\x79\x3a\x31\x22\x0d\x0a\x20\x20\x20\x20\x20\x20\
\x20\x20\x20\x64\x3d\x22\x4d\x20\x34\x2e\x34\x37\x36\x35\x36\x32\
\x35\x20\x34\x2e\x30\x30\x31\x39\x35\x33\x31\x20\x41\x20\x30\x2e\
\x35\x20\x30\x2e\x35\x20\x30\x20\x30\x20\x30\x20\x34\x2e\x31\x34\
\x36\x34\x38\x34\x34\x20\x34\x2e\x31\x34\x36\x34\x38\x34\x34\x20\
\x41\x20\x30\x2e\x35\x20\x30\x2e\x35\x20\x30\x20\x30\x20\x30\x20\
\x34\x2e\x31\x34\x36\x34\x38\x34\x34\x20\x34\x2e\x38\x35\x33\x35\
\x31\x35\x36\x20\x4c\x20\x37\x2e\x32\x39\x32\x39\x36\x38\x38\x20\
\x38\x20\x4c\x20\x34\x2e\x31\x34\x36\x34\x38\x34\x34\x20\x31\x31\
\x2e\x31\x34\x36\x34\x38\x34\x20\x41\x20\x30\x2e\x35\x20\x30\x2e\
\x35\x20\x30\x20\x30\x20\x30\x20\x34\x2e\x31\x34\x36\x34\x38\x34\
\x34\x20\x31\x31\x2e\x38\x35\x33\x35\x31\x36\x20\x41\x20\x30\x2e\
\x35\x20\x30\x2e\x35\x20\x30\x20\x30\x20\x30\x20\x34\x2e\x38\x35\
\x33\x35\x31\x35\x36\x20\x31\x31\x2e\x38\x35\x33\x35\x31\x36\x20\
\x4c\x20\x38\x20\x38\x2e\x37\x30\x37\x30\x33\x31\x32\x20\x4c\x20\
\x31\x31\x2e\x31\x34\x36\x34\x38\x34\x20\x31\x31\x2e\x38\x35\x33\
\x35\x31\x36\x20\x41\x20\x30\x2e\x35\x20\x30\x2e\x35\x20\x30\x20\
\x30\x20\x30\x20\x31\x31\x2e\x38\x35\x33\x35\x31\x36\x20\x31\x31\
\x2e\x38\x35\x33\x35\x31\x36\x20\x41\x20\x30\x2e\x35\x20\x30\x2e\
\x35\x20\x30\x20\x30\x20\x30\x20\x31\x31\x2e\x38\x35\x33\x35\x31\
\x36\x20\x31\x31\x2e\x31\x34\x36\x34\x38\x34\x20\x4c\x20\x38\x2e\
\x37\x30\x37\x30\x33\x31\x32\x20\x38\x20\x4c\x20\x31\x31\x2e\x38\
\x35\x33\x35\x31\x36\x20\x34\x2e\x38\x35\x33\x35\x31\x35\x36\x20\
\x41\x20\x30\x2e\x35\x20\x30\x2e\x35\x20\x30\x20\x30\x20\x30\x20\
\x31\x31\x2e\x38\x35\x33\x35\x31\x36\x20\x34\x2e\x31\x34\x36\x34\
\x38\x34\x34\x20\x41\x20\x30\x2e\x35\x20\x30\x2e\x35\x20\x30\x20\
\x30\x20\x30\x20\x31\x31\x2e\x34\x37\x36\x35\x36\x32\x20\x34\x2e\
\x30\x30\x31\x39\x35\x33\x31\x20\x41\x20\x30\x2e\x35\x20\x30\x2e\
\x35\x20\x30\x20\x30\x20\x30\x20\x31\x31\x2e\x31\x34\x36\x34\x38\
\x34\x20\x34\x2e\x31\x34\x36\x34\x38\x34\x34\x20\x4c\x20\x38\x20\
\x37\x2e\x32\x39\x32\x39\x36\x38\x38\x20\x4c\x20\x34\x2e\x38\x35\
\x33\x35\x31\x35\x36\x20\x34\x2e\x31\x34\x36\x34\x38\x34\x34\x20\
\x41\x20\x30\x2e\x35\x20\x30\x2e\x35\x20\x30\x20\x30\x20\x30\x20\
\x34\x2e\x34\x37\x36\x35\x36\x32\x35\x20\x34\x2e\x30\x30\x31\x39\
\x35\x33\x31\x20\x7a\x20\x22\x0d\x0a\x20\x20\x20\x20\x20\x20\x20\
\x20\x20\x74\x72\x61\x6e\x73\x66\x6f\x72\x6d\x3d\x22\x74\x72\x61\
\x6e\x73\x6c\x61\x74\x65\x28\x2d\x36\x32\x38\x2c\x31\x31\x37\x36\
\x2e\x38\x36\x32\x32\x29\x22\x20\x2f\x3e\x0d\x0a\x20\x20\x20\x20\
\x3c\x2f\x67\x3e\x0d\x0a\x20\x20\x3c\x2f\x67\x3e\x0d\x0a\x20\x20\
\x3c\x6d\x65\x74\x61\x64\x61\x74\x61\x0d\x0a\x20\x20\x20\x20\x20\
\x69\x64\x3d\x22\x6d\x65\x74\x61\x64\x61\x74\x61\x31\x32\x22\x3e\
\x0d\x0a\x20\x20\x20\x20\x3c\x72\x64\x66\x3a\x52\x44\x46\x3e\x0d\
\x0a\x20\x20\x20\x20\x20\x20\x3c\x72\x64\x66\x3a\x44\x65\x73\x63\
\x72\x69\x70\x74\x69\x6f\x6e\x0d\x0a\x20\x20\x20\x20\x20\x20\x20\
\x20\x20\x64\x63\x3a\x6c\x61\x6e\x67\x75\x61\x67\x65\x3d\x22\x65\
\x6e\x22\x0d\x0a\x20\x20\x20\x20\x20\x20\x20\x20\x20\x64\x63\x3a\
\x66\x6f\x72\x6d\x61\x74\x3d\x22\x69\x6d\x61\x67\x65\x2f\x73\x76\
\x67\x2b\x78\x6d\x6c\x22\x0d\x0a\x20\x20\x20\x20\x20\x20\x20\x20\
\x20\x64\x63\x3a\x64\x61\x74\x65\x3d\x22\x32\x30\x31\x36\x2d\x31\
\x32\x2d\x31\x34\x22\x0d\x0a\x20\x20\x20\x20\x20\x20\x20\x20\x20\
\x64\x63\x3a\x70\x75\x62\x6c\x69\x73\x68\x65\x72\x3d\x22\x49\x63\
\x6f\x6e\x73\x63\x6f\x75\x74\x22\x0d\x0a\x20\x20\x20\x20\x20\x20\
\x20\x20\x20\x64\x63\x3a\x64\x65\x73\x63\x72\x69\x70\x74\x69\x6f\
\x6e\x3d\x22\x4d\x65\x6e\x75\x2c\x20\x42\x61\x72\x2c\x20\x4c\x69\
\x6e\x65\x73\x2c\x20\x4f\x70\x74\x69\x6f\x6e\x2c\x20\x4c\x69\x73\
\x74\x2c\x20\x48\x61\x6d\x62\x75\x72\x67\x65\x72\x2c\x20\x57\x65\
\x62\x22\x0d\x0a\x20\x20\x20\x20\x20\x20\x20\x20\x20\x64\x63\x3a\
\x74\x69\x74\x6c\x65\x3d\x22\x4d\x65\x6e\x75\x2c\x20\x42\x61\x72\
\x2c\x20\x4c\x69\x6e\x65\x73\x2c\x20\x4f\x70\x74\x69\x6f\x6e\x2c\
\x20\x4c\x69\x73\x74\x2c\x20\x48\x61\x6d\x62\x75\x72\x67\x65\x72\
\x2c\x20\x57\x65\x62\x22\x0d\x0a\x20\x20\x20\x20\x20\x20\x20\x20\
\x20\x61\x62\x6f\x75\x74\x3d\x22\x68\x74\x74\x70\x73\x3a\x2f\x2f\
\x69\x63\x6f\x6e\x73\x63\x6f\x75\x74\x2e\x63\x6f\x6d\x2f\x6c\x65\
\x67\x61\x6c\x23\x6c\x69\x63\x65\x6e\x73\x65\x73\x22\x3e\x0d\x0a\
\x20\x20\x20\x20\x20\x20\x20\x20\x3c\x64\x63\x3a\x63\x72\x65\x61\
\x74\x6f\x72\x3e\x0d\x0a\x20\x20\x20\x20\x20\x20\x20\x20\x20\x20\
\x3c\x72\x64\x66\x3a\x42\x61\x67\x3e\x0d\x0a\x20\x20\x20\x20\x20\
\x20\x20\x20\x20\x20\x20\x20\x3c\x72\x64\x66\x3a\x6c\x69\x3e\x4a\
\x65\x6d\x69\x73\x20\x4d\x61\x6c\x69\x3c\x2f\x72\x64\x66\x3a\x6c\
\x69\x3e\x0d\x0a\x20\x20\x20\x20\x20\x20\x20\x20\x20\x20\x3c\x2f\
\x72\x64\x66\x3a\x42\x61\x67\x3e\x0d\x0a\x20\x20\x20\x20\x20\x20\
\x20\x20\x3c\x2f\x64\x63\x3a\x63\x72\x65\x61\x74\x6f\x72\x3e\x0d\
\x0a\x20\x20\x20\x20\x20\x20\x3c\x2f\x72\x64\x66\x3a\x44\x65\x73\
\x63\x72\x69\x70\x74\x69\x6f\x6e\x3e\x0d\x0a\x20\x20\x20\x20\x20\
\x20\x3c\x63\x63\x3a\x57\x6f\x72\x6b\x0d\x0a\x20\x20\x20\x20\x20\
\x20\x20\x20\x20\x72\x64\x66\x3a\x61\x62\x6f\x75\x74\x3d\x22\x22\
\x3e\x0d\x0a\x20\x20\x20\x20\x20\x20\x20\x20\x3c\x64\x63\x3a\x66\
\x6f\x72\x6d\x61\x74\x3e\x69\x6d\x61\x67\x65\x2f\x73\x76\x67\x2b\
\x78\x6d\x6c\x3c\x2f\x64\x63\x3a\x66\x6f\x72\x6d\x61\x74\x3e\x0d\
\x0a\x20\x20\x20\x20\x20\x20\x20\x20\x3c\x64\x63\x3a\x74\x79\x70\
\x65\x0d\x0a\x20\x20\x20\x20\x20\x20\x20\x20\x20\x20\x20\x72\x64\
\x66\x3a\x72\x65\x73\x6f\x75\x72\x63\x65\x3d\x22\x68\x74\x74\x70\
\x3a\x2f\x2f\x70\x75\x72\x6c\x2e\x6f\x72\x67\x2f\x64\x63\x2f\x64\
\x63\x6d\x69\x74\x79\x70\x65\x2f\x53\x74\x69\x6c\x6c\x49\x6d\x61\
\x67\x65\x22\x20\x2f\x3e\x0d\x0a\x20\x20\x20\x20\x20\x20\x20\x20\
\x3c\x64\x63\x3a\x74\x69\x74\x6c\x65\x3e\x3c\x2f\x64\x63\x3a\x74\
\x69\x74\x6c\x65\x3e\x0d\x0a\x20\x20\x20\x20\x20\x20\x3c\x2f\x63\
\x63\x3a\x57\x6f\x72\x6b\x3e\x0d\x0a\x20\x20\x20\x20\x3c\x2f\x72\
\x64\x66\x3a\x52\x44\x46\x3e\x0d\x0a\x20\x20\x3c\x2f\x6d\x65\x74\
\x61\x64\x61\x74\x61\x3e\x0d\x0a\x3c\x2f\x73\x76\x67\x3e\x0d\x0a\
\
\x00\x00\x01\x4e\
\x3c\
\x3f\x78\x6d\x6c\x20\x76\x65\x72\x73\x69\x6f\x6e\x3d\x22\x31\x2e\
\x30\x22\x20\x65\x6e\x63\x6f\x64\x69\x6e\x67\x3d\x22\x55\x54\x46\
\x2d\x38\x22\x3f\x3e\x0d\x0a\x3c\x73\x76\x67\x20\x77\x69\x64\x74\
\x68\x3d\x22\x31\x36\x22\x20\x68\x65\x69\x67\x68\x74\x3d\x22\x31\
\x36\x22\x20\x65\x6e\x61\x62\x6c\x65\x2d\x62\x61\x63\x6b\x67\x72\
\x6f\x75\x6e\x64\x3d\x22\x6e\x65\x77\x20\x30\x20\x30\x20\x31\x32\
\x32\x2e\x38\x37\x39\x20\x31\x32\x32\x2e\x38\x36\x37\x22\x20\x76\
\x65\x72\x73\x69\x6f\x6e\x3d\x22\x31\x2e\x31\x22\x20\x76\x69\x65\
\x77\x42\x6f\x78\x3d\x22\x30\x20\x30\x20\x31\x36\x20\x31\x36\x22\
\x20\x78\x6d\x6c\x3a\x73\x70\x61\x63\x65\x3d\x22\x70\x72\x65\x73\
\x65\x72\x76\x65\x22\x20\x78\x6d\x6c\x6e\x73\x3d\x22\x68\x74\x74\
\x70\x3a\x2f\x2f\x77\x77\x77\x2e\x77\x33\x2e\x6f\x72\x67\x2f\x32\
\x30\x30\x30\x2f\x73\x76\x67\x22\x3e\x3c\x70\x61\x74\x68\x20\x64\
\x3d\x22\x6d\x36\x20\x33\x76\x36\x68\x2d\x31\x76\x31\x68\x33\x76\
\x34\x68\x31\x76\x2d\x34\x68\x33\x76\x2d\x31\x68\x2d\x31\x76\x2d\
\x36\x68\x2d\x34\x7a\x6d\x31\x20\x31\x68\x32\x76\x35\x68\x2d\x32\
\x7a\x22\x20\x63\x6f\x6c\x6f\x72\x3d\x22\x23\x30\x30\x30\x30\x30\
\x30\x22\x20\x66\x69\x6c\x6c\x2d\x6f\x70\x61\x63\x69\x74\x79\x3d\
\x22\x2e\x32\x35\x22\x20\x73\x74\x79\x6c\x65\x3d\x22\x2d\x69\x6e\
\x6b\x73\x63\x61\x70\x65\x2d\x73\x74\x72\x6f\x6b\x65\x3a\x6e\x6f\
\x6e\x65\x22\x2f\x3e\x3c\x2f\x73\x76\x67\x3e\x0d\x0a\
\x00\x00\x11\x24\
\x3c\
\x3f\x78\x6d\x6c\x20\x76\x65\x72\x73\x69\x6f\x6e\x3d\x22\x31\x2e\
\x30\x22\x20\x65\x6e\x63\x6f\x64\x69\x6e\x67\x3d\x22\x55\x54\x46\
\x2d\x38\x22\x20\x73\x74\x61\x6e\x64\x61\x6c\x6f\x6e\x65\x3d\x22\
\x6e\x6f\x22\x3f\x3e\x0d\x0a\x3c\x73\x76\x67\x0d\x0a\x20\x20\x20\
\x78\x6d\x6c\x6e\x73\x3a\x64\x63\x3d\x22\x68\x74\x74\x70\x3a\x2f\
\x2f\x70\x75\x72\x6c\x2e\x6f\x72\x67\x2f\x64\x63\x2f\x65\x6c\x65\
\x6d\x65\x6e\x74\x73\x2f\x31\x2e\x31\x2f\x22\x0d\x0a\x20\x20\x20\
\x78\x6d\x6c\x6e\x73\x3a\x63\x63\x3d\x22\x68\x74\x74\x70\x3a\x2f\
\x2f\x63\x72\x65\x61\x74\x69\x76\x65\x63\x6f\x6d\x6d\x6f\x6e\x73\
\x2e\x6f\x72\x67\x2f\x6e\x73\x23\x22\x0d\x0a\x20\x20\x20\x78\x6d\
\x6c\x6e\x73\x3a\x72\x64\x66\x3d\x22\x68\x74\x74\x70\x3a\x2f\x2f\
\x77\x77\x77\x2e\x77\x33\x2e\x6f\x72\x67\x2f\x31\x39\x39\x39\x2f\
\x30\x32\x2f\x32\x32\x2d\x72\x64\x66\x2d\x73\x79\x6e\x74\x61\x78\
\x2d\x6e\x73\x23\x22\x0d\x0a\x20\x20\x20\x78\x6d\x6c\x6e\x73\x3a\
\x73\x76\x67\x3d\x22\x68\x74\x74\x70\x3a\x2f\x2f\x77\x77\x77\x2e\
\x77\x33\x2e\x6f\x72\x67\x2f\x32\x30\x30\x30\x2f\x73\x76\x67\x22\
\x0d\x0a\x20\x20\x20\x78\x6d\x6c\x6e\x73\x3d\x22\x68\x74\x74\x70\
\x3a\x2f\x2f\x77\x77\x77\x2e\x77\x33\x2e\x6f\x72\x67\x2f\x32\x30\
\x30\x30\x2f\x73\x76\x67\x22\x0d\x0a\x20\x20\x20\x78\x6d\x6c\x6e\
\x73\x3a\x73\x6f\x64\x69\x70\x6f\x64\x69\x3d\x22\x68\x74\x74\x70\
\x3a\x2f\x2f\x73\x6f\x64\x69\x70\x6f\x64\x69\x2e\x73\x6f\x75\x72\
\x63\x65\x66\x6f\x72\x67\x65\x2e\x6e\x65\x74\x2f\x44\x54\x44\x2f\
\x73\x6f\x64\x69\x70\x6f\x64\x69\x2d\x30\x2e\x64\x74\x64\x22\x0d\
\x0a\x20\x20\x20\x78\x6d\x6c\x6e\x73\x3a\x69\x6e\x6b\x73\x63\x61\
\x70\x65\x3d\x22\x68\x74\x74\x70\x3a\x2f\x2f\x77\x77\x77\x2e\x69\
\x6e\x6b\x73\x63\x61\x70\x65\x2e\x6f\x72\x67\x2f\x6e\x61\x6d\x65\
\x73\x70\x61\x63\x65\x73\x2f\x69\x6e\x6b\x73\x63\x61\x70\x65\x22\
\x0d\x0a\x20\x20\x20\x77\x69\x64\x74\x68\x3d\x22\x31\x36\x70\x78\
\x22\x0d\x0a\x20\x20\x20\x68\x65\x69\x67\x68\x74\x3d\x22\x31\x36\
\x70\x78\x22\x0d\x0a\x20\x20\x20\x76\x69\x65\x77\x42\x6f\x78\x3d\
\x22\x30\x20\x30\x20\x31\x36\x20\x31\x36\x22\x0d\x0a\x20\x20\x20\
\x69\x64\x3d\x22\x73\x76\x67\x32\x22\x0d\x0a\x20\x20\x20\x76\x65\
\x72\x73\x69\x6f\x6e\x3d\x22\x31\x2e\x31\x22\x0d\x0a\x20\x20\x20\
\x69\x6e\x6b\x73\x63\x61\x70\x65\x3a\x76\x65\x72\x73\x69\x6f\x6e\
\x3d\x22\x30\x2e\x39\x32\x2e\x35\x20\x28\x32\x30\x36\x30\x65\x63\
\x31\x66\x39\x66\x2c\x20\x32\x30\x32\x30\x2d\x30\x34\x2d\x30\x38\
\x29\x22\x0d\x0a\x20\x20\x20\x73\x6f\x64\x69\x70\x6f\x64\x69\x3a\
\x64\x6f\x63\x6e\x61\x6d\x65\x3d\x22\x72\x65\x73\x74\x6f\x72\x65\
\x2d\x62\x75\x74\x74\x6f\x6e\x2d\x66\x6f\x63\x75\x73\x65\x64\x2e\
\x73\x76\x67\x22\x3e\x0d\x0a\x20\x20\x3c\x73\x74\x79\x6c\x65\x0d\
\x0a\x20\x20\x20\x20\x20\x69\x64\x3d\x22\x73\x74\x79\x6c\x65\x32\
\x22\x20\x2f\x3e\x0d\x0a\x20\x20\x3c\x64\x65\x66\x73\x0d\x0a\x20\
\x20\x20\x20\x20\x69\x64\x3d\x22\x64\x65\x66\x73\x34\x22\x3e\x0d\
\x0a\x20\x20\x20\x20\x3c\x70\x61\x74\x74\x65\x72\x6e\x0d\x0a\x20\
\x20\x20\x20\x20\x20\x20\x79\x3d\x22\x30\x22\x0d\x0a\x20\x20\x20\
\x20\x20\x20\x20\x78\x3d\x22\x30\x22\x0d\x0a\x20\x20\x20\x20\x20\
\x20\x20\x68\x65\x69\x67\x68\x74\x3d\x22\x36\x22\x0d\x0a\x20\x20\
\x20\x20\x20\x20\x20\x77\x69\x64\x74\x68\x3d\x22\x36\x22\x0d\x0a\
\x20\x20\x20\x20\x20\x20\x20\x70\x61\x74\x74\x65\x72\x6e\x55\x6e\
\x69\x74\x73\x3d\x22\x75\x73\x65\x72\x53\x70\x61\x63\x65\x4f\x6e\
\x55\x73\x65\x22\x0d\x0a\x20\x20\x20\x20\x20\x20\x20\x69\x64\x3d\
\x22\x45\x4d\x46\x68\x62\x61\x73\x65\x70\x61\x74\x74\x65\x72\x6e\
\x22\x20\x2f\x3e\x0d\x0a\x20\x20\x20\x20\x3c\x70\x61\x74\x74\x65\
\x72\x6e\x0d\x0a\x20\x20\x20\x20\x20\x20\x20\x79\x3d\x22\x30\x22\
\x0d\x0a\x20\x20\x20\x20\x20\x20\x20\x78\x3d\x22\x30\x22\x0d\x0a\
\x20\x20\x20\x20\x20\x20\x20\x68\x65\x69\x67\x68\x74\x3d\x22\x36\
\x22\x0d\x0a\x20\x20\x20\x20\x20\x20\x20\x77\x69\x64\x74\x68\x3d\
\x22\x36\x22\x0d\x0a\x20\x20\x20\x20\x20\x20\x20\x70\x61\x74\x74\
\x65\x72\x6e\x55\x6e\x69\x74\x73\x3d\x22\x75\x73\x65\x72\x53\x70\
\x61\x63\x65\x4f\x6e\x55\x73\x65\x22\x0d\x0a\x20\x20\x20\x20\x20\
\x20\x20\x69\x64\x3d\x22\x45\x4d\x46\x68\x62\x61\x73\x65\x70\x61\
\x74\x74\x65\x72\x6e\x2d\x34\x22\x20\x2f\x3e\x0d\x0a\x20\x20\x20\
\x20\x3c\x70\x61\x74\x74\x65\x72\x6e\x0d\x0a\x20\x20\x20\x20\x20\
\x20\x20\x79\x3d\x22\x30\x22\x0d\x0a\x20\x20\x20\x20\x20\x20\x20\
\x78\x3d\x22\x30\x22\x0d\x0a\x20\x20\x20\x20\x20\x20\x20\x68\x65\
\x69\x67\x68\x74\x3d\x22\x36\x22\x0d\x0a\x20\x20\x20\x20\x20\x20\
\x20\x77\x69\x64\x74\x68\x3d\x22\x36\x22\x0d\x0a\x20\x20\x20\x20\
\x20\x20\x20\x70\x61\x74\x74\x65\x72\x6e\x55\x6e\x69\x74\x73\x3d\
\x22\x75\x73\x65\x72\x53\x70\x61\x63\x65\x4f\x6e\x55\x73\x65\x22\
\x0d\x0a\x20\x20\x20\x20\x20\x20\x20\x69\x64\x3d\x22\x45\x4d\x46\
\x68\x62\x61\x73\x65\x70\x61\x74\x74\x65\x72\x6e\x2d\x33\x22\x20\
\x2f\x3e\x0d\x0a\x20\x20\x20\x20\x3c\x70\x61\x74\x74\x65\x72\x6e\
\x0d\x0a\x20\x20\x20\x20\x20\x20\x20\x79\x3d\x22\x30\x22\x0d\x0a\
\x20\x20\x20\x20\x20\x20\x20\x78\x3d\x22\x30\x22\x0d\x0a\x20\x20\
\x20\x20\x20\x20\x20\x68\x65\x69\x67\x68\x74\x3d\x22\x36\x22\x0d\
\x0a\x20\x20\x20\x20\x20\x20\x20\x77\x69\x64\x74\x68\x3d\x22\x36\
\x22\x0d\x0a\x20\x20\x20\x20\x20\x20\x20\x70\x61\x74\x74\x65\x72\
\x6e\x55\x6e\x69\x74\x73\x3d\x22\x75\x73\x65\x72\x53\x70\x61\x63\
\x65\x4f\x6e\x55\x73\x65\x22\x0d\x0a\x20\x20\x20\x20\x20\x20\x20\
\x69\x64\x3d\x22\x45\x4d\x46\x68\x62\x61\x73\x65\x70\x61\x74\x74\
\x65\x72\x6e\x2d\x38\x22\x20\x2f\x3e\x0d\x0a\x20\x20\x3c\x2f\x64\
\x65\x66\x73\x3e\x0d\x0a\x20\x20\x3c\x73\x6f\x64\x69\x70\x6f\x64\
\x69\x3a\x6e\x61\x6d\x65\x64\x76\x69\x65\x77\x0d\x0a\x20\x20\x20\
\x20\x20\x69\x64\x3d\x22\x62\x61\x73\x65\x22\x0d\x0a\x20\x20\x20\
\x20\x20\x70\x61\x67\x65\x63\x6f\x6c\x6f\x72\x3d\x22\x23\x66\x66\
\x66\x66\x66\x66\x22\x0d\x0a\x20\x20\x20\x20\x20\x62\x6f\x72\x64\
\x65\x72\x63\x6f\x6c\x6f\x72\x3d\x22\x23\x36\x36\x36\x36\x36\x36\
\x22\x0d\x0a\x20\x20\x20\x20\x20\x62\x6f\x72\x64\x65\x72\x6f\x70\
\x61\x63\x69\x74\x79\x3d\x22\x31\x2e\x30\x22\x0d\x0a\x20\x20\x20\
\x20\x20\x69\x6e\x6b\x73\x63\x61\x70\x65\x3a\x70\x61\x67\x65\x6f\
\x70\x61\x63\x69\x74\x79\x3d\x22\x30\x2e\x30\x22\x0d\x0a\x20\x20\
\x20\x20\x20\x69\x6e\x6b\x73\x63\x61\x70\x65\x3a\x70\x61\x67\x65\
\x73\x68\x61\x64\x6f\x77\x3d\x22\x32\x22\x0d\x0a\x20\x20\x20\x20\
\x20\x69\x6e\x6b\x73\x63\x61\x70\x65\x3a\x7a\x6f\x6f\x6d\x3d\x22\
\x33\x32\x22\x0d\x0a\x20\x20\x20\x20\x20\x69\x6e\x6b\x73\x63\x61\
\x70\x65\x3a\x63\x78\x3d\x22\x33\x2e\x36\x37\x39\x34\x33\x39\x34\
\x22\x0d\x0a\x20\x20\x20\x20\x20\x69\x6e\x6b\x73\x63\x61\x70\x65\
\x3a\x63\x79\x3d\x22\x37\x2e\x38\x34\x31\x31\x30\x34\x22\x0d\x0a\
\x20\x20\x20\x20\x20\x69\x6e\x6b\x73\x63\x61\x70\x65\x3a\x64\x6f\
\x63\x75\x6d\x65\x6e\x74\x2d\x75\x6e\x69\x74\x73\x3d\x22\x70\x78\
\x22\x0d\x0a\x20\x20\x20\x20\x20\x69\x6e\x6b\x73\x63\x61\x70\x65\
\x3a\x63\x75\x72\x72\x65\x6e\x74\x2d\x6c\x61\x79\x65\x72\x3d\x22\
\x67\x35\x32\x32\x38\x22\x0d\x0a\x20\x20\x20\x20\x20\x73\x68\x6f\
\x77\x67\x72\x69\x64\x3d\x22\x74\x72\x75\x65\x22\x0d\x0a\x20\x20\
\x20\x20\x20\x75\x6e\x69\x74\x73\x3d\x22\x70\x78\x22\x0d\x0a\x20\
\x20\x20\x20\x20\x69\x6e\x6b\x73\x63\x61\x70\x65\x3a\x77\x69\x6e\
\x64\x6f\x77\x2d\x77\x69\x64\x74\x68\x3d\x22\x31\x38\x34\x38\x22\
\x0d\x0a\x20\x20\x20\x20\x20\x69\x6e\x6b\x73\x63\x61\x70\x65\x3a\
\x77\x69\x6e\x64\x6f\x77\x2d\x68\x65\x69\x67\x68\x74\x3d\x22\x39\
\x32\x30\x22\x0d\x0a\x20\x20\x20\x20\x20\x69\x6e\x6b\x73\x63\x61\
\x70\x65\x3a\x77\x69\x6e\x64\x6f\x77\x2d\x78\x3d\x22\x37\x32\x22\
\x0d\x0a\x20\x20\x20\x20\x20\x69\x6e\x6b\x73\x63\x61\x70\x65\x3a\
\x77\x69\x6e\x64\x6f\x77\x2d\x79\x3d\x22\x32\x37\x22\x0d\x0a\x20\
\x20\x20\x20\x20\x69\x6e\x6b\x73\x63\x61\x70\x65\x3a\x77\x69\x6e\
\x64\x6f\x77\x2d\x6d\x61\x78\x69\x6d\x69\x7a\x65\x64\x3d\x22\x31\
\x22\x0d\x0a\x20\x20\x20\x20\x20\x69\x6e\x6b\x73\x63\x61\x70\x65\
\x3a\x73\x6e\x61\x70\x2d\x62\x62\x6f\x78\x3d\x22\x74\x72\x75\x65\
\x22\x0d\x0a\x20\x20\x20\x20\x20\x69\x6e\x6b\x73\x63\x61\x70\x65\
\x3a\x62\x62\x6f\x78\x2d\x70\x61\x74\x68\x73\x3d\x22\x74\x72\x75\
\x65\x22\x0d\x0a\x20\x20\x20\x20\x20\x69\x6e\x6b\x73\x63\x61\x70\
\x65\x3a\x62\x62\x6f\x78\x2d\x6e\x6f\x64\x65\x73\x3d\x22\x74\x72\
\x75\x65\x22\x0d\x0a\x20\x20\x20\x20\x20\x69\x6e\x6b\x73\x63\x61\
\x70\x65\x3a\x73\x6e\x61\x70\x2d\x62\x62\x6f\x78\x2d\x65\x64\x67\
\x65\x2d\x6d\x69\x64\x70\x6f\x69\x6e\x74\x73\x3d\x22\x74\x72\x75\
\x65\x22\x0d\x0a\x20\x20\x20\x20\x20\x69\x6e\x6b\x73\x63\x61\x70\
\x65\x3a\x73\x6e\x61\x70\x2d\x62\x62\x6f\x78\x2d\x6d\x69\x64\x70\
\x6f\x69\x6e\x74\x73\x3d\x22\x74\x72\x75\x65\x22\x0d\x0a\x20\x20\
\x20\x20\x20\x69\x6e\x6b\x73\x63\x61\x70\x65\x3a\x73\x6e\x61\x70\
\x2d\x67\x6c\x6f\x62\x61\x6c\x3d\x22\x74\x72\x75\x65\x22\x0d\x0a\
\x20\x20\x20\x20\x20\x69\x6e\x6b\x73\x63\x61\x70\x65\x3a\x64\x6f\
\x63\x75\x6d\x65\x6e\x74\x2d\x72\x6f\x74\x61\x74\x69\x6f\x6e\x3d\
\x22\x30\x22\x0d\x0a\x20\x20\x20\x20\x20\x73\x68\x6f\x77\x67\x75\
\x69\x64\x65\x73\x3d\x22\x74\x72\x75\x65\x22\x0d\x0a\x20\x20\x20\
\x20\x20\x69\x6e\x6b\x73\x63\x61\x70\x65\x3a\x67\x75\x69\x64\x65\
\x2d\x62\x62\x6f\x78\x3d\x22\x74\x72\x75\x65\x22\x3e\x0d\x0a\x20\
\x20\x20\x20\x3c\x69\x6e\x6b\x73\x63\x61\x70\x65\x3a\x67\x72\x69\
\x64\x0d\x0a\x20\x20\x20\x20\x20\x20\x20\x74\x79\x70\x65\x3d\x22\
\x78\x79\x67\x72\x69\x64\x22\x0d\x0a\x20\x20\x20\x20\x20\x20\x20\
\x69\x64\x3d\x22\x67\x72\x69\x64\x33\x33\x33\x36\x22\x20\x2f\x3e\
\x0d\x0a\x20\x20\x20\x20\x3c\x73\x6f\x64\x69\x70\x6f\x64\x69\x3a\
\x67\x75\x69\x64\x65\x0d\x0a\x20\x20\x20\x20\x20\x20\x20\x70\x6f\
\x73\x69\x74\x69\x6f\x6e\x3d\x22\x34\x2c\x31\x30\x22\x0d\x0a\x20\
\x20\x20\x20\x20\x20\x20\x6f\x72\x69\x65\x6e\x74\x61\x74\x69\x6f\
\x6e\x3d\x22\x31\x2c\x30\x22\x0d\x0a\x20\x20\x20\x20\x20\x20\x20\
\x69\x64\x3d\x22\x67\x75\x69\x64\x65\x38\x38\x33\x22\x0d\x0a\x20\
\x20\x20\x20\x20\x20\x20\x69\x6e\x6b\x73\x63\x61\x70\x65\x3a\x6c\
\x6f\x63\x6b\x65\x64\x3d\x22\x66\x61\x6c\x73\x65\x22\x20\x2f\x3e\
\x0d\x0a\x20\x20\x20\x20\x3c\x73\x6f\x64\x69\x70\x6f\x64\x69\x3a\
\x67\x75\x69\x64\x65\x0d\x0a\x20\x20\x20\x20\x20\x20\x20\x70\x6f\
\x73\x69\x74\x69\x6f\x6e\x3d\x22\x31\x30\x2c\x31\x32\x22\x0d\x0a\
\x20\x20\x20\x20\x20\x20\x20\x6f\x72\x69\x65\x6e\x74\x61\x74\x69\
\x6f\x6e\x3d\x22\x30\x2c\x2d\x31\x22\x0d\x0a\x20\x20\x20\x20\x20\
\x20\x20\x69\x64\x3d\x22\x67\x75\x69\x64\x65\x38\x38\x35\x22\x0d\
\x0a\x20\x20\x20\x20\x20\x20\x20\x69\x6e\x6b\x73\x63\x61\x70\x65\
\x3a\x6c\x6f\x63\x6b\x65\x64\x3d\x22\x66\x61\x6c\x73\x65\x22\x20\
\x2f\x3e\x0d\x0a\x20\x20\x20\x20\x3c\x73\x6f\x64\x69\x70\x6f\x64\
\x69\x3a\x67\x75\x69\x64\x65\x0d\x0a\x20\x20\x20\x20\x20\x20\x20\
\x70\x6f\x73\x69\x74\x69\x6f\x6e\x3d\x22\x31\x32\x2c\x32\x22\x0d\
\x0a\x20\x20\x20\x20\x20\x20\x20\x6f\x72\x69\x65\x6e\x74\x61\x74\
\x69\x6f\x6e\x3d\x22\x31\x2c\x30\x22\x0d\x0a\x20\x20\x20\x20\x20\
\x20\x20\x69\x64\x3d\x22\x67\x75\x69\x64\x65\x38\x38\x37\x22\x0d\
\x0a\x20\x20\x20\x20\x20\x20\x20\x69\x6e\x6b\x73\x63\x61\x70\x65\
\x3a\x6c\x6f\x63\x6b\x65\x64\x3d\x22\x66\x61\x6c\x73\x65\x22\x20\
\x2f\x3e\x0d\x0a\x20\x20\x20\x20\x3c\x73\x6f\x64\x69\x70\x6f\x64\
\x69\x3a\x67\x75\x69\x64\x65\x0d\x0a\x20\x20\x20\x20\x20\x20\x20\
\x70\x6f\x73\x69\x74\x69\x6f\x6e\x3d\x22\x31\x34\x2c\x34\x22\x0d\
\x0a\x20\x20\x20\x20\x20\x20\x20\x6f\x72\x69\x65\x6e\x74\x61\x74\
\x69\x6f\x6e\x3d\x22\x30\x2c\x2d\x31\x22\x0d\x0a\x20\x20\x20\x20\
\x20\x20\x20\x69\x64\x3d\x22\x67\x75\x69\x64\x65\x38\x38\x39\x22\
\x0d\x0a\x20\x20\x20\x20\x20\x20\x20\x69\x6e\x6b\x73\x63\x61\x70\
\x65\x3a\x6c\x6f\x63\x6b\x65\x64\x3d\x22\x66\x61\x6c\x73\x65\x22\
\x20\x2f\x3e\x0d\x0a\x20\x20\x3c\x2f\x73\x6f\x64\x69\x70\x6f\x64\
\x69\x3a\x6e\x61\x6d\x65\x64\x76\x69\x65\x77\x3e\x0d\x0a\x20\x20\
\x3c\x67\x0d\x0a\x20\x20\x20\x20\x20\x69\x6e\x6b\x73\x63\x61\x70\
\x65\x3a\x6c\x61\x62\x65\x6c\x3d\x22\x4c\x61\x79\x65\x72\x20\x31\
\x22\x0d\x0a\x20\x20\x20\x20\x20\x69\x6e\x6b\x73\x63\x61\x70\x65\
\x3a\x67\x72\x6f\x75\x70\x6d\x6f\x64\x65\x3d\x22\x6c\x61\x79\x65\
\x72\x22\x0d\x0a\x20\x20\x20\x20\x20\x69\x64\x3d\x22\x6c\x61\x79\
\x65\x72\x31\x22\x0d\x0a\x20\x20\x20\x20\x20\x74\x72\x61\x6e\x73\
\x66\x6f\x72\x6d\x3d\x22\x74\x72\x61\x6e\x73\x6c\x61\x74\x65\x28\
\x30\x2c\x2d\x31\x30\x33\x36\x2e\x33\x36\x32\x32\x29\x22\x3e\x0d\
\x0a\x20\x20\x20\x20\x3c\x67\x0d\x0a\x20\x20\x20\x20\x20\x20\x20\
\x74\x72\x61\x6e\x73\x66\x6f\x72\x6d\x3d\x22\x74\x72\x61\x6e\x73\
\x6c\x61\x74\x65\x28\x36\x32\x38\x2c\x2d\x31\x34\x30\x2e\x34\x39\
\x39\x39\x38\x29\x22\x0d\x0a\x20\x20\x20\x20\x20\x20\x20\x69\x64\
\x3d\x22\x67\x35\x32\x32\x38\x22\x3e\x0d\x0a\x20\x20\x20\x20\x20\
\x20\x3c\x72\x65\x63\x74\x0d\x0a\x20\x20\x20\x20\x20\x20\x20\x20\
\x20\x69\x64\x3d\x22\x72\x65\x63\x74\x34\x30\x39\x34\x22\x0d\x0a\
\x20\x20\x20\x20\x20\x20\x20\x20\x20\x77\x69\x64\x74\x68\x3d\x22\
\x35\x2e\x30\x35\x35\x36\x30\x33\x22\x0d\x0a\x20\x20\x20\x20\x20\
\x20\x20\x20\x20\x68\x65\x69\x67\x68\x74\x3d\x22\x35\x2e\x30\x35\
\x35\x35\x33\x32\x39\x22\x0d\x0a\x20\x20\x20\x20\x20\x20\x20\x20\
\x20\x78\x3d\x22\x2d\x36\x32\x33\x2e\x35\x35\x35\x36\x22\x0d\x0a\
\x20\x20\x20\x20\x20\x20\x20\x20\x20\x79\x3d\x22\x31\x31\x38\x33\
\x2e\x33\x36\x32\x32\x22\x0d\x0a\x20\x20\x20\x20\x20\x20\x20\x20\
\x20\x73\x74\x79\x6c\x65\x3d\x22\x66\x69\x6c\x6c\x3a\x6e\x6f\x6e\
\x65\x3b\x73\x74\x72\x6f\x6b\x65\x3a\x23\x66\x66\x66\x66\x66\x66\
\x3b\x73\x74\x72\x6f\x6b\x65\x2d\x77\x69\x64\x74\x68\x3a\x31\x3b\
\x73\x74\x72\x6f\x6b\x65\x2d\x6c\x69\x6e\x65\x63\x61\x70\x3a\x62\
\x75\x74\x74\x3b\x73\x74\x72\x6f\x6b\x65\x2d\x6c\x69\x6e\x65\x6a\
\x6f\x69\x6e\x3a\x6d\x69\x74\x65\x72\x3b\x73\x74\x72\x6f\x6b\x65\
\x2d\x6d\x69\x74\x65\x72\x6c\x69\x6d\x69\x74\x3a\x34\x3b\x73\x74\
\x72\x6f\x6b\x65\x2d\x64\x61\x73\x68\x61\x72\x72\x61\x79\x3a\x6e\
\x6f\x6e\x65\x3b\x73\x74\x72\x6f\x6b\x65\x2d\x6f\x70\x61\x63\x69\
\x74\x79\x3a\x31\x3b\x70\x61\x69\x6e\x74\x2d\x6f\x72\x64\x65\x72\
\x3a\x6e\x6f\x72\x6d\x61\x6c\x22\x20\x2f\x3e\x0d\x0a\x20\x20\x20\
\x20\x20\x20\x3c\x70\x61\x74\x68\x0d\x0a\x20\x20\x20\x20\x20\x20\
\x20\x20\x20\x73\x74\x79\x6c\x65\x3d\x22\x66\x69\x6c\x6c\x3a\x6e\
\x6f\x6e\x65\x3b\x73\x74\x72\x6f\x6b\x65\x3a\x23\x66\x66\x66\x66\
\x66\x66\x3b\x73\x74\x72\x6f\x6b\x65\x2d\x77\x69\x64\x74\x68\x3a\
\x31\x70\x78\x3b\x73\x74\x72\x6f\x6b\x65\x2d\x6c\x69\x6e\x65\x63\
\x61\x70\x3a\x62\x75\x74\x74\x3b\x73\x74\x72\x6f\x6b\x65\x2d\x6c\
\x69\x6e\x65\x6a\x6f\x69\x6e\x3a\x6d\x69\x74\x65\x72\x3b\x73\x74\
\x72\x6f\x6b\x65\x2d\x6f\x70\x61\x63\x69\x74\x79\x3a\x31\x22\x0d\
\x0a\x20\x20\x20\x20\x20\x20\x20\x20\x20\x64\x3d\x22\x6d\x20\x2d\
\x36\x32\x31\x2e\x39\x38\x39\x35\x38\x2c\x31\x31\x38\x31\x2e\x33\
\x34\x31\x34\x20\x68\x20\x35\x2e\x35\x31\x30\x34\x32\x20\x76\x20\
\x35\x2e\x34\x39\x39\x39\x22\x0d\x0a\x20\x20\x20\x20\x20\x20\x20\
\x20\x20\x69\x64\x3d\x22\x70\x61\x74\x68\x36\x31\x32\x37\x22\x0d\
\x0a\x20\x20\x20\x20\x20\x20\x20\x20\x20\x69\x6e\x6b\x73\x63\x61\
\x70\x65\x3a\x63\x6f\x6e\x6e\x65\x63\x74\x6f\x72\x2d\x63\x75\x72\
\x76\x61\x74\x75\x72\x65\x3d\x22\x30\x22\x20\x2f\x3e\x0d\x0a\x20\
\x20\x20\x20\x3c\x2f\x67\x3e\x0d\x0a\x20\x20\x3c\x2f\x67\x3e\x0d\
\x0a\x20\x20\x3c\x6d\x65\x74\x61\x64\x61\x74\x61\x0d\x0a\x20\x20\
\x20\x20\x20\x69\x64\x3d\x22\x6d\x65\x74\x61\x64\x61\x74\x61\x31\
\x32\x22\x3e\x0d\x0a\x20\x20\x20\x20\x3c\x72\x64\x66\x3a\x52\x44\
\x46\x3e\x0d\x0a\x20\x20\x20\x20\x20\x20\x3c\x72\x64\x66\x3a\x44\
\x65\x73\x63\x72\x69\x70\x74\x69\x6f\x6e\x0d\x0a\x20\x20\x20\x20\
\x20\x20\x20\x20\x20\x61\x62\x6f\x75\x74\x3d\x22\x68\x74\x74\x70\
\x73\x3a\x2f\x2f\x69\x63\x6f\x6e\x73\x63\x6f\x75\x74\x2e\x63\x6f\
\x6d\x2f\x6c\x65\x67\x61\x6c\x23\x6c\x69\x63\x65\x6e\x73\x65\x73\
\x22\x0d\x0a\x20\x20\x20\x20\x20\x20\x20\x20\x20\x64\x63\x3a\x74\
\x69\x74\x6c\x65\x3d\x22\x4d\x65\x6e\x75\x2c\x20\x42\x61\x72\x2c\
\x20\x4c\x69\x6e\x65\x73\x2c\x20\x4f\x70\x74\x69\x6f\x6e\x2c\x20\
\x4c\x69\x73\x74\x2c\x20\x48\x61\x6d\x62\x75\x72\x67\x65\x72\x2c\
\x20\x57\x65\x62\x22\x0d\x0a\x20\x20\x20\x20\x20\x20\x20\x20\x20\
\x64\x63\x3a\x64\x65\x73\x63\x72\x69\x70\x74\x69\x6f\x6e\x3d\x22\
\x4d\x65\x6e\x75\x2c\x20\x42\x61\x72\x2c\x20\x4c\x69\x6e\x65\x73\
\x2c\x20\x4f\x70\x74\x69\x6f\x6e\x2c\x20\x4c\x69\x73\x74\x2c\x20\
\x48\x61\x6d\x62\x75\x72\x67\x65\x72\x2c\x20\x57\x65\x62\x22\x0d\
\x0a\x20\x20\x20\x20\x20\x20\x20\x20\x20\x64\x63\x3a\x70\x75\x62\
\x6c\x69\x73\x68\x65\x72\x3d\x22\x49\x63\x6f\x6e\x73\x63\x6f\x75\
\x74\x22\x0d\x0a\x20\x20\x20\x20\x20\x20\x20\x20\x20\x64\x63\x3a\
\x64\x61\x74\x65\x3d\x22\x32\x30\x31\x36\x2d\x31\x32\x2d\x31\x34\
\x22\x0d\x0a\x20\x20\x20\x20\x20\x20\x20\x20\x20\x64\x63\x3a\x66\
\x6f\x72\x6d\x61\x74\x3d\x22\x69\x6d\x61\x67\x65\x2f\x73\x76\x67\
\x2b\x78\x6d\x6c\x22\x0d\x0a\x20\x20\x20\x20\x20\x20\x20\x20\x20\
\x64\x63\x3a\x6c\x61\x6e\x67\x75\x61\x67\x65\x3d\x22\x65\x6e\x22\
\x3e\x0d\x0a\x20\x20\x20\x20\x20\x20\x20\x20\x3c\x64\x63\x3a\x63\
\x72\x65\x61\x74\x6f\x72\x3e\x0d\x0a\x20\x20\x20\x20\x20\x20\x20\
\x20\x20\x20\x3c\x72\x64\x66\x3a\x42\x61\x67\x3e\x0d\x0a\x20\x20\
\x20\x20\x20\x20\x20\x20\x20\x20\x20\x20\x3c\x72\x64\x66\x3a\x6c\
\x69\x3e\x4a\x65\x6d\x69\x73\x20\x4d\x61\x6c\x69\x3c\x2f\x72\x64\
\x66\x3a\x6c\x69\x3e\x0d\x0a\x20\x20\x20\x20\x20\x20\x20\x20\x20\
\x20\x3c\x2f\x72\x64\x66\x3a\x42\x61\x67\x3e\x0d\x0a\x20\x20\x20\
\x20\x20\x20\x20\x20\x3c\x2f\x64\x63\x3a\x63\x72\x65\x61\x74\x6f\
\x72\x3e\x0d\x0a\x20\x20\x20\x20\x20\x20\x3c\x2f\x72\x64\x66\x3a\
\x44\x65\x73\x63\x72\x69\x70\x74\x69\x6f\x6e\x3e\x0d\x0a\x20\x20\
\x20\x20\x20\x20\x3c\x63\x63\x3a\x57\x6f\x72\x6b\x0d\x0a\x20\x20\
\x20\x20\x20\x20\x20\x20\x20\x72\x64\x66\x3a\x61\x62\x6f\x75\x74\
\x3d\x22\x22\x3e\x0d\x0a\x20\x20\x20\x20\x20\x20\x20\x20\x3c\x64\
\x63\x3a\x66\x6f\x72\x6d\x61\x74\x3e\x69\x6d\x61\x67\x65\x2f\x73\
\x76\x67\x2b\x78\x6d\x6c\x3c\x2f\x64\x63\x3a\x66\x6f\x72\x6d\x61\
\x74\x3e\x0d\x0a\x20\x20\x20\x20\x20\x20\x20\x20\x3c\x64\x63\x3a\
\x74\x79\x70\x65\x0d\x0a\x20\x20\x20\x20\x20\x20\x20\x20\x20\x20\
\x20\x72\x64\x66\x3a\x72\x65\x73\x6f\x75\x72\x63\x65\x3d\x22\x68\
\x74\x74\x70\x3a\x2f\x2f\x70\x75\x72\x6c\x2e\x6f\x72\x67\x2f\x64\
\x63\x2f\x64\x63\x6d\x69\x74\x79\x70\x65\x2f\x53\x74\x69\x6c\x6c\
\x49\x6d\x61\x67\x65\x22\x20\x2f\x3e\x0d\x0a\x20\x20\x20\x20\x20\
\x20\x20\x20\x3c\x64\x63\x3a\x74\x69\x74\x6c\x65\x3e\x3c\x2f\x64\
\x63\x3a\x74\x69\x74\x6c\x65\x3e\x0d\x0a\x20\x20\x20\x20\x20\x20\
\x3c\x2f\x63\x63\x3a\x57\x6f\x72\x6b\x3e\x0d\x0a\x20\x20\x20\x20\
\x3c\x2f\x72\x64\x66\x3a\x52\x44\x46\x3e\x0d\x0a\x20\x20\x3c\x2f\
\x6d\x65\x74\x61\x64\x61\x74\x61\x3e\x0d\x0a\x3c\x2f\x73\x76\x67\
\x3e\x0d\x0a\
\x00\x00\x01\x3e\
\x3c\
\x3f\x78\x6d\x6c\x20\x76\x65\x72\x73\x69\x6f\x6e\x3d\x22\x31\x2e\
\x30\x22\x20\x65\x6e\x63\x6f\x64\x69\x6e\x67\x3d\x22\x55\x54\x46\
\x2d\x38\x22\x3f\x3e\x0d\x0a\x3c\x73\x76\x67\x20\x77\x69\x64\x74\
\x68\x3d\x22\x31\x36\x22\x20\x68\x65\x69\x67\x68\x74\x3d\x22\x31\
\x36\x22\x20\x65\x6e\x61\x62\x6c\x65\x2d\x62\x61\x63\x6b\x67\x72\
\x6f\x75\x6e\x64\x3d\x22\x6e\x65\x77\x20\x30\x20\x30\x20\x31\x32\
\x32\x2e\x38\x37\x39\x20\x31\x32\x32\x2e\x38\x36\x37\x22\x20\x76\
\x65\x72\x73\x69\x6f\x6e\x3d\x22\x31\x2e\x31\x22\x20\x76\x69\x65\
\x77\x42\x6f\x78\x3d\x22\x30\x20\x30\x20\x31\x36\x20\x31\x36\x22\
\x20\x78\x6d\x6c\x3a\x73\x70\x61\x63\x65\x3d\x22\x70\x72\x65\x73\
\x65\x72\x76\x65\x22\x20\x78\x6d\x6c\x6e\x73\x3d\x22\x68\x74\x74\
\x70\x3a\x2f\x2f\x77\x77\x77\x2e\x77\x33\x2e\x6f\x72\x67\x2f\x32\
\x30\x30\x30\x2f\x73\x76\x67\x22\x3e\x3c\x70\x61\x74\x68\x20\x64\
\x3d\x22\x6d\x31\x34\x20\x36\x68\x2d\x36\x76\x2d\x31\x68\x2d\x31\
\x76\x33\x68\x2d\x34\x76\x31\x68\x34\x76\x33\x68\x31\x76\x2d\x31\
\x68\x36\x76\x2d\x34\x7a\x6d\x2d\x31\x20\x31\x76\x32\x68\x2d\x35\
\x76\x2d\x32\x7a\x22\x20\x63\x6f\x6c\x6f\x72\x3d\x22\x23\x30\x30\
\x30\x30\x30\x30\x22\x20\x73\x74\x79\x6c\x65\x3d\x22\x2d\x69\x6e\
\x6b\x73\x63\x61\x70\x65\x2d\x73\x74\x72\x6f\x6b\x65\x3a\x6e\x6f\
\x6e\x65\x22\x2f\x3e\x3c\x2f\x73\x76\x67\x3e\x0d\x0a\
\x00\x00\x16\x21\
\x3c\
\x3f\x78\x6d\x6c\x20\x76\x65\x72\x73\x69\x6f\x6e\x3d\x22\x31\x2e\
\x30\x22\x20\x65\x6e\x63\x6f\x64\x69\x6e\x67\x3d\x22\x55\x54\x46\
\x2d\x38\x22\x20\x73\x74\x61\x6e\x64\x61\x6c\x6f\x6e\x65\x3d\x22\
\x6e\x6f\x22\x3f\x3e\x0d\x0a\x3c\x73\x76\x67\x0d\x0a\x20\x20\x20\
\x78\x6d\x6c\x6e\x73\x3a\x64\x63\x3d\x22\x68\x74\x74\x70\x3a\x2f\
\x2f\x70\x75\x72\x6c\x2e\x6f\x72\x67\x2f\x64\x63\x2f\x65\x6c\x65\
\x6d\x65\x6e\x74\x73\x2f\x31\x2e\x31\x2f\x22\x0d\x0a\x20\x20\x20\
\x78\x6d\x6c\x6e\x73\x3a\x63\x63\x3d\x22\x68\x74\x74\x70\x3a\x2f\
\x2f\x63\x72\x65\x61\x74\x69\x76\x65\x63\x6f\x6d\x6d\x6f\x6e\x73\
\x2e\x6f\x72\x67\x2f\x6e\x73\x23\x22\x0d\x0a\x20\x20\x20\x78\x6d\
\x6c\x6e\x73\x3a\x72\x64\x66\x3d\x22\x68\x74\x74\x70\x3a\x2f\x2f\
\x77\x77\x77\x2e\x77\x33\x2e\x6f\x72\x67\x2f\x31\x39\x39\x39\x2f\
\x30\x32\x2f\x32\x32\x2d\x72\x64\x66\x2d\x73\x79\x6e\x74\x61\x78\
\x2d\x6e\x73\x23\x22\x0d\x0a\x20\x20\x20\x78\x6d\x6c\x6e\x73\x3a\
\x73\x76\x67\x3d\x22\x68\x74\x74\x70\x3a\x2f\x2f\x77\x77\x77\x2e\
\x77\x33\x2e\x6f\x72\x67\x2f\x32\x30\x30\x30\x2f\x73\x76\x67\x22\
\x0d\x0a\x20\x20\x20\x78\x6d\x6c\x6e\x73\x3d\x22\x68\x74\x74\x70\
\x3a\x2f\x2f\x77\x77\x77\x2e\x77\x33\x2e\x6f\x72\x67\x2f\x32\x30\
\x30\x30\x2f\x73\x76\x67\x22\x0d\x0a\x20\x20\x20\x78\x6d\x6c\x6e\
\x73\x3a\x73\x6f\x64\x69\x70\x6f\x64\x69\x3d\x22\x68\x74\x74\x70\
\x3a\x2f\x2f\x73\x6f\x64\x69\x70\x6f\x64\x69\x2e\x73\x6f\x75\x72\
\x63\x65\x66\x6f\x72\x67\x65\x2e\x6e\x65\x74\x2f\x44\x54\x44\x2f\
\x73\x6f\x64\x69\x70\x6f\x64\x69\x2d\x30\x2e\x64\x74\x64\x22\x0d\
\x0a\x20\x20\x20\x78\x6d\x6c\x6e\x73\x3a\x69\x6e\x6b\x73\x63\x61\
\x70\x65\x3d\x22\x68\x74\x74\x70\x3a\x2f\x2f\x77\x77\x77\x2e\x69\
\x6e\x6b\x73\x63\x61\x70\x65\x2e\x6f\x72\x67\x2f\x6e\x61\x6d\x65\
\x73\x70\x61\x63\x65\x73\x2f\x69\x6e\x6b\x73\x63\x61\x70\x65\x22\
\x0d\x0a\x20\x20\x20\x77\x69\x64\x74\x68\x3d\x22\x31\x36\x70\x78\
\x22\x0d\x0a\x20\x20\x20\x68\x65\x69\x67\x68\x74\x3d\x22\x31\x36\
\x70\x78\x22\x0d\x0a\x20\x20\x20\x76\x69\x65\x77\x42\x6f\x78\x3d\
\x22\x30\x20\x30\x20\x31\x36\x20\x31\x36\x22\x0d\x0a\x20\x20\x20\
\x69\x64\x3d\x22\x73\x76\x67\x32\x22\x0d\x0a\x20\x20\x20\x76\x65\
\x72\x73\x69\x6f\x6e\x3d\x22\x31\x2e\x31\x22\x0d\x0a\x20\x20\x20\
\x69\x6e\x6b\x73\x63\x61\x70\x65\x3a\x76\x65\x72\x73\x69\x6f\x6e\
\x3d\x22\x31\x2e\x30\x20\x28\x34\x30\x33\x35\x61\x34\x66\x62\x34\
\x39\x2c\x20\x32\x30\x32\x30\x2d\x30\x35\x2d\x30\x31\x29\x22\x0d\
\x0a\x20\x20\x20\x73\x6f\x64\x69\x70\x6f\x64\x69\x3a\x64\x6f\x63\
\x6e\x61\x6d\x65\x3d\x22\x63\x6c\x6f\x73\x65\x2d\x62\x75\x74\x74\
\x6f\x6e\x32\x2e\x73\x76\x67\x22\x3e\x0d\x0a\x20\x20\x3c\x73\x74\
\x79\x6c\x65\x0d\x0a\x20\x20\x20\x20\x20\x69\x64\x3d\x22\x73\x74\
\x79\x6c\x65\x32\x22\x3e\x3c\x2f\x73\x74\x79\x6c\x65\x3e\x0d\x0a\
\x20\x20\x3c\x64\x65\x66\x73\x0d\x0a\x20\x20\x20\x20\x20\x69\x64\
\x3d\x22\x64\x65\x66\x73\x34\x22\x3e\x0d\x0a\x20\x20\x20\x20\x3c\
\x70\x61\x74\x74\x65\x72\x6e\x0d\x0a\x20\x20\x20\x20\x20\x20\x20\
\x79\x3d\x22\x30\x22\x0d\x0a\x20\x20\x20\x20\x20\x20\x20\x78\x3d\
\x22\x30\x22\x0d\x0a\x20\x20\x20\x20\x20\x20\x20\x68\x65\x69\x67\
\x68\x74\x3d\x22\x36\x22\x0d\x0a\x20\x20\x20\x20\x20\x20\x20\x77\
\x69\x64\x74\x68\x3d\x22\x36\x22\x0d\x0a\x20\x20\x20\x20\x20\x20\
\x20\x70\x61\x74\x74\x65\x72\x6e\x55\x6e\x69\x74\x73\x3d\x22\x75\
\x73\x65\x72\x53\x70\x61\x63\x65\x4f\x6e\x55\x73\x65\x22\x0d\x0a\
\x20\x20\x20\x20\x20\x20\x20\x69\x64\x3d\x22\x45\x4d\x46\x68\x62\
\x61\x73\x65\x70\x61\x74\x74\x65\x72\x6e\x22\x20\x2f\x3e\x0d\x0a\
\x20\x20\x20\x20\x3c\x70\x61\x74\x74\x65\x72\x6e\x0d\x0a\x20\x20\
\x20\x20\x20\x20\x20\x79\x3d\x22\x30\x22\x0d\x0a\x20\x20\x20\x20\
\x20\x20\x20\x78\x3d\x22\x30\x22\x0d\x0a\x20\x20\x20\x20\x20\x20\
\x20\x68\x65\x69\x67\x68\x74\x3d\x22\x36\x22\x0d\x0a\x20\x20\x20\
\x20\x20\x20\x20\x77\x69\x64\x74\x68\x3d\x22\x36\x22\x0d\x0a\x20\
\x20\x20\x20\x20\x20\x20\x70\x61\x74\x74\x65\x72\x6e\x55\x6e\x69\
\x74\x73\x3d\x22\x75\x73\x65\x72\x53\x70\x61\x63\x65\x4f\x6e\x55\
\x73\x65\x22\x0d\x0a\x20\x20\x20\x20\x20\x20\x20\x69\x64\x3d\x22\
\x45\x4d\x46\x68\x62\x61\x73\x65\x70\x61\x74\x74\x65\x72\x6e\x2d\
\x34\x22\x20\x2f\x3e\x0d\x0a\x20\x20\x20\x20\x3c\x70\x61\x74\x74\
\x65\x72\x6e\x0d\x0a\x20\x20\x20\x20\x20\x20\x20\x79\x3d\x22\x30\
\x22\x0d\x0a\x20\x20\x20\x20\x20\x20\x20\x78\x3d\x22\x30\x22\x0d\
\x0a\x20\x20\x20\x20\x20\x20\x20\x68\x65\x69\x67\x68\x74\x3d\x22\
\x36\x22\x0d\x0a\x20\x20\x20\x20\x20\x20\x20\x77\x69\x64\x74\x68\
\x3d\x22\x36\x22\x0d\x0a\x20\x20\x20\x20\x20\x20\x20\x70\x61\x74\
\x74\x65\x72\x6e\x55\x6e\x69\x74\x73\x3d\x22\x75\x73\x65\x72\x53\
\x70\x61\x63\x65\x4f\x6e\x55\x73\x65\x22\x0d\x0a\x20\x20\x20\x20\
\x20\x20\x20\x69\x64\x3d\x22\x45\x4d\x46\x68\x62\x61\x73\x65\x70\
\x61\x74\x74\x65\x72\x6e\x2d\x33\x22\x20\x2f\x3e\x0d\x0a\x20\x20\
\x20\x20\x3c\x70\x61\x74\x74\x65\x72\x6e\x0d\x0a\x20\x20\x20\x20\
\x20\x20\x20\x79\x3d\x22\x30\x22\x0d\x0a\x20\x20\x20\x20\x20\x20\
\x20\x78\x3d\x22\x30\x22\x0d\x0a\x20\x20\x20\x20\x20\x20\x20\x68\
\x65\x69\x67\x68\x74\x3d\x22\x36\x22\x0d\x0a\x20\x20\x20\x20\x20\
\x20\x20\x77\x69\x64\x74\x68\x3d\x22\x36\x22\x0d\x0a\x20\x20\x20\
\x20\x20\x20\x20\x70\x61\x74\x74\x65\x72\x6e\x55\x6e\x69\x74\x73\
\x3d\x22\x75\x73\x65\x72\x53\x70\x61\x63\x65\x4f\x6e\x55\x73\x65\
\x22\x0d\x0a\x20\x20\x20\x20\x20\x20\x20\x69\x64\x3d\x22\x45\x4d\
\x46\x68\x62\x61\x73\x65\x70\x61\x74\x74\x65\x72\x6e\x2d\x38\x22\
\x20\x2f\x3e\x0d\x0a\x20\x20\x3c\x2f\x64\x65\x66\x73\x3e\x0d\x0a\
\x20\x20\x3c\x73\x6f\x64\x69\x70\x6f\x64\x69\x3a\x6e\x61\x6d\x65\
\x64\x76\x69\x65\x77\x0d\x0a\x20\x20\x20\x20\x20\x69\x64\x3d\x22\
\x62\x61\x73\x65\x22\x0d\x0a\x20\x20\x20\x20\x20\x70\x61\x67\x65\
\x63\x6f\x6c\x6f\x72\x3d\x22\x23\x66\x66\x66\x66\x66\x66\x22\x0d\
\x0a\x20\x20\x20\x20\x20\x62\x6f\x72\x64\x65\x72\x63\x6f\x6c\x6f\
\x72\x3d\x22\x23\x36\x36\x36\x36\x36\x36\x22\x0d\x0a\x20\x20\x20\
\x20\x20\x62\x6f\x72\x64\x65\x72\x6f\x70\x61\x63\x69\x74\x79\x3d\
\x22\x31\x2e\x30\x22\x0d\x0a\x20\x20\x20\x20\x20\x69\x6e\x6b\x73\
\x63\x61\x70\x65\x3a\x70\x61\x67\x65\x6f\x70\x61\x63\x69\x74\x79\
\x3d\x22\x30\x2e\x30\x22\x0d\x0a\x20\x20\x20\x20\x20\x69\x6e\x6b\
\x73\x63\x61\x70\x65\x3a\x70\x61\x67\x65\x73\x68\x61\x64\x6f\x77\
\x3d\x22\x32\x22\x0d\x0a\x20\x20\x20\x20\x20\x69\x6e\x6b\x73\x63\
\x61\x70\x65\x3a\x7a\x6f\x6f\x6d\x3d\x22\x32\x32\x2e\x36\x32\x37\
\x34\x31\x37\x22\x0d\x0a\x20\x20\x20\x20\x20\x69\x6e\x6b\x73\x63\
\x61\x70\x65\x3a\x63\x78\x3d\x22\x36\x2e\x32\x33\x31\x36\x38\x38\
\x39\x22\x0d\x0a\x20\x20\x20\x20\x20\x69\x6e\x6b\x73\x63\x61\x70\
\x65\x3a\x63\x79\x3d\x22\x31\x33\x2e\x31\x37\x36\x39\x31\x22\x0d\
\x0a\x20\x20\x20\x20\x20\x69\x6e\x6b\x73\x63\x61\x70\x65\x3a\x64\
\x6f\x63\x75\x6d\x65\x6e\x74\x2d\x75\x6e\x69\x74\x73\x3d\x22\x70\
\x78\x22\x0d\x0a\x20\x20\x20\x20\x20\x69\x6e\x6b\x73\x63\x61\x70\
\x65\x3a\x63\x75\x72\x72\x65\x6e\x74\x2d\x6c\x61\x79\x65\x72\x3d\
\x22\x67\x35\x32\x32\x38\x22\x0d\x0a\x20\x20\x20\x20\x20\x73\x68\
\x6f\x77\x67\x72\x69\x64\x3d\x22\x74\x72\x75\x65\x22\x0d\x0a\x20\
\x20\x20\x20\x20\x75\x6e\x69\x74\x73\x3d\x22\x70\x78\x22\x0d\x0a\
\x20\x20\x20\x20\x20\x69\x6e\x6b\x73\x63\x61\x70\x65\x3a\x77\x69\
\x6e\x64\x6f\x77\x2d\x77\x69\x64\x74\x68\x3d\x22\x31\x39\x32\x30\
\x22\x0d\x0a\x20\x20\x20\x20\x20\x69\x6e\x6b\x73\x63\x61\x70\x65\
\x3a\x77\x69\x6e\x64\x6f\x77\x2d\x68\x65\x69\x67\x68\x74\x3d\x22\
\x31\x30\x31\x37\x22\x0d\x0a\x20\x20\x20\x20\x20\x69\x6e\x6b\x73\
\x63\x61\x70\x65\x3a\x77\x69\x6e\x64\x6f\x77\x2d\x78\x3d\x22\x2d\
\x38\x22\x0d\x0a\x20\x20\x20\x20\x20\x69\x6e\x6b\x73\x63\x61\x70\
\x65\x3a\x77\x69\x6e\x64\x6f\x77\x2d\x79\x3d\x22\x2d\x38\x22\x0d\
\x0a\x20\x20\x20\x20\x20\x69\x6e\x6b\x73\x63\x61\x70\x65\x3a\x77\
\x69\x6e\x64\x6f\x77\x2d\x6d\x61\x78\x69\x6d\x69\x7a\x65\x64\x3d\
\x22\x31\x22\x0d\x0a\x20\x20\x20\x20\x20\x69\x6e\x6b\x73\x63\x61\
\x70\x65\x3a\x73\x6e\x61\x70\x2d\x62\x62\x6f\x78\x3d\x22\x74\x72\
\x75\x65\x22\x0d\x0a\x20\x20\x20\x20\x20\x69\x6e\x6b\x73\x63\x61\
\x70\x65\x3a\x62\x62\x6f\x78\x2d\x70\x61\x74\x68\x73\x3d\x22\x74\
\x72\x75\x65\x22\x0d\x0a\x20\x20\x20\x20\x20\x69\x6e\x6b\x73\x63\
\x61\x70\x65\x3a\x62\x62\x6f\x78\x2d\x6e\x6f\x64\x65\x73\x3d\x22\
\x74\x72\x75\x65\x22\x0d\x0a\x20\x20\x20\x20\x20\x69\x6e\x6b\x73\
\x63\x61\x70\x65\x3a\x73\x6e\x61\x70\x2d\x62\x62\x6f\x78\x2d\x65\
\x64\x67\x65\x2d\x6d\x69\x64\x70\x6f\x69\x6e\x74\x73\x3d\x22\x74\
\x72\x75\x65\x22\x0d\x0a\x20\x20\x20\x20\x20\x69\x6e\x6b\x73\x63\
\x61\x70\x65\x3a\x73\x6e\x61\x70\x2d\x62\x62\x6f\x78\x2d\x6d\x69\
\x64\x70\x6f\x69\x6e\x74\x73\x3d\x22\x74\x72\x75\x65\x22\x0d\x0a\
\x20\x20\x20\x20\x20\x69\x6e\x6b\x73\x63\x61\x70\x65\x3a\x73\x6e\
\x61\x70\x2d\x67\x6c\x6f\x62\x61\x6c\x3d\x22\x74\x72\x75\x65\x22\
\x0d\x0a\x20\x20\x20\x20\x20\x69\x6e\x6b\x73\x63\x61\x70\x65\x3a\
\x64\x6f\x63\x75\x6d\x65\x6e\x74\x2d\x72\x6f\x74\x61\x74\x69\x6f\
\x6e\x3d\x22\x30\x22\x0d\x0a\x20\x20\x20\x20\x20\x73\x68\x6f\x77\
\x67\x75\x69\x64\x65\x73\x3d\x22\x74\x72\x75\x65\x22\x0d\x0a\x20\
\x20\x20\x20\x20\x69\x6e\x6b\x73\x63\x61\x70\x65\x3a\x67\x75\x69\
\x64\x65\x2d\x62\x62\x6f\x78\x3d\x22\x74\x72\x75\x65\x22\x3e\x0d\
\x0a\x20\x20\x20\x20\x3c\x69\x6e\x6b\x73\x63\x61\x70\x65\x3a\x67\
\x72\x69\x64\x0d\x0a\x20\x20\x20\x20\x20\x20\x20\x74\x79\x70\x65\
\x3d\x22\x78\x79\x67\x72\x69\x64\x22\x0d\x0a\x20\x20\x20\x20\x20\
\x20\x20\x69\x64\x3d\x22\x67\x72\x69\x64\x33\x33\x33\x36\x22\x20\
\x2f\x3e\x0d\x0a\x20\x20\x20\x20\x3c\x73\x6f\x64\x69\x70\x6f\x64\
\x69\x3a\x67\x75\x69\x64\x65\x0d\x0a\x20\x20\x20\x20\x20\x20\x20\
\x70\x6f\x73\x69\x74\x69\x6f\x6e\x3d\x22\x34\x2c\x31\x30\x22\x0d\
\x0a\x20\x20\x20\x20\x20\x20\x20\x6f\x72\x69\x65\x6e\x74\x61\x74\
\x69\x6f\x6e\x3d\x22\x31\x2c\x30\x22\x0d\x0a\x20\x20\x20\x20\x20\
\x20\x20\x69\x64\x3d\x22\x67\x75\x69\x64\x65\x38\x38\x33\x22\x20\
\x2f\x3e\x0d\x0a\x20\x20\x20\x20\x3c\x73\x6f\x64\x69\x70\x6f\x64\
\x69\x3a\x67\x75\x69\x64\x65\x0d\x0a\x20\x20\x20\x20\x20\x20\x20\
\x70\x6f\x73\x69\x74\x69\x6f\x6e\x3d\x22\x31\x30\x2c\x31\x32\x22\
\x0d\x0a\x20\x20\x20\x20\x20\x20\x20\x6f\x72\x69\x65\x6e\x74\x61\
\x74\x69\x6f\x6e\x3d\x22\x30\x2c\x2d\x31\x22\x0d\x0a\x20\x20\x20\
\x20\x20\x20\x20\x69\x64\x3d\x22\x67\x75\x69\x64\x65\x38\x38\x35\
\x22\x20\x2f\x3e\x0d\x0a\x20\x20\x20\x20\x3c\x73\x6f\x64\x69\x70\
\x6f\x64\x69\x3a\x67\x75\x69\x64\x65\x0d\x0a\x20\x20\x20\x20\x20\
\x20\x20\x70\x6f\x73\x69\x74\x69\x6f\x6e\x3d\x22\x31\x32\x2c\x32\
\x22\x0d\x0a\x20\x20\x20\x20\x20\x20\x20\x6f\x72\x69\x65\x6e\x74\
\x61\x74\x69\x6f\x6e\x3d\x22\x31\x2c\x30\x22\x0d\x0a\x20\x20\x20\
\x20\x20\x20\x20\x69\x64\x3d\x22\x67\x75\x69\x64\x65\x38\x38\x37\
\x22\x20\x2f\x3e\x0d\x0a\x20\x20\x20\x20\x3c\x73\x6f\x64\x69\x70\
\x6f\x64\x69\x3a\x67\x75\x69\x64\x65\x0d\x0a\x20\x20\x20\x20\x20\
\x20\x20\x70\x6f\x73\x69\x74\x69\x6f\x6e\x3d\x22\x31\x34\x2c\x34\
\x22\x0d\x0a\x20\x20\x20\x20\x20\x20\x20\x6f\x72\x69\x65\x6e\x74\
\x61\x74\x69\x6f\x6e\x3d\x22\x30\x2c\x2d\x31\x22\x0d\x0a\x20\x20\
\x20\x20\x20\x20\x20\x69\x64\x3d\x22\x67\x75\x69\x64\x65\x38\x38\
\x39\x22\x20\x2f\x3e\x0d\x0a\x20\x20\x3c\x2f\x73\x6f\x64\x69\x70\
\x6f\x64\x69\x3a\x6e\x61\x6d\x65\x64\x76\x69\x65\x77\x3e\x0d\x0a\
\x20\x20\x3c\x67\x0d\x0a\x20\x20\x20\x20\x20\x69\x6e\x6b\x73\x63\
\x61\x70\x65\x3a\x6c\x61\x62\x65\x6c\x3d\x22\x4c\x61\x79\x65\x72\
\x20\x31\x22\x0d\x0a\x20\x20\x20\x20\x20\x69\x6e\x6b\x73\x63\x61\
\x70\x65\x3a\x67\x72\x6f\x75\x70\x6d\x6f\x64\x65\x3d\x22\x6c\x61\
\x79\x65\x72\x22\x0d\x0a\x20\x20\x20\x20\x20\x69\x64\x3d\x22\x6c\
\x61\x79\x65\x72\x31\x22\x0d\x0a\x20\x20\x20\x20\x20\x74\x72\x61\
\x6e\x73\x66\x6f\x72\x6d\x3d\x22\x74\x72\x61\x6e\x73\x6c\x61\x74\
\x65\x28\x30\x2c\x2d\x31\x30\x33\x36\x2e\x33\x36\x32\x32\x29\x22\
\x3e\x0d\x0a\x20\x20\x20\x20\x3c\x67\x0d\x0a\x20\x20\x20\x20\x20\
\x20\x20\x74\x72\x61\x6e\x73\x66\x6f\x72\x6d\x3d\x22\x74\x72\x61\
\x6e\x73\x6c\x61\x74\x65\x28\x36\x32\x38\x2c\x2d\x31\x34\x30\x2e\
\x34\x39\x39\x39\x38\x29\x22\x0d\x0a\x20\x20\x20\x20\x20\x20\x20\
\x69\x64\x3d\x22\x67\x35\x32\x32\x38\x22\x3e\x0d\x0a\x20\x20\x20\
\x20\x20\x20\x3c\x70\x61\x74\x68\x0d\x0a\x20\x20\x20\x20\x20\x20\
\x20\x20\x20\x74\x72\x61\x6e\x73\x66\x6f\x72\x6d\x3d\x22\x74\x72\
\x61\x6e\x73\x6c\x61\x74\x65\x28\x2d\x36\x32\x38\x2c\x31\x31\x37\
\x36\x2e\x38\x36\x32\x32\x29\x22\x0d\x0a\x20\x20\x20\x20\x20\x20\
\x20\x20\x20\x64\x3d\x22\x4d\x20\x34\x2e\x34\x37\x36\x35\x36\x32\
\x35\x20\x34\x2e\x30\x30\x31\x39\x35\x33\x31\x20\x41\x20\x30\x2e\
\x35\x20\x30\x2e\x35\x20\x30\x20\x30\x20\x30\x20\x34\x2e\x31\x34\
\x36\x34\x38\x34\x34\x20\x34\x2e\x31\x34\x36\x34\x38\x34\x34\x20\
\x41\x20\x30\x2e\x35\x20\x30\x2e\x35\x20\x30\x20\x30\x20\x30\x20\
\x34\x2e\x31\x34\x36\x34\x38\x34\x34\x20\x34\x2e\x38\x35\x33\x35\
\x31\x35\x36\x20\x4c\x20\x37\x2e\x32\x39\x32\x39\x36\x38\x38\x20\
\x38\x20\x4c\x20\x34\x2e\x31\x34\x36\x34\x38\x34\x34\x20\x31\x31\
\x2e\x31\x34\x36\x34\x38\x34\x20\x41\x20\x30\x2e\x35\x20\x30\x2e\
\x35\x20\x30\x20\x30\x20\x30\x20\x34\x2e\x31\x34\x36\x34\x38\x34\
\x34\x20\x31\x31\x2e\x38\x35\x33\x35\x31\x36\x20\x41\x20\x30\x2e\
\x35\x20\x30\x2e\x35\x20\x30\x20\x30\x20\x30\x20\x34\x2e\x38\x35\
\x33\x35\x31\x35\x36\x20\x31\x31\x2e\x38\x35\x33\x35\x31\x36\x20\
\x4c\x20\x38\x20\x38\x2e\x37\x30\x37\x30\x33\x31\x32\x20\x4c\x20\
\x31\x31\x2e\x31\x34\x36\x34\x38\x34\x20\x31\x31\x2e\x38\x35\x33\
\x35\x31\x36\x20\x41\x20\x30\x2e\x35\x20\x30\x2e\x35\x20\x30\x20\
\x30\x20\x30\x20\x31\x31\x2e\x38\x35\x33\x35\x31\x36\x20\x31\x31\
\x2e\x38\x35\x33\x35\x31\x36\x20\x41\x20\x30\x2e\x35\x20\x30\x2e\
\x35\x20\x30\x20\x30\x20\x30\x20\x31\x31\x2e\x38\x35\x33\x35\x31\
\x36\x20\x31\x31\x2e\x31\x34\x36\x34\x38\x34\x20\x4c\x20\x38\x2e\
\x37\x30\x37\x30\x33\x31\x32\x20\x38\x20\x4c\x20\x31\x31\x2e\x38\
\x35\x33\x35\x31\x36\x20\x34\x2e\x38\x35\x33\x35\x31\x35\x36\x20\
\x41\x20\x30\x2e\x35\x20\x30\x2e\x35\x20\x30\x20\x30\x20\x30\x20\
\x31\x31\x2e\x38\x35\x33\x35\x31\x36\x20\x34\x2e\x31\x34\x36\x34\
\x38\x34\x34\x20\x41\x20\x30\x2e\x35\x20\x30\x2e\x35\x20\x30\x20\
\x30\x20\x30\x20\x31\x31\x2e\x34\x37\x36\x35\x36\x32\x20\x34\x2e\
\x30\x30\x31\x39\x35\x33\x31\x20\x41\x20\x30\x2e\x35\x20\x30\x2e\
\x35\x20\x30\x20\x30\x20\x30\x20\x31\x31\x2e\x31\x34\x36\x34\x38\
\x34\x20\x34\x2e\x31\x34\x36\x34\x38\x34\x34\x20\x4c\x20\x38\x20\
\x37\x2e\x32\x39\x32\x39\x36\x38\x38\x20\x4c\x20\x34\x2e\x38\x35\
\x33\x35\x31\x35\x36\x20\x34\x2e\x31\x34\x36\x34\x38\x34\x34\x20\
\x41\x20\x30\x2e\x35\x20\x30\x2e\x35\x20\x30\x20\x30\x20\x30\x20\
\x34\x2e\x34\x37\x36\x35\x36\x32\x35\x20\x34\x2e\x30\x30\x31\x39\
\x35\x33\x31\x20\x7a\x20\x22\x0d\x0a\x20\x20\x20\x20\x20\x20\x20\
\x20\x20\x73\x74\x79\x6c\x65\x3d\x22\x63\x6f\x6c\x6f\x72\x3a\x23\
\x64\x30\x64\x30\x64\x30\x3b\x66\x6f\x6e\x74\x2d\x73\x74\x79\x6c\
\x65\x3a\x6e\x6f\x72\x6d\x61\x6c\x3b\x66\x6f\x6e\x74\x2d\x76\x61\
\x72\x69\x61\x6e\x74\x3a\x6e\x6f\x72\x6d\x61\x6c\x3b\x66\x6f\x6e\
\x74\x2d\x77\x65\x69\x67\x68\x74\x3a\x6e\x6f\x72\x6d\x61\x6c\x3b\
\x66\x6f\x6e\x74\x2d\x73\x74\x72\x65\x74\x63\x68\x3a\x6e\x6f\x72\
\x6d\x61\x6c\x3b\x66\x6f\x6e\x74\x2d\x73\x69\x7a\x65\x3a\x6d\x65\
\x64\x69\x75\x6d\x3b\x6c\x69\x6e\x65\x2d\x68\x65\x69\x67\x68\x74\
\x3a\x6e\x6f\x72\x6d\x61\x6c\x3b\x66\x6f\x6e\x74\x2d\x66\x61\x6d\
\x69\x6c\x79\x3a\x73\x61\x6e\x73\x2d\x73\x65\x72\x69\x66\x3b\x66\
\x6f\x6e\x74\x2d\x76\x61\x72\x69\x61\x6e\x74\x2d\x6c\x69\x67\x61\
\x74\x75\x72\x65\x73\x3a\x6e\x6f\x72\x6d\x61\x6c\x3b\x66\x6f\x6e\
\x74\x2d\x76\x61\x72\x69\x61\x6e\x74\x2d\x70\x6f\x73\x69\x74\x69\
\x6f\x6e\x3a\x6e\x6f\x72\x6d\x61\x6c\x3b\x66\x6f\x6e\x74\x2d\x76\
\x61\x72\x69\x61\x6e\x74\x2d\x63\x61\x70\x73\x3a\x6e\x6f\x72\x6d\
\x61\x6c\x3b\x66\x6f\x6e\x74\x2d\x76\x61\x72\x69\x61\x6e\x74\x2d\
\x6e\x75\x6d\x65\x72\x69\x63\x3a\x6e\x6f\x72\x6d\x61\x6c\x3b\x66\
\x6f\x6e\x74\x2d\x76\x61\x72\x69\x61\x6e\x74\x2d\x61\x6c\x74\x65\
\x72\x6e\x61\x74\x65\x73\x3a\x6e\x6f\x72\x6d\x61\x6c\x3b\x66\x6f\
\x6e\x74\x2d\x76\x61\x72\x69\x61\x6e\x74\x2d\x65\x61\x73\x74\x2d\
\x61\x73\x69\x61\x6e\x3a\x6e\x6f\x72\x6d\x61\x6c\x3b\x66\x6f\x6e\
\x74\x2d\x66\x65\x61\x74\x75\x72\x65\x2d\x73\x65\x74\x74\x69\x6e\
\x67\x73\x3a\x6e\x6f\x72\x6d\x61\x6c\x3b\x66\x6f\x6e\x74\x2d\x76\
\x61\x72\x69\x61\x74\x69\x6f\x6e\x2d\x73\x65\x74\x74\x69\x6e\x67\
\x73\x3a\x6e\x6f\x72\x6d\x61\x6c\x3b\x74\x65\x78\x74\x2d\x69\x6e\
\x64\x65\x6e\x74\x3a\x30\x3b\x74\x65\x78\x74\x2d\x61\x6c\x69\x67\
\x6e\x3a\x73\x74\x61\x72\x74\x3b\x74\x65\x78\x74\x2d\x64\x65\x63\
\x6f\x72\x61\x74\x69\x6f\x6e\x3a\x6e\x6f\x6e\x65\x3b\x74\x65\x78\
\x74\x2d\x64\x65\x63\x6f\x72\x61\x74\x69\x6f\x6e\x2d\x6c\x69\x6e\
\x65\x3a\x6e\x6f\x6e\x65\x3b\x74\x65\x78\x74\x2d\x64\x65\x63\x6f\
\x72\x61\x74\x69\x6f\x6e\x2d\x73\x74\x79\x6c\x65\x3a\x73\x6f\x6c\
\x69\x64\x3b\x74\x65\x78\x74\x2d\x64\x65\x63\x6f\x72\x61\x74\x69\
\x6f\x6e\x2d\x63\x6f\x6c\x6f\x72\x3a\x23\x64\x30\x64\x30\x64\x30\
\x3b\x6c\x65\x74\x74\x65\x72\x2d\x73\x70\x61\x63\x69\x6e\x67\x3a\
\x6e\x6f\x72\x6d\x61\x6c\x3b\x77\x6f\x72\x64\x2d\x73\x70\x61\x63\
\x69\x6e\x67\x3a\x6e\x6f\x72\x6d\x61\x6c\x3b\x74\x65\x78\x74\x2d\
\x74\x72\x61\x6e\x73\x66\x6f\x72\x6d\x3a\x6e\x6f\x6e\x65\x3b\x77\
\x72\x69\x74\x69\x6e\x67\x2d\x6d\x6f\x64\x65\x3a\x6c\x72\x2d\x74\
\x62\x3b\x64\x69\x72\x65\x63\x74\x69\x6f\x6e\x3a\x6c\x74\x72\x3b\
\x74\x65\x78\x74\x2d\x6f\x72\x69\x65\x6e\x74\x61\x74\x69\x6f\x6e\
\x3a\x6d\x69\x78\x65\x64\x3b\x64\x6f\x6d\x69\x6e\x61\x6e\x74\x2d\
\x62\x61\x73\x65\x6c\x69\x6e\x65\x3a\x61\x75\x74\x6f\x3b\x62\x61\
\x73\x65\x6c\x69\x6e\x65\x2d\x73\x68\x69\x66\x74\x3a\x62\x61\x73\
\x65\x6c\x69\x6e\x65\x3b\x74\x65\x78\x74\x2d\x61\x6e\x63\x68\x6f\
\x72\x3a\x73\x74\x61\x72\x74\x3b\x77\x68\x69\x74\x65\x2d\x73\x70\
\x61\x63\x65\x3a\x6e\x6f\x72\x6d\x61\x6c\x3b\x73\x68\x61\x70\x65\
\x2d\x70\x61\x64\x64\x69\x6e\x67\x3a\x30\x3b\x73\x68\x61\x70\x65\
\x2d\x6d\x61\x72\x67\x69\x6e\x3a\x30\x3b\x69\x6e\x6c\x69\x6e\x65\
\x2d\x73\x69\x7a\x65\x3a\x30\x3b\x63\x6c\x69\x70\x2d\x72\x75\x6c\
\x65\x3a\x6e\x6f\x6e\x7a\x65\x72\x6f\x3b\x64\x69\x73\x70\x6c\x61\
\x79\x3a\x69\x6e\x6c\x69\x6e\x65\x3b\x6f\x76\x65\x72\x66\x6c\x6f\
\x77\x3a\x76\x69\x73\x69\x62\x6c\x65\x3b\x76\x69\x73\x69\x62\x69\
\x6c\x69\x74\x79\x3a\x76\x69\x73\x69\x62\x6c\x65\x3b\x69\x73\x6f\
\x6c\x61\x74\x69\x6f\x6e\x3a\x61\x75\x74\x6f\x3b\x6d\x69\x78\x2d\
\x62\x6c\x65\x6e\x64\x2d\x6d\x6f\x64\x65\x3a\x6e\x6f\x72\x6d\x61\
\x6c\x3b\x63\x6f\x6c\x6f\x72\x2d\x69\x6e\x74\x65\x72\x70\x6f\x6c\
\x61\x74\x69\x6f\x6e\x3a\x73\x52\x47\x42\x3b\x63\x6f\x6c\x6f\x72\
\x2d\x69\x6e\x74\x65\x72\x70\x6f\x6c\x61\x74\x69\x6f\x6e\x2d\x66\
\x69\x6c\x74\x65\x72\x73\x3a\x6c\x69\x6e\x65\x61\x72\x52\x47\x42\
\x3b\x73\x6f\x6c\x69\x64\x2d\x63\x6f\x6c\x6f\x72\x3a\x23\x64\x30\
\x64\x30\x64\x30\x3b\x73\x6f\x6c\x69\x64\x2d\x6f\x70\x61\x63\x69\
\x74\x79\x3a\x31\x3b\x76\x65\x63\x74\x6f\x72\x2d\x65\x66\x66\x65\
\x63\x74\x3a\x6e\x6f\x6e\x65\x3b\x66\x69\x6c\x6c\x3a\x23\x64\x30\
\x64\x30\x64\x30\x3b\x66\x69\x6c\x6c\x2d\x6f\x70\x61\x63\x69\x74\
\x79\x3a\x31\x3b\x66\x69\x6c\x6c\x2d\x72\x75\x6c\x65\x3a\x65\x76\
\x65\x6e\x6f\x64\x64\x3b\x73\x74\x72\x6f\x6b\x65\x3a\x6e\x6f\x6e\
\x65\x3b\x73\x74\x72\x6f\x6b\x65\x2d\x77\x69\x64\x74\x68\x3a\x31\
\x70\x78\x3b\x73\x74\x72\x6f\x6b\x65\x2d\x6c\x69\x6e\x65\x63\x61\
\x70\x3a\x72\x6f\x75\x6e\x64\x3b\x73\x74\x72\x6f\x6b\x65\x2d\x6c\
\x69\x6e\x65\x6a\x6f\x69\x6e\x3a\x6d\x69\x74\x65\x72\x3b\x73\x74\
\x72\x6f\x6b\x65\x2d\x6d\x69\x74\x65\x72\x6c\x69\x6d\x69\x74\x3a\
\x34\x3b\x73\x74\x72\x6f\x6b\x65\x2d\x64\x61\x73\x68\x61\x72\x72\
\x61\x79\x3a\x6e\x6f\x6e\x65\x3b\x73\x74\x72\x6f\x6b\x65\x2d\x64\
\x61\x73\x68\x6f\x66\x66\x73\x65\x74\x3a\x30\x3b\x73\x74\x72\x6f\
\x6b\x65\x2d\x6f\x70\x61\x63\x69\x74\x79\x3a\x31\x3b\x63\x6f\x6c\
\x6f\x72\x2d\x72\x65\x6e\x64\x65\x72\x69\x6e\x67\x3a\x61\x75\x74\
\x6f\x3b\x69\x6d\x61\x67\x65\x2d\x72\x65\x6e\x64\x65\x72\x69\x6e\
\x67\x3a\x61\x75\x74\x6f\x3b\x73\x68\x61\x70\x65\x2d\x72\x65\x6e\
\x64\x65\x72\x69\x6e\x67\x3a\x61\x75\x74\x6f\x3b\x74\x65\x78\x74\
\x2d\x72\x65\x6e\x64\x65\x72\x69\x6e\x67\x3a\x61\x75\x74\x6f\x3b\
\x65\x6e\x61\x62\x6c\x65\x2d\x62\x61\x63\x6b\x67\x72\x6f\x75\x6e\
\x64\x3a\x61\x63\x63\x75\x6d\x75\x6c\x61\x74\x65\x3b\x73\x74\x6f\
\x70\x2d\x63\x6f\x6c\x6f\x72\x3a\x23\x64\x30\x64\x30\x64\x30\x3b\
\x73\x74\x6f\x70\x2d\x6f\x70\x61\x63\x69\x74\x79\x3a\x31\x3b\x6f\
\x70\x61\x63\x69\x74\x79\x3a\x31\x22\x0d\x0a\x20\x20\x20\x20\x20\
\x20\x20\x20\x20\x69\x64\x3d\x22\x70\x61\x74\x68\x38\x34\x36\x22\
\x20\x2f\x3e\x0d\x0a\x20\x20\x20\x20\x3c\x2f\x67\x3e\x0d\x0a\x20\
\x20\x3c\x2f\x67\x3e\x0d\x0a\x20\x20\x3c\x6d\x65\x74\x61\x64\x61\
\x74\x61\x0d\x0a\x20\x20\x20\x20\x20\x69\x64\x3d\x22\x6d\x65\x74\
\x61\x64\x61\x74\x61\x31\x32\x22\x3e\x0d\x0a\x20\x20\x20\x20\x3c\
\x72\x64\x66\x3a\x52\x44\x46\x3e\x0d\x0a\x20\x20\x20\x20\x20\x20\
\x3c\x72\x64\x66\x3a\x44\x65\x73\x63\x72\x69\x70\x74\x69\x6f\x6e\
\x0d\x0a\x20\x20\x20\x20\x20\x20\x20\x20\x20\x61\x62\x6f\x75\x74\
\x3d\x22\x68\x74\x74\x70\x73\x3a\x2f\x2f\x69\x63\x6f\x6e\x73\x63\
\x6f\x75\x74\x2e\x63\x6f\x6d\x2f\x6c\x65\x67\x61\x6c\x23\x6c\x69\
\x63\x65\x6e\x73\x65\x73\x22\x0d\x0a\x20\x20\x20\x20\x20\x20\x20\
\x20\x20\x64\x63\x3a\x74\x69\x74\x6c\x65\x3d\x22\x4d\x65\x6e\x75\
\x2c\x20\x42\x61\x72\x2c\x20\x4c\x69\x6e\x65\x73\x2c\x20\x4f\x70\
\x74\x69\x6f\x6e\x2c\x20\x4c\x69\x73\x74\x2c\x20\x48\x61\x6d\x62\
\x75\x72\x67\x65\x72\x2c\x20\x57\x65\x62\x22\x0d\x0a\x20\x20\x20\
\x20\x20\x20\x20\x20\x20\x64\x63\x3a\x64\x65\x73\x63\x72\x69\x70\
\x74\x69\x6f\x6e\x3d\x22\x4d\x65\x6e\x75\x2c\x20\x42\x61\x72\x2c\
\x20\x4c\x69\x6e\x65\x73\x2c\x20\x4f\x70\x74\x69\x6f\x6e\x2c\x20\
\x4c\x69\x73\x74\x2c\x20\x48\x61\x6d\x62\x75\x72\x67\x65\x72\x2c\
\x20\x57\x65\x62\x22\x0d\x0a\x20\x20\x20\x20\x20\x20\x20\x20\x20\
\x64\x63\x3a\x70\x75\x62\x6c\x69\x73\x68\x65\x72\x3d\x22\x49\x63\
\x6f\x6e\x73\x63\x6f\x75\x74\x22\x0d\x0a\x20\x20\x20\x20\x20\x20\
\x20\x20\x20\x64\x63\x3a\x64\x61\x74\x65\x3d\x22\x32\x30\x31\x36\
\x2d\x31\x32\x2d\x31\x34\x22\x0d\x0a\x20\x20\x20\x20\x20\x20\x20\
\x20\x20\x64\x63\x3a\x66\x6f\x72\x6d\x61\x74\x3d\x22\x69\x6d\x61\
\x67\x65\x2f\x73\x76\x67\x2b\x78\x6d\x6c\x22\x0d\x0a\x20\x20\x20\
\x20\x20\x20\x20\x20\x20\x64\x63\x3a\x6c\x61\x6e\x67\x75\x61\x67\
\x65\x3d\x22\x65\x6e\x22\x3e\x0d\x0a\x20\x20\x20\x20\x20\x20\x20\
\x20\x3c\x64\x63\x3a\x63\x72\x65\x61\x74\x6f\x72\x3e\x0d\x0a\x20\
\x20\x20\x20\x20\x20\x20\x20\x20\x20\x3c\x72\x64\x66\x3a\x42\x61\
\x67\x3e\x0d\x0a\x20\x20\x20\x20\x20\x20\x20\x20\x20\x20\x20\x20\
\x3c\x72\x64\x66\x3a\x6c\x69\x3e\x4a\x65\x6d\x69\x73\x20\x4d\x61\
\x6c\x69\x3c\x2f\x72\x64\x66\x3a\x6c\x69\x3e\x0d\x0a\x20\x20\x20\
\x20\x20\x20\x20\x20\x20\x20\x3c\x2f\x72\x64\x66\x3a\x42\x61\x67\
\x3e\x0d\x0a\x20\x20\x20\x20\x20\x20\x20\x20\x3c\x2f\x64\x63\x3a\
\x63\x72\x65\x61\x74\x6f\x72\x3e\x0d\x0a\x20\x20\x20\x20\x20\x20\
\x3c\x2f\x72\x64\x66\x3a\x44\x65\x73\x63\x72\x69\x70\x74\x69\x6f\
\x6e\x3e\x0d\x0a\x20\x20\x20\x20\x20\x20\x3c\x63\x63\x3a\x57\x6f\
\x72\x6b\x0d\x0a\x20\x20\x20\x20\x20\x20\x20\x20\x20\x72\x64\x66\
\x3a\x61\x62\x6f\x75\x74\x3d\x22\x22\x3e\x0d\x0a\x20\x20\x20\x20\
\x20\x20\x20\x20\x3c\x64\x63\x3a\x66\x6f\x72\x6d\x61\x74\x3e\x69\
\x6d\x61\x67\x65\x2f\x73\x76\x67\x2b\x78\x6d\x6c\x3c\x2f\x64\x63\
\x3a\x66\x6f\x72\x6d\x61\x74\x3e\x0d\x0a\x20\x20\x20\x20\x20\x20\
\x20\x20\x3c\x64\x63\x3a\x74\x79\x70\x65\x0d\x0a\x20\x20\x20\x20\
\x20\x20\x20\x20\x20\x20\x20\x72\x64\x66\x3a\x72\x65\x73\x6f\x75\
\x72\x63\x65\x3d\x22\x68\x74\x74\x70\x3a\x2f\x2f\x70\x75\x72\x6c\
\x2e\x6f\x72\x67\x2f\x64\x63\x2f\x64\x63\x6d\x69\x74\x79\x70\x65\
\x2f\x53\x74\x69\x6c\x6c\x49\x6d\x61\x67\x65\x22\x20\x2f\x3e\x0d\
\x0a\x20\x20\x20\x20\x20\x20\x20\x20\x3c\x64\x63\x3a\x74\x69\x74\
\x6c\x65\x20\x2f\x3e\x0d\x0a\x20\x20\x20\x20\x20\x20\x3c\x2f\x63\
\x63\x3a\x57\x6f\x72\x6b\x3e\x0d\x0a\x20\x20\x20\x20\x3c\x2f\x72\
\x64\x66\x3a\x52\x44\x46\x3e\x0d\x0a\x20\x20\x3c\x2f\x6d\x65\x74\
\x61\x64\x61\x74\x61\x3e\x0d\x0a\x3c\x2f\x73\x76\x67\x3e\x0d\x0a\
\
\x00\x00\x16\x2b\
\x3c\
\x3f\x78\x6d\x6c\x20\x76\x65\x72\x73\x69\x6f\x6e\x3d\x22\x31\x2e\
\x30\x22\x20\x65\x6e\x63\x6f\x64\x69\x6e\x67\x3d\x22\x55\x54\x46\
\x2d\x38\x22\x20\x73\x74\x61\x6e\x64\x61\x6c\x6f\x6e\x65\x3d\x22\
\x6e\x6f\x22\x3f\x3e\x0d\x0a\x3c\x73\x76\x67\x0d\x0a\x20\x20\x20\
\x78\x6d\x6c\x6e\x73\x3a\x64\x63\x3d\x22\x68\x74\x74\x70\x3a\x2f\
\x2f\x70\x75\x72\x6c\x2e\x6f\x72\x67\x2f\x64\x63\x2f\x65\x6c\x65\
\x6d\x65\x6e\x74\x73\x2f\x31\x2e\x31\x2f\x22\x0d\x0a\x20\x20\x20\
\x78\x6d\x6c\x6e\x73\x3a\x63\x63\x3d\x22\x68\x74\x74\x70\x3a\x2f\
\x2f\x63\x72\x65\x61\x74\x69\x76\x65\x63\x6f\x6d\x6d\x6f\x6e\x73\
\x2e\x6f\x72\x67\x2f\x6e\x73\x23\x22\x0d\x0a\x20\x20\x20\x78\x6d\
\x6c\x6e\x73\x3a\x72\x64\x66\x3d\x22\x68\x74\x74\x70\x3a\x2f\x2f\
\x77\x77\x77\x2e\x77\x33\x2e\x6f\x72\x67\x2f\x31\x39\x39\x39\x2f\
\x30\x32\x2f\x32\x32\x2d\x72\x64\x66\x2d\x73\x79\x6e\x74\x61\x78\
\x2d\x6e\x73\x23\x22\x0d\x0a\x20\x20\x20\x78\x6d\x6c\x6e\x73\x3a\
\x73\x76\x67\x3d\x22\x68\x74\x74\x70\x3a\x2f\x2f\x77\x77\x77\x2e\
\x77\x33\x2e\x6f\x72\x67\x2f\x32\x30\x30\x30\x2f\x73\x76\x67\x22\
\x0d\x0a\x20\x20\x20\x78\x6d\x6c\x6e\x73\x3d\x22\x68\x74\x74\x70\
\x3a\x2f\x2f\x77\x77\x77\x2e\x77\x33\x2e\x6f\x72\x67\x2f\x32\x30\
\x30\x30\x2f\x73\x76\x67\x22\x0d\x0a\x20\x20\x20\x78\x6d\x6c\x6e\
\x73\x3a\x73\x6f\x64\x69\x70\x6f\x64\x69\x3d\x22\x68\x74\x74\x70\
\x3a\x2f\x2f\x73\x6f\x64\x69\x70\x6f\x64\x69\x2e\x73\x6f\x75\x72\
\x63\x65\x66\x6f\x72\x67\x65\x2e\x6e\x65\x74\x2f\x44\x54\x44\x2f\
\x73\x6f\x64\x69\x70\x6f\x64\x69\x2d\x30\x2e\x64\x74\x64\x22\x0d\
\x0a\x20\x20\x20\x78\x6d\x6c\x6e\x73\x3a\x69\x6e\x6b\x73\x63\x61\
\x70\x65\x3d\x22\x68\x74\x74\x70\x3a\x2f\x2f\x77\x77\x77\x2e\x69\
\x6e\x6b\x73\x63\x61\x70\x65\x2e\x6f\x72\x67\x2f\x6e\x61\x6d\x65\
\x73\x70\x61\x63\x65\x73\x2f\x69\x6e\x6b\x73\x63\x61\x70\x65\x22\
\x0d\x0a\x20\x20\x20\x73\x6f\x64\x69\x70\x6f\x64\x69\x3a\x64\x6f\
\x63\x6e\x61\x6d\x65\x3d\x22\x63\x6c\x6f\x73\x65\x2d\x62\x75\x74\
\x74\x6f\x6e\x2d\x64\x69\x73\x61\x62\x6c\x65\x64\x2e\x73\x76\x67\
\x22\x0d\x0a\x20\x20\x20\x69\x6e\x6b\x73\x63\x61\x70\x65\x3a\x76\
\x65\x72\x73\x69\x6f\x6e\x3d\x22\x31\x2e\x30\x20\x28\x34\x30\x33\
\x35\x61\x34\x66\x62\x34\x39\x2c\x20\x32\x30\x32\x30\x2d\x30\x35\
\x2d\x30\x31\x29\x22\x0d\x0a\x20\x20\x20\x76\x65\x72\x73\x69\x6f\
\x6e\x3d\x22\x31\x2e\x31\x22\x0d\x0a\x20\x20\x20\x69\x64\x3d\x22\
\x73\x76\x67\x32\x22\x0d\x0a\x20\x20\x20\x76\x69\x65\x77\x42\x6f\
\x78\x3d\x22\x30\x20\x30\x20\x31\x36\x20\x31\x36\x22\x0d\x0a\x20\
\x20\x20\x68\x65\x69\x67\x68\x74\x3d\x22\x31\x36\x70\x78\x22\x0d\
\x0a\x20\x20\x20\x77\x69\x64\x74\x68\x3d\x22\x31\x36\x70\x78\x22\
\x3e\x0d\x0a\x20\x20\x3c\x73\x74\x79\x6c\x65\x0d\x0a\x20\x20\x20\
\x20\x20\x69\x64\x3d\x22\x73\x74\x79\x6c\x65\x32\x22\x3e\x3c\x2f\
\x73\x74\x79\x6c\x65\x3e\x0d\x0a\x20\x20\x3c\x64\x65\x66\x73\x0d\
\x0a\x20\x20\x20\x20\x20\x69\x64\x3d\x22\x64\x65\x66\x73\x34\x22\
\x3e\x0d\x0a\x20\x20\x20\x20\x3c\x70\x61\x74\x74\x65\x72\x6e\x0d\
\x0a\x20\x20\x20\x20\x20\x20\x20\x69\x64\x3d\x22\x45\x4d\x46\x68\
\x62\x61\x73\x65\x70\x61\x74\x74\x65\x72\x6e\x22\x0d\x0a\x20\x20\
\x20\x20\x20\x20\x20\x70\x61\x74\x74\x65\x72\x6e\x55\x6e\x69\x74\
\x73\x3d\x22\x75\x73\x65\x72\x53\x70\x61\x63\x65\x4f\x6e\x55\x73\
\x65\x22\x0d\x0a\x20\x20\x20\x20\x20\x20\x20\x77\x69\x64\x74\x68\
\x3d\x22\x36\x22\x0d\x0a\x20\x20\x20\x20\x20\x20\x20\x68\x65\x69\
\x67\x68\x74\x3d\x22\x36\x22\x0d\x0a\x20\x20\x20\x20\x20\x20\x20\
\x78\x3d\x22\x30\x22\x0d\x0a\x20\x20\x20\x20\x20\x20\x20\x79\x3d\
\x22\x30\x22\x20\x2f\x3e\x0d\x0a\x20\x20\x20\x20\x3c\x70\x61\x74\
\x74\x65\x72\x6e\x0d\x0a\x20\x20\x20\x20\x20\x20\x20\x69\x64\x3d\
\x22\x45\x4d\x46\x68\x62\x61\x73\x65\x70\x61\x74\x74\x65\x72\x6e\
\x2d\x34\x22\x0d\x0a\x20\x20\x20\x20\x20\x20\x20\x70\x61\x74\x74\
\x65\x72\x6e\x55\x6e\x69\x74\x73\x3d\x22\x75\x73\x65\x72\x53\x70\
\x61\x63\x65\x4f\x6e\x55\x73\x65\x22\x0d\x0a\x20\x20\x20\x20\x20\
\x20\x20\x77\x69\x64\x74\x68\x3d\x22\x36\x22\x0d\x0a\x20\x20\x20\
\x20\x20\x20\x20\x68\x65\x69\x67\x68\x74\x3d\x22\x36\x22\x0d\x0a\
\x20\x20\x20\x20\x20\x20\x20\x78\x3d\x22\x30\x22\x0d\x0a\x20\x20\
\x20\x20\x20\x20\x20\x79\x3d\x22\x30\x22\x20\x2f\x3e\x0d\x0a\x20\
\x20\x20\x20\x3c\x70\x61\x74\x74\x65\x72\x6e\x0d\x0a\x20\x20\x20\
\x20\x20\x20\x20\x69\x64\x3d\x22\x45\x4d\x46\x68\x62\x61\x73\x65\
\x70\x61\x74\x74\x65\x72\x6e\x2d\x33\x22\x0d\x0a\x20\x20\x20\x20\
\x20\x20\x20\x70\x61\x74\x74\x65\x72\x6e\x55\x6e\x69\x74\x73\x3d\
\x22\x75\x73\x65\x72\x53\x70\x61\x63\x65\x4f\x6e\x55\x73\x65\x22\
\x0d\x0a\x20\x20\x20\x20\x20\x20\x20\x77\x69\x64\x74\x68\x3d\x22\
\x36\x22\x0d\x0a\x20\x20\x20\x20\x20\x20\x20\x68\x65\x69\x67\x68\
\x74\x3d\x22\x36\x22\x0d\x0a\x20\x20\x20\x20\x20\x20\x20\x78\x3d\
\x22\x30\x22\x0d\x0a\x20\x20\x20\x20\x20\x20\x20\x79\x3d\x22\x30\
\x22\x20\x2f\x3e\x0d\x0a\x20\x20\x20\x20\x3c\x70\x61\x74\x74\x65\
\x72\x6e\x0d\x0a\x20\x20\x20\x20\x20\x20\x20\x69\x64\x3d\x22\x45\
\x4d\x46\x68\x62\x61\x73\x65\x70\x61\x74\x74\x65\x72\x6e\x2d\x38\
\x22\x0d\x0a\x20\x20\x20\x20\x20\x20\x20\x70\x61\x74\x74\x65\x72\
\x6e\x55\x6e\x69\x74\x73\x3d\x22\x75\x73\x65\x72\x53\x70\x61\x63\
\x65\x4f\x6e\x55\x73\x65\x22\x0d\x0a\x20\x20\x20\x20\x20\x20\x20\
\x77\x69\x64\x74\x68\x3d\x22\x36\x22\x0d\x0a\x20\x20\x20\x20\x20\
\x20\x20\x68\x65\x69\x67\x68\x74\x3d\x22\x36\x22\x0d\x0a\x20\x20\
\x20\x20\x20\x20\x20\x78\x3d\x22\x30\x22\x0d\x0a\x20\x20\x20\x20\
\x20\x20\x20\x79\x3d\x22\x30\x22\x20\x2f\x3e\x0d\x0a\x20\x20\x3c\
\x2f\x64\x65\x66\x73\x3e\x0d\x0a\x20\x20\x3c\x73\x6f\x64\x69\x70\
\x6f\x64\x69\x3a\x6e\x61\x6d\x65\x64\x76\x69\x65\x77\x0d\x0a\x20\
\x20\x20\x20\x20\x69\x6e\x6b\x73\x63\x61\x70\x65\x3a\x67\x75\x69\
\x64\x65\x2d\x62\x62\x6f\x78\x3d\x22\x74\x72\x75\x65\x22\x0d\x0a\
\x20\x20\x20\x20\x20\x73\x68\x6f\x77\x67\x75\x69\x64\x65\x73\x3d\
\x22\x74\x72\x75\x65\x22\x0d\x0a\x20\x20\x20\x20\x20\x69\x6e\x6b\
\x73\x63\x61\x70\x65\x3a\x64\x6f\x63\x75\x6d\x65\x6e\x74\x2d\x72\
\x6f\x74\x61\x74\x69\x6f\x6e\x3d\x22\x30\x22\x0d\x0a\x20\x20\x20\
\x20\x20\x69\x6e\x6b\x73\x63\x61\x70\x65\x3a\x73\x6e\x61\x70\x2d\
\x67\x6c\x6f\x62\x61\x6c\x3d\x22\x74\x72\x75\x65\x22\x0d\x0a\x20\
\x20\x20\x20\x20\x69\x6e\x6b\x73\x63\x61\x70\x65\x3a\x73\x6e\x61\
\x70\x2d\x62\x62\x6f\x78\x2d\x6d\x69\x64\x70\x6f\x69\x6e\x74\x73\
\x3d\x22\x74\x72\x75\x65\x22\x0d\x0a\x20\x20\x20\x20\x20\x69\x6e\
\x6b\x73\x63\x61\x70\x65\x3a\x73\x6e\x61\x70\x2d\x62\x62\x6f\x78\
\x2d\x65\x64\x67\x65\x2d\x6d\x69\x64\x70\x6f\x69\x6e\x74\x73\x3d\
\x22\x74\x72\x75\x65\x22\x0d\x0a\x20\x20\x20\x20\x20\x69\x6e\x6b\
\x73\x63\x61\x70\x65\x3a\x62\x62\x6f\x78\x2d\x6e\x6f\x64\x65\x73\
\x3d\x22\x74\x72\x75\x65\x22\x0d\x0a\x20\x20\x20\x20\x20\x69\x6e\
\x6b\x73\x63\x61\x70\x65\x3a\x62\x62\x6f\x78\x2d\x70\x61\x74\x68\
\x73\x3d\x22\x74\x72\x75\x65\x22\x0d\x0a\x20\x20\x20\x20\x20\x69\
\x6e\x6b\x73\x63\x61\x70\x65\x3a\x73\x6e\x61\x70\x2d\x62\x62\x6f\
\x78\x3d\x22\x74\x72\x75\x65\x22\x0d\x0a\x20\x20\x20\x20\x20\x69\
\x6e\x6b\x73\x63\x61\x70\x65\x3a\x77\x69\x6e\x64\x6f\x77\x2d\x6d\
\x61\x78\x69\x6d\x69\x7a\x65\x64\x3d\x22\x31\x22\x0d\x0a\x20\x20\
\x20\x20\x20\x69\x6e\x6b\x73\x63\x61\x70\x65\x3a\x77\x69\x6e\x64\
\x6f\x77\x2d\x79\x3d\x22\x2d\x38\x22\x0d\x0a\x20\x20\x20\x20\x20\
\x69\x6e\x6b\x73\x63\x61\x70\x65\x3a\x77\x69\x6e\x64\x6f\x77\x2d\
\x78\x3d\x22\x31\x39\x31\x32\x22\x0d\x0a\x20\x20\x20\x20\x20\x69\
\x6e\x6b\x73\x63\x61\x70\x65\x3a\x77\x69\x6e\x64\x6f\x77\x2d\x68\
\x65\x69\x67\x68\x74\x3d\x22\x31\x30\x31\x37\x22\x0d\x0a\x20\x20\
\x20\x20\x20\x69\x6e\x6b\x73\x63\x61\x70\x65\x3a\x77\x69\x6e\x64\
\x6f\x77\x2d\x77\x69\x64\x74\x68\x3d\x22\x31\x39\x32\x30\x22\x0d\
\x0a\x20\x20\x20\x20\x20\x75\x6e\x69\x74\x73\x3d\x22\x70\x78\x22\
\x0d\x0a\x20\x20\x20\x20\x20\x73\x68\x6f\x77\x67\x72\x69\x64\x3d\
\x22\x74\x72\x75\x65\x22\x0d\x0a\x20\x20\x20\x20\x20\x69\x6e\x6b\
\x73\x63\x61\x70\x65\x3a\x63\x75\x72\x72\x65\x6e\x74\x2d\x6c\x61\
\x79\x65\x72\x3d\x22\x67\x35\x32\x32\x38\x22\x0d\x0a\x20\x20\x20\
\x20\x20\x69\x6e\x6b\x73\x63\x61\x70\x65\x3a\x64\x6f\x63\x75\x6d\
\x65\x6e\x74\x2d\x75\x6e\x69\x74\x73\x3d\x22\x70\x78\x22\x0d\x0a\
\x20\x20\x20\x20\x20\x69\x6e\x6b\x73\x63\x61\x70\x65\x3a\x63\x79\
\x3d\x22\x31\x33\x2e\x31\x37\x36\x39\x31\x22\x0d\x0a\x20\x20\x20\
\x20\x20\x69\x6e\x6b\x73\x63\x61\x70\x65\x3a\x63\x78\x3d\x22\x36\
\x2e\x32\x33\x31\x36\x38\x38\x39\x22\x0d\x0a\x20\x20\x20\x20\x20\
\x69\x6e\x6b\x73\x63\x61\x70\x65\x3a\x7a\x6f\x6f\x6d\x3d\x22\x32\
\x32\x2e\x36\x32\x37\x34\x31\x37\x22\x0d\x0a\x20\x20\x20\x20\x20\
\x69\x6e\x6b\x73\x63\x61\x70\x65\x3a\x70\x61\x67\x65\x73\x68\x61\
\x64\x6f\x77\x3d\x22\x32\x22\x0d\x0a\x20\x20\x20\x20\x20\x69\x6e\
\x6b\x73\x63\x61\x70\x65\x3a\x70\x61\x67\x65\x6f\x70\x61\x63\x69\
\x74\x79\x3d\x22\x30\x2e\x30\x22\x0d\x0a\x20\x20\x20\x20\x20\x62\
\x6f\x72\x64\x65\x72\x6f\x70\x61\x63\x69\x74\x79\x3d\x22\x31\x2e\
\x30\x22\x0d\x0a\x20\x20\x20\x20\x20\x62\x6f\x72\x64\x65\x72\x63\
\x6f\x6c\x6f\x72\x3d\x22\x23\x36\x36\x36\x36\x36\x36\x22\x0d\x0a\
\x20\x20\x20\x20\x20\x70\x61\x67\x65\x63\x6f\x6c\x6f\x72\x3d\x22\
\x23\x66\x66\x66\x66\x66\x66\x22\x0d\x0a\x20\x20\x20\x20\x20\x69\
\x64\x3d\x22\x62\x61\x73\x65\x22\x3e\x0d\x0a\x20\x20\x20\x20\x3c\
\x69\x6e\x6b\x73\x63\x61\x70\x65\x3a\x67\x72\x69\x64\x0d\x0a\x20\
\x20\x20\x20\x20\x20\x20\x69\x64\x3d\x22\x67\x72\x69\x64\x33\x33\
\x33\x36\x22\x0d\x0a\x20\x20\x20\x20\x20\x20\x20\x74\x79\x70\x65\
\x3d\x22\x78\x79\x67\x72\x69\x64\x22\x20\x2f\x3e\x0d\x0a\x20\x20\
\x20\x20\x3c\x73\x6f\x64\x69\x70\x6f\x64\x69\x3a\x67\x75\x69\x64\
\x65\x0d\x0a\x20\x20\x20\x20\x20\x20\x20\x69\x64\x3d\x22\x67\x75\
\x69\x64\x65\x38\x38\x33\x22\x0d\x0a\x20\x20\x20\x20\x20\x20\x20\
\x6f\x72\x69\x65\x6e\x74\x61\x74\x69\x6f\x6e\x3d\x22\x31\x2c\x30\
\x22\x0d\x0a\x20\x20\x20\x20\x20\x20\x20\x70\x6f\x73\x69\x74\x69\
\x6f\x6e\x3d\x22\x34\x2c\x31\x30\x22\x20\x2f\x3e\x0d\x0a\x20\x20\
\x20\x20\x3c\x73\x6f\x64\x69\x70\x6f\x64\x69\x3a\x67\x75\x69\x64\
\x65\x0d\x0a\x20\x20\x20\x20\x20\x20\x20\x69\x64\x3d\x22\x67\x75\
\x69\x64\x65\x38\x38\x35\x22\x0d\x0a\x20\x20\x20\x20\x20\x20\x20\
\x6f\x72\x69\x65\x6e\x74\x61\x74\x69\x6f\x6e\x3d\x22\x30\x2c\x2d\
\x31\x22\x0d\x0a\x20\x20\x20\x20\x20\x20\x20\x70\x6f\x73\x69\x74\
\x69\x6f\x6e\x3d\x22\x31\x30\x2c\x31\x32\x22\x20\x2f\x3e\x0d\x0a\
\x20\x20\x20\x20\x3c\x73\x6f\x64\x69\x70\x6f\x64\x69\x3a\x67\x75\
\x69\x64\x65\x0d\x0a\x20\x20\x20\x20\x20\x20\x20\x69\x64\x3d\x22\
\x67\x75\x69\x64\x65\x38\x38\x37\x22\x0d\x0a\x20\x20\x20\x20\x20\
\x20\x20\x6f\x72\x69\x65\x6e\x74\x61\x74\x69\x6f\x6e\x3d\x22\x31\
\x2c\x30\x22\x0d\x0a\x20\x20\x20\x20\x20\x20\x20\x70\x6f\x73\x69\
\x74\x69\x6f\x6e\x3d\x22\x31\x32\x2c\x32\x22\x20\x2f\x3e\x0d\x0a\
\x20\x20\x20\x20\x3c\x73\x6f\x64\x69\x70\x6f\x64\x69\x3a\x67\x75\
\x69\x64\x65\x0d\x0a\x20\x20\x20\x20\x20\x20\x20\x69\x64\x3d\x22\
\x67\x75\x69\x64\x65\x38\x38\x39\x22\x0d\x0a\x20\x20\x20\x20\x20\
\x20\x20\x6f\x72\x69\x65\x6e\x74\x61\x74\x69\x6f\x6e\x3d\x22\x30\
\x2c\x2d\x31\x22\x0d\x0a\x20\x20\x20\x20\x20\x20\x20\x70\x6f\x73\
\x69\x74\x69\x6f\x6e\x3d\x22\x31\x34\x2c\x34\x22\x20\x2f\x3e\x0d\
\x0a\x20\x20\x3c\x2f\x73\x6f\x64\x69\x70\x6f\x64\x69\x3a\x6e\x61\
\x6d\x65\x64\x76\x69\x65\x77\x3e\x0d\x0a\x20\x20\x3c\x67\x0d\x0a\
\x20\x20\x20\x20\x20\x74\x72\x61\x6e\x73\x66\x6f\x72\x6d\x3d\x22\
\x74\x72\x61\x6e\x73\x6c\x61\x74\x65\x28\x30\x2c\x2d\x31\x30\x33\
\x36\x2e\x33\x36\x32\x32\x29\x22\x0d\x0a\x20\x20\x20\x20\x20\x69\
\x64\x3d\x22\x6c\x61\x79\x65\x72\x31\x22\x0d\x0a\x20\x20\x20\x20\
\x20\x69\x6e\x6b\x73\x63\x61\x70\x65\x3a\x67\x72\x6f\x75\x70\x6d\
\x6f\x64\x65\x3d\x22\x6c\x61\x79\x65\x72\x22\x0d\x0a\x20\x20\x20\
\x20\x20\x69\x6e\x6b\x73\x63\x61\x70\x65\x3a\x6c\x61\x62\x65\x6c\
\x3d\x22\x4c\x61\x79\x65\x72\x20\x31\x22\x3e\x0d\x0a\x20\x20\x20\
\x20\x3c\x67\x0d\x0a\x20\x20\x20\x20\x20\x20\x20\x69\x64\x3d\x22\
\x67\x35\x32\x32\x38\x22\x0d\x0a\x20\x20\x20\x20\x20\x20\x20\x74\
\x72\x61\x6e\x73\x66\x6f\x72\x6d\x3d\x22\x74\x72\x61\x6e\x73\x6c\
\x61\x74\x65\x28\x36\x32\x38\x2c\x2d\x31\x34\x30\x2e\x34\x39\x39\
\x39\x38\x29\x22\x3e\x0d\x0a\x20\x20\x20\x20\x20\x20\x3c\x70\x61\
\x74\x68\x0d\x0a\x20\x20\x20\x20\x20\x20\x20\x20\x20\x69\x64\x3d\
\x22\x70\x61\x74\x68\x38\x34\x36\x22\x0d\x0a\x20\x20\x20\x20\x20\
\x20\x20\x20\x20\x73\x74\x79\x6c\x65\x3d\x22\x63\x6f\x6c\x6f\x72\
\x3a\x23\x30\x30\x30\x30\x30\x30\x3b\x66\x6f\x6e\x74\x2d\x73\x74\
\x79\x6c\x65\x3a\x6e\x6f\x72\x6d\x61\x6c\x3b\x66\x6f\x6e\x74\x2d\
\x76\x61\x72\x69\x61\x6e\x74\x3a\x6e\x6f\x72\x6d\x61\x6c\x3b\x66\
\x6f\x6e\x74\x2d\x77\x65\x69\x67\x68\x74\x3a\x6e\x6f\x72\x6d\x61\
\x6c\x3b\x66\x6f\x6e\x74\x2d\x73\x74\x72\x65\x74\x63\x68\x3a\x6e\
\x6f\x72\x6d\x61\x6c\x3b\x66\x6f\x6e\x74\x2d\x73\x69\x7a\x65\x3a\
\x6d\x65\x64\x69\x75\x6d\x3b\x6c\x69\x6e\x65\x2d\x68\x65\x69\x67\
\x68\x74\x3a\x6e\x6f\x72\x6d\x61\x6c\x3b\x66\x6f\x6e\x74\x2d\x66\
\x61\x6d\x69\x6c\x79\x3a\x73\x61\x6e\x73\x2d\x73\x65\x72\x69\x66\
\x3b\x66\x6f\x6e\x74\x2d\x76\x61\x72\x69\x61\x6e\x74\x2d\x6c\x69\
\x67\x61\x74\x75\x72\x65\x73\x3a\x6e\x6f\x72\x6d\x61\x6c\x3b\x66\
\x6f\x6e\x74\x2d\x76\x61\x72\x69\x61\x6e\x74\x2d\x70\x6f\x73\x69\
\x74\x69\x6f\x6e\x3a\x6e\x6f\x72\x6d\x61\x6c\x3b\x66\x6f\x6e\x74\
\x2d\x76\x61\x72\x69\x61\x6e\x74\x2d\x63\x61\x70\x73\x3a\x6e\x6f\
\x72\x6d\x61\x6c\x3b\x66\x6f\x6e\x74\x2d\x76\x61\x72\x69\x61\x6e\
\x74\x2d\x6e\x75\x6d\x65\x72\x69\x63\x3a\x6e\x6f\x72\x6d\x61\x6c\
\x3b\x66\x6f\x6e\x74\x2d\x76\x61\x72\x69\x61\x6e\x74\x2d\x61\x6c\
\x74\x65\x72\x6e\x61\x74\x65\x73\x3a\x6e\x6f\x72\x6d\x61\x6c\x3b\
\x66\x6f\x6e\x74\x2d\x76\x61\x72\x69\x61\x6e\x74\x2d\x65\x61\x73\
\x74\x2d\x61\x73\x69\x61\x6e\x3a\x6e\x6f\x72\x6d\x61\x6c\x3b\x66\
\x6f\x6e\x74\x2d\x66\x65\x61\x74\x75\x72\x65\x2d\x73\x65\x74\x74\
\x69\x6e\x67\x73\x3a\x6e\x6f\x72\x6d\x61\x6c\x3b\x66\x6f\x6e\x74\
\x2d\x76\x61\x72\x69\x61\x74\x69\x6f\x6e\x2d\x73\x65\x74\x74\x69\
\x6e\x67\x73\x3a\x6e\x6f\x72\x6d\x61\x6c\x3b\x74\x65\x78\x74\x2d\
\x69\x6e\x64\x65\x6e\x74\x3a\x30\x3b\x74\x65\x78\x74\x2d\x61\x6c\
\x69\x67\x6e\x3a\x73\x74\x61\x72\x74\x3b\x74\x65\x78\x74\x2d\x64\
\x65\x63\x6f\x72\x61\x74\x69\x6f\x6e\x3a\x6e\x6f\x6e\x65\x3b\x74\
\x65\x78\x74\x2d\x64\x65\x63\x6f\x72\x61\x74\x69\x6f\x6e\x2d\x6c\
\x69\x6e\x65\x3a\x6e\x6f\x6e\x65\x3b\x74\x65\x78\x74\x2d\x64\x65\
\x63\x6f\x72\x61\x74\x69\x6f\x6e\x2d\x73\x74\x79\x6c\x65\x3a\x73\
\x6f\x6c\x69\x64\x3b\x74\x65\x78\x74\x2d\x64\x65\x63\x6f\x72\x61\
\x74\x69\x6f\x6e\x2d\x63\x6f\x6c\x6f\x72\x3a\x23\x30\x30\x30\x30\
\x30\x30\x3b\x6c\x65\x74\x74\x65\x72\x2d\x73\x70\x61\x63\x69\x6e\
\x67\x3a\x6e\x6f\x72\x6d\x61\x6c\x3b\x77\x6f\x72\x64\x2d\x73\x70\
\x61\x63\x69\x6e\x67\x3a\x6e\x6f\x72\x6d\x61\x6c\x3b\x74\x65\x78\
\x74\x2d\x74\x72\x61\x6e\x73\x66\x6f\x72\x6d\x3a\x6e\x6f\x6e\x65\
\x3b\x77\x72\x69\x74\x69\x6e\x67\x2d\x6d\x6f\x64\x65\x3a\x6c\x72\
\x2d\x74\x62\x3b\x64\x69\x72\x65\x63\x74\x69\x6f\x6e\x3a\x6c\x74\
\x72\x3b\x74\x65\x78\x74\x2d\x6f\x72\x69\x65\x6e\x74\x61\x74\x69\
\x6f\x6e\x3a\x6d\x69\x78\x65\x64\x3b\x64\x6f\x6d\x69\x6e\x61\x6e\
\x74\x2d\x62\x61\x73\x65\x6c\x69\x6e\x65\x3a\x61\x75\x74\x6f\x3b\
\x62\x61\x73\x65\x6c\x69\x6e\x65\x2d\x73\x68\x69\x66\x74\x3a\x62\
\x61\x73\x65\x6c\x69\x6e\x65\x3b\x74\x65\x78\x74\x2d\x61\x6e\x63\
\x68\x6f\x72\x3a\x73\x74\x61\x72\x74\x3b\x77\x68\x69\x74\x65\x2d\
\x73\x70\x61\x63\x65\x3a\x6e\x6f\x72\x6d\x61\x6c\x3b\x73\x68\x61\
\x70\x65\x2d\x70\x61\x64\x64\x69\x6e\x67\x3a\x30\x3b\x73\x68\x61\
\x70\x65\x2d\x6d\x61\x72\x67\x69\x6e\x3a\x30\x3b\x69\x6e\x6c\x69\
\x6e\x65\x2d\x73\x69\x7a\x65\x3a\x30\x3b\x63\x6c\x69\x70\x2d\x72\
\x75\x6c\x65\x3a\x6e\x6f\x6e\x7a\x65\x72\x6f\x3b\x64\x69\x73\x70\
\x6c\x61\x79\x3a\x69\x6e\x6c\x69\x6e\x65\x3b\x6f\x76\x65\x72\x66\
\x6c\x6f\x77\x3a\x76\x69\x73\x69\x62\x6c\x65\x3b\x76\x69\x73\x69\
\x62\x69\x6c\x69\x74\x79\x3a\x76\x69\x73\x69\x62\x6c\x65\x3b\x69\
\x73\x6f\x6c\x61\x74\x69\x6f\x6e\x3a\x61\x75\x74\x6f\x3b\x6d\x69\
\x78\x2d\x62\x6c\x65\x6e\x64\x2d\x6d\x6f\x64\x65\x3a\x6e\x6f\x72\
\x6d\x61\x6c\x3b\x63\x6f\x6c\x6f\x72\x2d\x69\x6e\x74\x65\x72\x70\
\x6f\x6c\x61\x74\x69\x6f\x6e\x3a\x73\x52\x47\x42\x3b\x63\x6f\x6c\
\x6f\x72\x2d\x69\x6e\x74\x65\x72\x70\x6f\x6c\x61\x74\x69\x6f\x6e\
\x2d\x66\x69\x6c\x74\x65\x72\x73\x3a\x6c\x69\x6e\x65\x61\x72\x52\
\x47\x42\x3b\x73\x6f\x6c\x69\x64\x2d\x63\x6f\x6c\x6f\x72\x3a\x23\
\x30\x30\x30\x30\x30\x30\x3b\x73\x6f\x6c\x69\x64\x2d\x6f\x70\x61\
\x63\x69\x74\x79\x3a\x31\x3b\x76\x65\x63\x74\x6f\x72\x2d\x65\x66\
\x66\x65\x63\x74\x3a\x6e\x6f\x6e\x65\x3b\x66\x69\x6c\x6c\x3a\x23\
\x61\x30\x61\x30\x61\x30\x3b\x66\x69\x6c\x6c\x2d\x6f\x70\x61\x63\
\x69\x74\x79\x3a\x31\x3b\x66\x69\x6c\x6c\x2d\x72\x75\x6c\x65\x3a\
\x65\x76\x65\x6e\x6f\x64\x64\x3b\x73\x74\x72\x6f\x6b\x65\x3a\x6e\
\x6f\x6e\x65\x3b\x73\x74\x72\x6f\x6b\x65\x2d\x77\x69\x64\x74\x68\
\x3a\x31\x70\x78\x3b\x73\x74\x72\x6f\x6b\x65\x2d\x6c\x69\x6e\x65\
\x63\x61\x70\x3a\x72\x6f\x75\x6e\x64\x3b\x73\x74\x72\x6f\x6b\x65\
\x2d\x6c\x69\x6e\x65\x6a\x6f\x69\x6e\x3a\x6d\x69\x74\x65\x72\x3b\
\x73\x74\x72\x6f\x6b\x65\x2d\x6d\x69\x74\x65\x72\x6c\x69\x6d\x69\
\x74\x3a\x34\x3b\x73\x74\x72\x6f\x6b\x65\x2d\x64\x61\x73\x68\x61\
\x72\x72\x61\x79\x3a\x6e\x6f\x6e\x65\x3b\x73\x74\x72\x6f\x6b\x65\
\x2d\x64\x61\x73\x68\x6f\x66\x66\x73\x65\x74\x3a\x30\x3b\x73\x74\
\x72\x6f\x6b\x65\x2d\x6f\x70\x61\x63\x69\x74\x79\x3a\x31\x3b\x63\
\x6f\x6c\x6f\x72\x2d\x72\x65\x6e\x64\x65\x72\x69\x6e\x67\x3a\x61\
\x75\x74\x6f\x3b\x69\x6d\x61\x67\x65\x2d\x72\x65\x6e\x64\x65\x72\
\x69\x6e\x67\x3a\x61\x75\x74\x6f\x3b\x73\x68\x61\x70\x65\x2d\x72\
\x65\x6e\x64\x65\x72\x69\x6e\x67\x3a\x61\x75\x74\x6f\x3b\x74\x65\
\x78\x74\x2d\x72\x65\x6e\x64\x65\x72\x69\x6e\x67\x3a\x61\x75\x74\
\x6f\x3b\x65\x6e\x61\x62\x6c\x65\x2d\x62\x61\x63\x6b\x67\x72\x6f\
\x75\x6e\x64\x3a\x61\x63\x63\x75\x6d\x75\x6c\x61\x74\x65\x3b\x73\
\x74\x6f\x70\x2d\x63\x6f\x6c\x6f\x72\x3a\x23\x30\x30\x30\x30\x30\
\x30\x3b\x73\x74\x6f\x70\x2d\x6f\x70\x61\x63\x69\x74\x79\x3a\x31\
\x3b\x6f\x70\x61\x63\x69\x74\x79\x3a\x31\x22\x0d\x0a\x20\x20\x20\
\x20\x20\x20\x20\x20\x20\x64\x3d\x22\x4d\x20\x34\x2e\x34\x37\x36\
\x35\x36\x32\x35\x20\x34\x2e\x30\x30\x31\x39\x35\x33\x31\x20\x41\
\x20\x30\x2e\x35\x20\x30\x2e\x35\x20\x30\x20\x30\x20\x30\x20\x34\
\x2e\x31\x34\x36\x34\x38\x34\x34\x20\x34\x2e\x31\x34\x36\x34\x38\
\x34\x34\x20\x41\x20\x30\x2e\x35\x20\x30\x2e\x35\x20\x30\x20\x30\
\x20\x30\x20\x34\x2e\x31\x34\x36\x34\x38\x34\x34\x20\x34\x2e\x38\
\x35\x33\x35\x31\x35\x36\x20\x4c\x20\x37\x2e\x32\x39\x32\x39\x36\
\x38\x38\x20\x38\x20\x4c\x20\x34\x2e\x31\x34\x36\x34\x38\x34\x34\
\x20\x31\x31\x2e\x31\x34\x36\x34\x38\x34\x20\x41\x20\x30\x2e\x35\
\x20\x30\x2e\x35\x20\x30\x20\x30\x20\x30\x20\x34\x2e\x31\x34\x36\
\x34\x38\x34\x34\x20\x31\x31\x2e\x38\x35\x33\x35\x31\x36\x20\x41\
\x20\x30\x2e\x35\x20\x30\x2e\x35\x20\x30\x20\x30\x20\x30\x20\x34\
\x2e\x38\x35\x33\x35\x31\x35\x36\x20\x31\x31\x2e\x38\x35\x33\x35\
\x31\x36\x20\x4c\x20\x38\x20\x38\x2e\x37\x30\x37\x30\x33\x31\x32\
\x20\x4c\x20\x31\x31\x2e\x31\x34\x36\x34\x38\x34\x20\x31\x31\x2e\
\x38\x35\x33\x35\x31\x36\x20\x41\x20\x30\x2e\x35\x20\x30\x2e\x35\
\x20\x30\x20\x30\x20\x30\x20\x31\x31\x2e\x38\x35\x33\x35\x31\x36\
\x20\x31\x31\x2e\x38\x35\x33\x35\x31\x36\x20\x41\x20\x30\x2e\x35\
\x20\x30\x2e\x35\x20\x30\x20\x30\x20\x30\x20\x31\x31\x2e\x38\x35\
\x33\x35\x31\x36\x20\x31\x31\x2e\x31\x34\x36\x34\x38\x34\x20\x4c\
\x20\x38\x2e\x37\x30\x37\x30\x33\x31\x32\x20\x38\x20\x4c\x20\x31\
\x31\x2e\x38\x35\x33\x35\x31\x36\x20\x34\x2e\x38\x35\x33\x35\x31\
\x35\x36\x20\x41\x20\x30\x2e\x35\x20\x30\x2e\x35\x20\x30\x20\x30\
\x20\x30\x20\x31\x31\x2e\x38\x35\x33\x35\x31\x36\x20\x34\x2e\x31\
\x34\x36\x34\x38\x34\x34\x20\x41\x20\x30\x2e\x35\x20\x30\x2e\x35\
\x20\x30\x20\x30\x20\x30\x20\x31\x31\x2e\x34\x37\x36\x35\x36\x32\
\x20\x34\x2e\x30\x30\x31\x39\x35\x33\x31\x20\x41\x20\x30\x2e\x35\
\x20\x30\x2e\x35\x20\x30\x20\x30\x20\x30\x20\x31\x31\x2e\x31\x34\
\x36\x34\x38\x34\x20\x34\x2e\x31\x34\x36\x34\x38\x34\x34\x20\x4c\
\x20\x38\x20\x37\x2e\x32\x39\x32\x39\x36\x38\x38\x20\x4c\x20\x34\
\x2e\x38\x35\x33\x35\x31\x35\x36\x20\x34\x2e\x31\x34\x36\x34\x38\
\x34\x34\x20\x41\x20\x30\x2e\x35\x20\x30\x2e\x35\x20\x30\x20\x30\
\x20\x30\x20\x34\x2e\x34\x37\x36\x35\x36\x32\x35\x20\x34\x2e\x30\
\x30\x31\x39\x35\x33\x31\x20\x7a\x20\x22\x0d\x0a\x20\x20\x20\x20\
\x20\x20\x20\x20\x20\x74\x72\x61\x6e\x73\x66\x6f\x72\x6d\x3d\x22\
\x74\x72\x61\x6e\x73\x6c\x61\x74\x65\x28\x2d\x36\x32\x38\x2c\x31\
\x31\x37\x36\x2e\x38\x36\x32\x32\x29\x22\x20\x2f\x3e\x0d\x0a\x20\
\x20\x20\x20\x3c\x2f\x67\x3e\x0d\x0a\x20\x20\x3c\x2f\x67\x3e\x0d\
\x0a\x20\x20\x3c\x6d\x65\x74\x61\x64\x61\x74\x61\x0d\x0a\x20\x20\
\x20\x20\x20\x69\x64\x3d\x22\x6d\x65\x74\x61\x64\x61\x74\x61\x31\
\x32\x22\x3e\x0d\x0a\x20\x20\x20\x20\x3c\x72\x64\x66\x3a\x52\x44\
\x46\x3e\x0d\x0a\x20\x20\x20\x20\x20\x20\x3c\x72\x64\x66\x3a\x44\
\x65\x73\x63\x72\x69\x70\x74\x69\x6f\x6e\x0d\x0a\x20\x20\x20\x20\
\x20\x20\x20\x20\x20\x64\x63\x3a\x6c\x61\x6e\x67\x75\x61\x67\x65\
\x3d\x22\x65\x6e\x22\x0d\x0a\x20\x20\x20\x20\x20\x20\x20\x20\x20\
\x64\x63\x3a\x66\x6f\x72\x6d\x61\x74\x3d\x22\x69\x6d\x61\x67\x65\
\x2f\x73\x76\x67\x2b\x78\x6d\x6c\x22\x0d\x0a\x20\x20\x20\x20\x20\
\x20\x20\x20\x20\x64\x63\x3a\x64\x61\x74\x65\x3d\x22\x32\x30\x31\
\x36\x2d\x31\x32\x2d\x31\x34\x22\x0d\x0a\x20\x20\x20\x20\x20\x20\
\x20\x20\x20\x64\x63\x3a\x70\x75\x62\x6c\x69\x73\x68\x65\x72\x3d\
\x22\x49\x63\x6f\x6e\x73\x63\x6f\x75\x74\x22\x0d\x0a\x20\x20\x20\
\x20\x20\x20\x20\x20\x20\x64\x63\x3a\x64\x65\x73\x63\x72\x69\x70\
\x74\x69\x6f\x6e\x3d\x22\x4d\x65\x6e\x75\x2c\x20\x42\x61\x72\x2c\
\x20\x4c\x69\x6e\x65\x73\x2c\x20\x4f\x70\x74\x69\x6f\x6e\x2c\x20\
\x4c\x69\x73\x74\x2c\x20\x48\x61\x6d\x62\x75\x72\x67\x65\x72\x2c\
\x20\x57\x65\x62\x22\x0d\x0a\x20\x20\x20\x20\x20\x20\x20\x20\x20\
\x64\x63\x3a\x74\x69\x74\x6c\x65\x3d\x22\x4d\x65\x6e\x75\x2c\x20\
\x42\x61\x72\x2c\x20\x4c\x69\x6e\x65\x73\x2c\x20\x4f\x70\x74\x69\
\x6f\x6e\x2c\x20\x4c\x69\x73\x74\x2c\x20\x48\x61\x6d\x62\x75\x72\
\x67\x65\x72\x2c\x20\x57\x65\x62\x22\x0d\x0a\x20\x20\x20\x20\x20\
\x20\x20\x20\x20\x61\x62\x6f\x75\x74\x3d\x22\x68\x74\x74\x70\x73\
\x3a\x2f\x2f\x69\x63\x6f\x6e\x73\x63\x6f\x75\x74\x2e\x63\x6f\x6d\
\x2f\x6c\x65\x67\x61\x6c\x23\x6c\x69\x63\x65\x6e\x73\x65\x73\x22\
\x3e\x0d\x0a\x20\x20\x20\x20\x20\x20\x20\x20\x3c\x64\x63\x3a\x63\
\x72\x65\x61\x74\x6f\x72\x3e\x0d\x0a\x20\x20\x20\x20\x20\x20\x20\
\x20\x20\x20\x3c\x72\x64\x66\x3a\x42\x61\x67\x3e\x0d\x0a\x20\x20\
\x20\x20\x20\x20\x20\x20\x20\x20\x20\x20\x3c\x72\x64\x66\x3a\x6c\
\x69\x3e\x4a\x65\x6d\x69\x73\x20\x4d\x61\x6c\x69\x3c\x2f\x72\x64\
\x66\x3a\x6c\x69\x3e\x0d\x0a\x20\x20\x20\x20\x20\x20\x20\x20\x20\
\x20\x3c\x2f\x72\x64\x66\x3a\x42\x61\x67\x3e\x0d\x0a\x20\x20\x20\
\x20\x20\x20\x20\x20\x3c\x2f\x64\x63\x3a\x63\x72\x65\x61\x74\x6f\
\x72\x3e\x0d\x0a\x20\x20\x20\x20\x20\x20\x3c\x2f\x72\x64\x66\x3a\
\x44\x65\x73\x63\x72\x69\x70\x74\x69\x6f\x6e\x3e\x0d\x0a\x20\x20\
\x20\x20\x20\x20\x3c\x63\x63\x3a\x57\x6f\x72\x6b\x0d\x0a\x20\x20\
\x20\x20\x20\x20\x20\x20\x20\x72\x64\x66\x3a\x61\x62\x6f\x75\x74\
\x3d\x22\x22\x3e\x0d\x0a\x20\x20\x20\x20\x20\x20\x20\x20\x3c\x64\
\x63\x3a\x66\x6f\x72\x6d\x61\x74\x3e\x69\x6d\x61\x67\x65\x2f\x73\
\x76\x67\x2b\x78\x6d\x6c\x3c\x2f\x64\x63\x3a\x66\x6f\x72\x6d\x61\
\x74\x3e\x0d\x0a\x20\x20\x20\x20\x20\x20\x20\x20\x3c\x64\x63\x3a\
\x74\x79\x70\x65\x0d\x0a\x20\x20\x20\x20\x20\x20\x20\x20\x20\x20\
\x20\x72\x64\x66\x3a\x72\x65\x73\x6f\x75\x72\x63\x65\x3d\x22\x68\
\x74\x74\x70\x3a\x2f\x2f\x70\x75\x72\x6c\x2e\x6f\x72\x67\x2f\x64\
\x63\x2f\x64\x63\x6d\x69\x74\x79\x70\x65\x2f\x53\x74\x69\x6c\x6c\
\x49\x6d\x61\x67\x65\x22\x20\x2f\x3e\x0d\x0a\x20\x20\x20\x20\x20\
\x20\x20\x20\x3c\x64\x63\x3a\x74\x69\x74\x6c\x65\x20\x2f\x3e\x0d\
\x0a\x20\x20\x20\x20\x20\x20\x3c\x2f\x63\x63\x3a\x57\x6f\x72\x6b\
\x3e\x0d\x0a\x20\x20\x20\x20\x3c\x2f\x72\x64\x66\x3a\x52\x44\x46\
\x3e\x0d\x0a\x20\x20\x3c\x2f\x6d\x65\x74\x61\x64\x61\x74\x61\x3e\
\x0d\x0a\x3c\x2f\x73\x76\x67\x3e\x0d\x0a\
\x00\x00\x11\x1c\
\x3c\
\x3f\x78\x6d\x6c\x20\x76\x65\x72\x73\x69\x6f\x6e\x3d\x22\x31\x2e\
\x30\x22\x20\x65\x6e\x63\x6f\x64\x69\x6e\x67\x3d\x22\x55\x54\x46\
\x2d\x38\x22\x20\x73\x74\x61\x6e\x64\x61\x6c\x6f\x6e\x65\x3d\x22\
\x6e\x6f\x22\x3f\x3e\x0d\x0a\x3c\x73\x76\x67\x0d\x0a\x20\x20\x20\
\x78\x6d\x6c\x6e\x73\x3a\x64\x63\x3d\x22\x68\x74\x74\x70\x3a\x2f\
\x2f\x70\x75\x72\x6c\x2e\x6f\x72\x67\x2f\x64\x63\x2f\x65\x6c\x65\
\x6d\x65\x6e\x74\x73\x2f\x31\x2e\x31\x2f\x22\x0d\x0a\x20\x20\x20\
\x78\x6d\x6c\x6e\x73\x3a\x63\x63\x3d\x22\x68\x74\x74\x70\x3a\x2f\
\x2f\x63\x72\x65\x61\x74\x69\x76\x65\x63\x6f\x6d\x6d\x6f\x6e\x73\
\x2e\x6f\x72\x67\x2f\x6e\x73\x23\x22\x0d\x0a\x20\x20\x20\x78\x6d\
\x6c\x6e\x73\x3a\x72\x64\x66\x3d\x22\x68\x74\x74\x70\x3a\x2f\x2f\
\x77\x77\x77\x2e\x77\x33\x2e\x6f\x72\x67\x2f\x31\x39\x39\x39\x2f\
\x30\x32\x2f\x32\x32\x2d\x72\x64\x66\x2d\x73\x79\x6e\x74\x61\x78\
\x2d\x6e\x73\x23\x22\x0d\x0a\x20\x20\x20\x78\x6d\x6c\x6e\x73\x3a\
\x73\x76\x67\x3d\x22\x68\x74\x74\x70\x3a\x2f\x2f\x77\x77\x77\x2e\
\x77\x33\x2e\x6f\x72\x67\x2f\x32\x30\x30\x30\x2f\x73\x76\x67\x22\
\x0d\x0a\x20\x20\x20\x78\x6d\x6c\x6e\x73\x3d\x22\x68\x74\x74\x70\
\x3a\x2f\x2f\x77\x77\x77\x2e\x77\x33\x2e\x6f\x72\x67\x2f\x32\x30\
\x30\x30\x2f\x73\x76\x67\x22\x0d\x0a\x20\x20\x20\x78\x6d\x6c\x6e\
\x73\x3a\x73\x6f\x64\x69\x70\x6f\x64\x69\x3d\x22\x68\x74\x74\x70\
\x3a\x2f\x2f\x73\x6f\x64\x69\x70\x6f\x64\x69\x2e\x73\x6f\x75\x72\
\x63\x65\x66\x6f\x72\x67\x65\x2e\x6e\x65\x74\x2f\x44\x54\x44\x2f\
\x73\x6f\x64\x69\x70\x6f\x64\x69\x2d\x30\x2e\x64\x74\x64\x22\x0d\
\x0a\x20\x20\x20\x78\x6d\x6c\x6e\x73\x3a\x69\x6e\x6b\x73\x63\x61\
\x70\x65\x3d\x22\x68\x74\x74\x70\x3a\x2f\x2f\x77\x77\x77\x2e\x69\
\x6e\x6b\x73\x63\x61\x70\x65\x2e\x6f\x72\x67\x2f\x6e\x61\x6d\x65\
\x73\x70\x61\x63\x65\x73\x2f\x69\x6e\x6b\x73\x63\x61\x70\x65\x22\
\x0d\x0a\x20\x20\x20\x77\x69\x64\x74\x68\x3d\x22\x31\x36\x70\x78\
\x22\x0d\x0a\x20\x20\x20\x68\x65\x69\x67\x68\x74\x3d\x22\x31\x36\
\x70\x78\x22\x0d\x0a\x20\x20\x20\x76\x69\x65\x77\x42\x6f\x78\x3d\
\x22\x30\x20\x30\x20\x31\x36\x20\x31\x36\x22\x0d\x0a\x20\x20\x20\
\x69\x64\x3d\x22\x73\x76\x67\x32\x22\x0d\x0a\x20\x20\x20\x76\x65\
\x72\x73\x69\x6f\x6e\x3d\x22\x31\x2e\x31\x22\x0d\x0a\x20\x20\x20\
\x69\x6e\x6b\x73\x63\x61\x70\x65\x3a\x76\x65\x72\x73\x69\x6f\x6e\
\x3d\x22\x30\x2e\x39\x32\x2e\x35\x20\x28\x32\x30\x36\x30\x65\x63\
\x31\x66\x39\x66\x2c\x20\x32\x30\x32\x30\x2d\x30\x34\x2d\x30\x38\
\x29\x22\x0d\x0a\x20\x20\x20\x73\x6f\x64\x69\x70\x6f\x64\x69\x3a\
\x64\x6f\x63\x6e\x61\x6d\x65\x3d\x22\x72\x65\x73\x74\x6f\x72\x65\
\x2d\x62\x75\x74\x74\x6f\x6e\x2e\x73\x76\x67\x22\x3e\x0d\x0a\x20\
\x20\x3c\x73\x74\x79\x6c\x65\x0d\x0a\x20\x20\x20\x20\x20\x69\x64\
\x3d\x22\x73\x74\x79\x6c\x65\x32\x22\x20\x2f\x3e\x0d\x0a\x20\x20\
\x3c\x64\x65\x66\x73\x0d\x0a\x20\x20\x20\x20\x20\x69\x64\x3d\x22\
\x64\x65\x66\x73\x34\x22\x3e\x0d\x0a\x20\x20\x20\x20\x3c\x70\x61\
\x74\x74\x65\x72\x6e\x0d\x0a\x20\x20\x20\x20\x20\x20\x20\x79\x3d\
\x22\x30\x22\x0d\x0a\x20\x20\x20\x20\x20\x20\x20\x78\x3d\x22\x30\
\x22\x0d\x0a\x20\x20\x20\x20\x20\x20\x20\x68\x65\x69\x67\x68\x74\
\x3d\x22\x36\x22\x0d\x0a\x20\x20\x20\x20\x20\x20\x20\x77\x69\x64\
\x74\x68\x3d\x22\x36\x22\x0d\x0a\x20\x20\x20\x20\x20\x20\x20\x70\
\x61\x74\x74\x65\x72\x6e\x55\x6e\x69\x74\x73\x3d\x22\x75\x73\x65\
\x72\x53\x70\x61\x63\x65\x4f\x6e\x55\x73\x65\x22\x0d\x0a\x20\x20\
\x20\x20\x20\x20\x20\x69\x64\x3d\x22\x45\x4d\x46\x68\x62\x61\x73\
\x65\x70\x61\x74\x74\x65\x72\x6e\x22\x20\x2f\x3e\x0d\x0a\x20\x20\
\x20\x20\x3c\x70\x61\x74\x74\x65\x72\x6e\x0d\x0a\x20\x20\x20\x20\
\x20\x20\x20\x79\x3d\x22\x30\x22\x0d\x0a\x20\x20\x20\x20\x20\x20\
\x20\x78\x3d\x22\x30\x22\x0d\x0a\x20\x20\x20\x20\x20\x20\x20\x68\
\x65\x69\x67\x68\x74\x3d\x22\x36\x22\x0d\x0a\x20\x20\x20\x20\x20\
\x20\x20\x77\x69\x64\x74\x68\x3d\x22\x36\x22\x0d\x0a\x20\x20\x20\
\x20\x20\x20\x20\x70\x61\x74\x74\x65\x72\x6e\x55\x6e\x69\x74\x73\
\x3d\x22\x75\x73\x65\x72\x53\x70\x61\x63\x65\x4f\x6e\x55\x73\x65\
\x22\x0d\x0a\x20\x20\x20\x20\x20\x20\x20\x69\x64\x3d\x22\x45\x4d\
\x46\x68\x62\x61\x73\x65\x70\x61\x74\x74\x65\x72\x6e\x2d\x34\x22\
\x20\x2f\x3e\x0d\x0a\x20\x20\x20\x20\x3c\x70\x61\x74\x74\x65\x72\
\x6e\x0d\x0a\x20\x20\x20\x20\x20\x20\x20\x79\x3d\x22\x30\x22\x0d\
\x0a\x20\x20\x20\x20\x20\x20\x20\x78\x3d\x22\x30\x22\x0d\x0a\x20\
\x20\x20\x20\x20\x20\x20\x68\x65\x69\x67\x68\x74\x3d\x22\x36\x22\
\x0d\x0a\x20\x20\x20\x20\x20\x20\x20\x77\x69\x64\x74\x68\x3d\x22\
\x36\x22\x0d\x0a\x20\x20\x20\x20\x20\x20\x20\x70\x61\x74\x74\x65\
\x72\x6e\x55\x6e\x69\x74\x73\x3d\x22\x75\x73\x65\x72\x53\x70\x61\
\x63\x65\x4f\x6e\x55\x73\x65\x22\x0d\x0a\x20\x20\x20\x20\x20\x20\
\x20\x69\x64\x3d\x22\x45\x4d\x46\x68\x62\x61\x73\x65\x70\x61\x74\
\x74\x65\x72\x6e\x2d\x33\x22\x20\x2f\x3e\x0d\x0a\x20\x20\x20\x20\
\x3c\x70\x61\x74\x74\x65\x72\x6e\x0d\x0a\x20\x20\x20\x20\x20\x20\
\x20\x79\x3d\x22\x30\x22\x0d\x0a\x20\x20\x20\x20\x20\x20\x20\x78\
\x3d\x22\x30\x22\x0d\x0a\x20\x20\x20\x20\x20\x20\x20\x68\x65\x69\
\x67\x68\x74\x3d\x22\x36\x22\x0d\x0a\x20\x20\x20\x20\x20\x20\x20\
\x77\x69\x64\x74\x68\x3d\x22\x36\x22\x0d\x0a\x20\x20\x20\x20\x20\
\x20\x20\x70\x61\x74\x74\x65\x72\x6e\x55\x6e\x69\x74\x73\x3d\x22\
\x75\x73\x65\x72\x53\x70\x61\x63\x65\x4f\x6e\x55\x73\x65\x22\x0d\
\x0a\x20\x20\x20\x20\x20\x20\x20\x69\x64\x3d\x22\x45\x4d\x46\x68\
\x62\x61\x73\x65\x70\x61\x74\x74\x65\x72\x6e\x2d\x38\x22\x20\x2f\
\x3e\x0d\x0a\x20\x20\x3c\x2f\x64\x65\x66\x73\x3e\x0d\x0a\x20\x20\
\x3c\x73\x6f\x64\x69\x70\x6f\x64\x69\x3a\x6e\x61\x6d\x65\x64\x76\
\x69\x65\x77\x0d\x0a\x20\x20\x20\x20\x20\x69\x64\x3d\x22\x62\x61\
\x73\x65\x22\x0d\x0a\x20\x20\x20\x20\x20\x70\x61\x67\x65\x63\x6f\
\x6c\x6f\x72\x3d\x22\x23\x66\x66\x66\x66\x66\x66\x22\x0d\x0a\x20\
\x20\x20\x20\x20\x62\x6f\x72\x64\x65\x72\x63\x6f\x6c\x6f\x72\x3d\
\x22\x23\x36\x36\x36\x36\x36\x36\x22\x0d\x0a\x20\x20\x20\x20\x20\
\x62\x6f\x72\x64\x65\x72\x6f\x70\x61\x63\x69\x74\x79\x3d\x22\x31\
\x2e\x30\x22\x0d\x0a\x20\x20\x20\x20\x20\x69\x6e\x6b\x73\x63\x61\
\x70\x65\x3a\x70\x61\x67\x65\x6f\x70\x61\x63\x69\x74\x79\x3d\x22\
\x30\x2e\x30\x22\x0d\x0a\x20\x20\x20\x20\x20\x69\x6e\x6b\x73\x63\
\x61\x70\x65\x3a\x70\x61\x67\x65\x73\x68\x61\x64\x6f\x77\x3d\x22\
\x32\x22\x0d\x0a\x20\x20\x20\x20\x20\x69\x6e\x6b\x73\x63\x61\x70\
\x65\x3a\x7a\x6f\x6f\x6d\x3d\x22\x33\x32\x22\x0d\x0a\x20\x20\x20\
\x20\x20\x69\x6e\x6b\x73\x63\x61\x70\x65\x3a\x63\x78\x3d\x22\x33\
\x2e\x36\x37\x39\x34\x33\x39\x34\x22\x0d\x0a\x20\x20\x20\x20\x20\
\x69\x6e\x6b\x73\x63\x61\x70\x65\x3a\x63\x79\x3d\x22\x37\x2e\x38\
\x34\x31\x31\x30\x34\x22\x0d\x0a\x20\x20\x20\x20\x20\x69\x6e\x6b\
\x73\x63\x61\x70\x65\x3a\x64\x6f\x63\x75\x6d\x65\x6e\x74\x2d\x75\
\x6e\x69\x74\x73\x3d\x22\x70\x78\x22\x0d\x0a\x20\x20\x20\x20\x20\
\x69\x6e\x6b\x73\x63\x61\x70\x65\x3a\x63\x75\x72\x72\x65\x6e\x74\
\x2d\x6c\x61\x79\x65\x72\x3d\x22\x67\x35\x32\x32\x38\x22\x0d\x0a\
\x20\x20\x20\x20\x20\x73\x68\x6f\x77\x67\x72\x69\x64\x3d\x22\x74\
\x72\x75\x65\x22\x0d\x0a\x20\x20\x20\x20\x20\x75\x6e\x69\x74\x73\
\x3d\x22\x70\x78\x22\x0d\x0a\x20\x20\x20\x20\x20\x69\x6e\x6b\x73\
\x63\x61\x70\x65\x3a\x77\x69\x6e\x64\x6f\x77\x2d\x77\x69\x64\x74\
\x68\x3d\x22\x31\x38\x34\x38\x22\x0d\x0a\x20\x20\x20\x20\x20\x69\
\x6e\x6b\x73\x63\x61\x70\x65\x3a\x77\x69\x6e\x64\x6f\x77\x2d\x68\
\x65\x69\x67\x68\x74\x3d\x22\x39\x32\x30\x22\x0d\x0a\x20\x20\x20\
\x20\x20\x69\x6e\x6b\x73\x63\x61\x70\x65\x3a\x77\x69\x6e\x64\x6f\
\x77\x2d\x78\x3d\x22\x37\x32\x22\x0d\x0a\x20\x20\x20\x20\x20\x69\
\x6e\x6b\x73\x63\x61\x70\x65\x3a\x77\x69\x6e\x64\x6f\x77\x2d\x79\
\x3d\x22\x32\x37\x22\x0d\x0a\x20\x20\x20\x20\x20\x69\x6e\x6b\x73\
\x63\x61\x70\x65\x3a\x77\x69\x6e\x64\x6f\x77\x2d\x6d\x61\x78\x69\
\x6d\x69\x7a\x65\x64\x3d\x22\x31\x22\x0d\x0a\x20\x20\x20\x20\x20\
\x69\x6e\x6b\x73\x63\x61\x70\x65\x3a\x73\x6e\x61\x70\x2d\x62\x62\
\x6f\x78\x3d\x22\x74\x72\x75\x65\x22\x0d\x0a\x20\x20\x20\x20\x20\
\x69\x6e\x6b\x73\x63\x61\x70\x65\x3a\x62\x62\x6f\x78\x2d\x70\x61\
\x74\x68\x73\x3d\x22\x74\x72\x75\x65\x22\x0d\x0a\x20\x20\x20\x20\
\x20\x69\x6e\x6b\x73\x63\x61\x70\x65\x3a\x62\x62\x6f\x78\x2d\x6e\
\x6f\x64\x65\x73\x3d\x22\x74\x72\x75\x65\x22\x0d\x0a\x20\x20\x20\
\x20\x20\x69\x6e\x6b\x73\x63\x61\x70\x65\x3a\x73\x6e\x61\x70\x2d\
\x62\x62\x6f\x78\x2d\x65\x64\x67\x65\x2d\x6d\x69\x64\x70\x6f\x69\
\x6e\x74\x73\x3d\x22\x74\x72\x75\x65\x22\x0d\x0a\x20\x20\x20\x20\
\x20\x69\x6e\x6b\x73\x63\x61\x70\x65\x3a\x73\x6e\x61\x70\x2d\x62\
\x62\x6f\x78\x2d\x6d\x69\x64\x70\x6f\x69\x6e\x74\x73\x3d\x22\x74\
\x72\x75\x65\x22\x0d\x0a\x20\x20\x20\x20\x20\x69\x6e\x6b\x73\x63\
\x61\x70\x65\x3a\x73\x6e\x61\x70\x2d\x67\x6c\x6f\x62\x61\x6c\x3d\
\x22\x74\x72\x75\x65\x22\x0d\x0a\x20\x20\x20\x20\x20\x69\x6e\x6b\
\x73\x63\x61\x70\x65\x3a\x64\x6f\x63\x75\x6d\x65\x6e\x74\x2d\x72\
\x6f\x74\x61\x74\x69\x6f\x6e\x3d\x22\x30\x22\x0d\x0a\x20\x20\x20\
\x20\x20\x73\x68\x6f\x77\x67\x75\x69\x64\x65\x73\x3d\x22\x74\x72\
\x75\x65\x22\x0d\x0a\x20\x20\x20\x20\x20\x69\x6e\x6b\x73\x63\x61\
\x70\x65\x3a\x67\x75\x69\x64\x65\x2d\x62\x62\x6f\x78\x3d\x22\x74\
\x72\x75\x65\x22\x3e\x0d\x0a\x20\x20\x20\x20\x3c\x69\x6e\x6b\x73\
\x63\x61\x70\x65\x3a\x67\x72\x69\x64\x0d\x0a\x20\x20\x20\x20\x20\
\x20\x20\x74\x79\x70\x65\x3d\x22\x78\x79\x67\x72\x69\x64\x22\x0d\
\x0a\x20\x20\x20\x20\x20\x20\x20\x69\x64\x3d\x22\x67\x72\x69\x64\
\x33\x33\x33\x36\x22\x20\x2f\x3e\x0d\x0a\x20\x20\x20\x20\x3c\x73\
\x6f\x64\x69\x70\x6f\x64\x69\x3a\x67\x75\x69\x64\x65\x0d\x0a\x20\
\x20\x20\x20\x20\x20\x20\x70\x6f\x73\x69\x74\x69\x6f\x6e\x3d\x22\
\x34\x2c\x31\x30\x22\x0d\x0a\x20\x20\x20\x20\x20\x20\x20\x6f\x72\
\x69\x65\x6e\x74\x61\x74\x69\x6f\x6e\x3d\x22\x31\x2c\x30\x22\x0d\
\x0a\x20\x20\x20\x20\x20\x20\x20\x69\x64\x3d\x22\x67\x75\x69\x64\
\x65\x38\x38\x33\x22\x0d\x0a\x20\x20\x20\x20\x20\x20\x20\x69\x6e\
\x6b\x73\x63\x61\x70\x65\x3a\x6c\x6f\x63\x6b\x65\x64\x3d\x22\x66\
\x61\x6c\x73\x65\x22\x20\x2f\x3e\x0d\x0a\x20\x20\x20\x20\x3c\x73\
\x6f\x64\x69\x70\x6f\x64\x69\x3a\x67\x75\x69\x64\x65\x0d\x0a\x20\
\x20\x20\x20\x20\x20\x20\x70\x6f\x73\x69\x74\x69\x6f\x6e\x3d\x22\
\x31\x30\x2c\x31\x32\x22\x0d\x0a\x20\x20\x20\x20\x20\x20\x20\x6f\
\x72\x69\x65\x6e\x74\x61\x74\x69\x6f\x6e\x3d\x22\x30\x2c\x2d\x31\
\x22\x0d\x0a\x20\x20\x20\x20\x20\x20\x20\x69\x64\x3d\x22\x67\x75\
\x69\x64\x65\x38\x38\x35\x22\x0d\x0a\x20\x20\x20\x20\x20\x20\x20\
\x69\x6e\x6b\x73\x63\x61\x70\x65\x3a\x6c\x6f\x63\x6b\x65\x64\x3d\
\x22\x66\x61\x6c\x73\x65\x22\x20\x2f\x3e\x0d\x0a\x20\x20\x20\x20\
\x3c\x73\x6f\x64\x69\x70\x6f\x64\x69\x3a\x67\x75\x69\x64\x65\x0d\
\x0a\x20\x20\x20\x20\x20\x20\x20\x70\x6f\x73\x69\x74\x69\x6f\x6e\
\x3d\x22\x31\x32\x2c\x32\x22\x0d\x0a\x20\x20\x20\x20\x20\x20\x20\
\x6f\x72\x69\x65\x6e\x74\x61\x74\x69\x6f\x6e\x3d\x22\x31\x2c\x30\
\x22\x0d\x0a\x20\x20\x20\x20\x20\x20\x20\x69\x64\x3d\x22\x67\x75\
\x69\x64\x65\x38\x38\x37\x22\x0d\x0a\x20\x20\x20\x20\x20\x20\x20\
\x69\x6e\x6b\x73\x63\x61\x70\x65\x3a\x6c\x6f\x63\x6b\x65\x64\x3d\
\x22\x66\x61\x6c\x73\x65\x22\x20\x2f\x3e\x0d\x0a\x20\x20\x20\x20\
\x3c\x73\x6f\x64\x69\x70\x6f\x64\x69\x3a\x67\x75\x69\x64\x65\x0d\
\x0a\x20\x20\x20\x20\x20\x20\x20\x70\x6f\x73\x69\x74\x69\x6f\x6e\
\x3d\x22\x31\x34\x2c\x34\x22\x0d\x0a\x20\x20\x20\x20\x20\x20\x20\
\x6f\x72\x69\x65\x6e\x74\x61\x74\x69\x6f\x6e\x3d\x22\x30\x2c\x2d\
\x31\x22\x0d\x0a\x20\x20\x20\x20\x20\x20\x20\x69\x64\x3d\x22\x67\
\x75\x69\x64\x65\x38\x38\x39\x22\x0d\x0a\x20\x20\x20\x20\x20\x20\
\x20\x69\x6e\x6b\x73\x63\x61\x70\x65\x3a\x6c\x6f\x63\x6b\x65\x64\
\x3d\x22\x66\x61\x6c\x73\x65\x22\x20\x2f\x3e\x0d\x0a\x20\x20\x3c\
\x2f\x73\x6f\x64\x69\x70\x6f\x64\x69\x3a\x6e\x61\x6d\x65\x64\x76\
\x69\x65\x77\x3e\x0d\x0a\x20\x20\x3c\x67\x0d\x0a\x20\x20\x20\x20\
\x20\x69\x6e\x6b\x73\x63\x61\x70\x65\x3a\x6c\x61\x62\x65\x6c\x3d\
\x22\x4c\x61\x79\x65\x72\x20\x31\x22\x0d\x0a\x20\x20\x20\x20\x20\
\x69\x6e\x6b\x73\x63\x61\x70\x65\x3a\x67\x72\x6f\x75\x70\x6d\x6f\
\x64\x65\x3d\x22\x6c\x61\x79\x65\x72\x22\x0d\x0a\x20\x20\x20\x20\
\x20\x69\x64\x3d\x22\x6c\x61\x79\x65\x72\x31\x22\x0d\x0a\x20\x20\
\x20\x20\x20\x74\x72\x61\x6e\x73\x66\x6f\x72\x6d\x3d\x22\x74\x72\
\x61\x6e\x73\x6c\x61\x74\x65\x28\x30\x2c\x2d\x31\x30\x33\x36\x2e\
\x33\x36\x32\x32\x29\x22\x3e\x0d\x0a\x20\x20\x20\x20\x3c\x67\x0d\
\x0a\x20\x20\x20\x20\x20\x20\x20\x74\x72\x61\x6e\x73\x66\x6f\x72\
\x6d\x3d\x22\x74\x72\x61\x6e\x73\x6c\x61\x74\x65\x28\x36\x32\x38\
\x2c\x2d\x31\x34\x30\x2e\x34\x39\x39\x39\x38\x29\x22\x0d\x0a\x20\
\x20\x20\x20\x20\x20\x20\x69\x64\x3d\x22\x67\x35\x32\x32\x38\x22\
\x3e\x0d\x0a\x20\x20\x20\x20\x20\x20\x3c\x72\x65\x63\x74\x0d\x0a\
\x20\x20\x20\x20\x20\x20\x20\x20\x20\x69\x64\x3d\x22\x72\x65\x63\
\x74\x34\x30\x39\x34\x22\x0d\x0a\x20\x20\x20\x20\x20\x20\x20\x20\
\x20\x77\x69\x64\x74\x68\x3d\x22\x35\x2e\x30\x35\x35\x36\x30\x33\
\x22\x0d\x0a\x20\x20\x20\x20\x20\x20\x20\x20\x20\x68\x65\x69\x67\
\x68\x74\x3d\x22\x35\x2e\x30\x35\x35\x35\x33\x32\x39\x22\x0d\x0a\
\x20\x20\x20\x20\x20\x20\x20\x20\x20\x78\x3d\x22\x2d\x36\x32\x33\
\x2e\x35\x35\x35\x36\x22\x0d\x0a\x20\x20\x20\x20\x20\x20\x20\x20\
\x20\x79\x3d\x22\x31\x31\x38\x33\x2e\x33\x36\x32\x32\x22\x0d\x0a\
\x20\x20\x20\x20\x20\x20\x20\x20\x20\x73\x74\x79\x6c\x65\x3d\x22\
\x66\x69\x6c\x6c\x3a\x6e\x6f\x6e\x65\x3b\x73\x74\x72\x6f\x6b\x65\
\x3a\x23\x30\x30\x30\x30\x30\x30\x3b\x73\x74\x72\x6f\x6b\x65\x2d\
\x77\x69\x64\x74\x68\x3a\x31\x3b\x73\x74\x72\x6f\x6b\x65\x2d\x6c\
\x69\x6e\x65\x63\x61\x70\x3a\x62\x75\x74\x74\x3b\x73\x74\x72\x6f\
\x6b\x65\x2d\x6c\x69\x6e\x65\x6a\x6f\x69\x6e\x3a\x6d\x69\x74\x65\
\x72\x3b\x73\x74\x72\x6f\x6b\x65\x2d\x6d\x69\x74\x65\x72\x6c\x69\
\x6d\x69\x74\x3a\x34\x3b\x73\x74\x72\x6f\x6b\x65\x2d\x64\x61\x73\
\x68\x61\x72\x72\x61\x79\x3a\x6e\x6f\x6e\x65\x3b\x73\x74\x72\x6f\
\x6b\x65\x2d\x6f\x70\x61\x63\x69\x74\x79\x3a\x31\x3b\x70\x61\x69\
\x6e\x74\x2d\x6f\x72\x64\x65\x72\x3a\x6e\x6f\x72\x6d\x61\x6c\x22\
\x20\x2f\x3e\x0d\x0a\x20\x20\x20\x20\x20\x20\x3c\x70\x61\x74\x68\
\x0d\x0a\x20\x20\x20\x20\x20\x20\x20\x20\x20\x73\x74\x79\x6c\x65\
\x3d\x22\x66\x69\x6c\x6c\x3a\x6e\x6f\x6e\x65\x3b\x73\x74\x72\x6f\
\x6b\x65\x3a\x23\x30\x30\x30\x30\x30\x30\x3b\x73\x74\x72\x6f\x6b\
\x65\x2d\x77\x69\x64\x74\x68\x3a\x31\x70\x78\x3b\x73\x74\x72\x6f\
\x6b\x65\x2d\x6c\x69\x6e\x65\x63\x61\x70\x3a\x62\x75\x74\x74\x3b\
\x73\x74\x72\x6f\x6b\x65\x2d\x6c\x69\x6e\x65\x6a\x6f\x69\x6e\x3a\
\x6d\x69\x74\x65\x72\x3b\x73\x74\x72\x6f\x6b\x65\x2d\x6f\x70\x61\
\x63\x69\x74\x79\x3a\x31\x22\x0d\x0a\x20\x20\x20\x20\x20\x20\x20\
\x20\x20\x64\x3d\x22\x6d\x20\x2d\x36\x32\x31\x2e\x39\x38\x39\x35\
\x38\x2c\x31\x31\x38\x31\x2e\x33\x34\x31\x34\x20\x68\x20\x35\x2e\
\x35\x31\x30\x34\x32\x20\x76\x20\x35\x2e\x34\x39\x39\x39\x22\x0d\
\x0a\x20\x20\x20\x20\x20\x20\x20\x20\x20\x69\x64\x3d\x22\x70\x61\
\x74\x68\x36\x31\x32\x37\x22\x0d\x0a\x20\x20\x20\x20\x20\x20\x20\
\x20\x20\x69\x6e\x6b\x73\x63\x61\x70\x65\x3a\x63\x6f\x6e\x6e\x65\
\x63\x74\x6f\x72\x2d\x63\x75\x72\x76\x61\x74\x75\x72\x65\x3d\x22\
\x30\x22\x20\x2f\x3e\x0d\x0a\x20\x20\x20\x20\x3c\x2f\x67\x3e\x0d\
\x0a\x20\x20\x3c\x2f\x67\x3e\x0d\x0a\x20\x20\x3c\x6d\x65\x74\x61\
\x64\x61\x74\x61\x0d\x0a\x20\x20\x20\x20\x20\x69\x64\x3d\x22\x6d\
\x65\x74\x61\x64\x61\x74\x61\x31\x32\x22\x3e\x0d\x0a\x20\x20\x20\
\x20\x3c\x72\x64\x66\x3a\x52\x44\x46\x3e\x0d\x0a\x20\x20\x20\x20\
\x20\x20\x3c\x72\x64\x66\x3a\x44\x65\x73\x63\x72\x69\x70\x74\x69\
\x6f\x6e\x0d\x0a\x20\x20\x20\x20\x20\x20\x20\x20\x20\x61\x62\x6f\
\x75\x74\x3d\x22\x68\x74\x74\x70\x73\x3a\x2f\x2f\x69\x63\x6f\x6e\
\x73\x63\x6f\x75\x74\x2e\x63\x6f\x6d\x2f\x6c\x65\x67\x61\x6c\x23\
\x6c\x69\x63\x65\x6e\x73\x65\x73\x22\x0d\x0a\x20\x20\x20\x20\x20\
\x20\x20\x20\x20\x64\x63\x3a\x74\x69\x74\x6c\x65\x3d\x22\x4d\x65\
\x6e\x75\x2c\x20\x42\x61\x72\x2c\x20\x4c\x69\x6e\x65\x73\x2c\x20\
\x4f\x70\x74\x69\x6f\x6e\x2c\x20\x4c\x69\x73\x74\x2c\x20\x48\x61\
\x6d\x62\x75\x72\x67\x65\x72\x2c\x20\x57\x65\x62\x22\x0d\x0a\x20\
\x20\x20\x20\x20\x20\x20\x20\x20\x64\x63\x3a\x64\x65\x73\x63\x72\
\x69\x70\x74\x69\x6f\x6e\x3d\x22\x4d\x65\x6e\x75\x2c\x20\x42\x61\
\x72\x2c\x20\x4c\x69\x6e\x65\x73\x2c\x20\x4f\x70\x74\x69\x6f\x6e\
\x2c\x20\x4c\x69\x73\x74\x2c\x20\x48\x61\x6d\x62\x75\x72\x67\x65\
\x72\x2c\x20\x57\x65\x62\x22\x0d\x0a\x20\x20\x20\x20\x20\x20\x20\
\x20\x20\x64\x63\x3a\x70\x75\x62\x6c\x69\x73\x68\x65\x72\x3d\x22\
\x49\x63\x6f\x6e\x73\x63\x6f\x75\x74\x22\x0d\x0a\x20\x20\x20\x20\
\x20\x20\x20\x20\x20\x64\x63\x3a\x64\x61\x74\x65\x3d\x22\x32\x30\
\x31\x36\x2d\x31\x32\x2d\x31\x34\x22\x0d\x0a\x20\x20\x20\x20\x20\
\x20\x20\x20\x20\x64\x63\x3a\x66\x6f\x72\x6d\x61\x74\x3d\x22\x69\
\x6d\x61\x67\x65\x2f\x73\x76\x67\x2b\x78\x6d\x6c\x22\x0d\x0a\x20\
\x20\x20\x20\x20\x20\x20\x20\x20\x64\x63\x3a\x6c\x61\x6e\x67\x75\
\x61\x67\x65\x3d\x22\x65\x6e\x22\x3e\x0d\x0a\x20\x20\x20\x20\x20\
\x20\x20\x20\x3c\x64\x63\x3a\x63\x72\x65\x61\x74\x6f\x72\x3e\x0d\
\x0a\x20\x20\x20\x20\x20\x20\x20\x20\x20\x20\x3c\x72\x64\x66\x3a\
\x42\x61\x67\x3e\x0d\x0a\x20\x20\x20\x20\x20\x20\x20\x20\x20\x20\
\x20\x20\x3c\x72\x64\x66\x3a\x6c\x69\x3e\x4a\x65\x6d\x69\x73\x20\
\x4d\x61\x6c\x69\x3c\x2f\x72\x64\x66\x3a\x6c\x69\x3e\x0d\x0a\x20\
\x20\x20\x20\x20\x20\x20\x20\x20\x20\x3c\x2f\x72\x64\x66\x3a\x42\
\x61\x67\x3e\x0d\x0a\x20\x20\x20\x20\x20\x20\x20\x20\x3c\x2f\x64\
\x63\x3a\x63\x72\x65\x61\x74\x6f\x72\x3e\x0d\x0a\x20\x20\x20\x20\
\x20\x20\x3c\x2f\x72\x64\x66\x3a\x44\x65\x73\x63\x72\x69\x70\x74\
\x69\x6f\x6e\x3e\x0d\x0a\x20\x20\x20\x20\x20\x20\x3c\x63\x63\x3a\
\x57\x6f\x72\x6b\x0d\x0a\x20\x20\x20\x20\x20\x20\x20\x20\x20\x72\
\x64\x66\x3a\x61\x62\x6f\x75\x74\x3d\x22\x22\x3e\x0d\x0a\x20\x20\
\x20\x20\x20\x20\x20\x20\x3c\x64\x63\x3a\x66\x6f\x72\x6d\x61\x74\
\x3e\x69\x6d\x61\x67\x65\x2f\x73\x76\x67\x2b\x78\x6d\x6c\x3c\x2f\
\x64\x63\x3a\x66\x6f\x72\x6d\x61\x74\x3e\x0d\x0a\x20\x20\x20\x20\
\x20\x20\x20\x20\x3c\x64\x63\x3a\x74\x79\x70\x65\x0d\x0a\x20\x20\
\x20\x20\x20\x20\x20\x20\x20\x20\x20\x72\x64\x66\x3a\x72\x65\x73\
\x6f\x75\x72\x63\x65\x3d\x22\x68\x74\x74\x70\x3a\x2f\x2f\x70\x75\
\x72\x6c\x2e\x6f\x72\x67\x2f\x64\x63\x2f\x64\x63\x6d\x69\x74\x79\
\x70\x65\x2f\x53\x74\x69\x6c\x6c\x49\x6d\x61\x67\x65\x22\x20\x2f\
\x3e\x0d\x0a\x20\x20\x20\x20\x20\x20\x20\x20\x3c\x64\x63\x3a\x74\
\x69\x74\x6c\x65\x3e\x3c\x2f\x64\x63\x3a\x74\x69\x74\x6c\x65\x3e\
\x0d\x0a\x20\x20\x20\x20\x20\x20\x3c\x2f\x63\x63\x3a\x57\x6f\x72\
\x6b\x3e\x0d\x0a\x20\x20\x20\x20\x3c\x2f\x72\x64\x66\x3a\x52\x44\
\x46\x3e\x0d\x0a\x20\x20\x3c\x2f\x6d\x65\x74\x61\x64\x61\x74\x61\
\x3e\x0d\x0a\x3c\x2f\x73\x76\x67\x3e\x0d\x0a\
\x00\x00\x10\x0a\
\x3c\
\x3f\x78\x6d\x6c\x20\x76\x65\x72\x73\x69\x6f\x6e\x3d\x22\x31\x2e\
\x30\x22\x20\x65\x6e\x63\x6f\x64\x69\x6e\x67\x3d\x22\x55\x54\x46\
\x2d\x38\x22\x20\x73\x74\x61\x6e\x64\x61\x6c\x6f\x6e\x65\x3d\x22\
\x6e\x6f\x22\x3f\x3e\x0d\x0a\x3c\x73\x76\x67\x0d\x0a\x20\x20\x20\
\x78\x6d\x6c\x6e\x73\x3a\x64\x63\x3d\x22\x68\x74\x74\x70\x3a\x2f\
\x2f\x70\x75\x72\x6c\x2e\x6f\x72\x67\x2f\x64\x63\x2f\x65\x6c\x65\
\x6d\x65\x6e\x74\x73\x2f\x31\x2e\x31\x2f\x22\x0d\x0a\x20\x20\x20\
\x78\x6d\x6c\x6e\x73\x3a\x63\x63\x3d\x22\x68\x74\x74\x70\x3a\x2f\
\x2f\x63\x72\x65\x61\x74\x69\x76\x65\x63\x6f\x6d\x6d\x6f\x6e\x73\
\x2e\x6f\x72\x67\x2f\x6e\x73\x23\x22\x0d\x0a\x20\x20\x20\x78\x6d\
\x6c\x6e\x73\x3a\x72\x64\x66\x3d\x22\x68\x74\x74\x70\x3a\x2f\x2f\
\x77\x77\x77\x2e\x77\x33\x2e\x6f\x72\x67\x2f\x31\x39\x39\x39\x2f\
\x30\x32\x2f\x32\x32\x2d\x72\x64\x66\x2d\x73\x79\x6e\x74\x61\x78\
\x2d\x6e\x73\x23\x22\x0d\x0a\x20\x20\x20\x78\x6d\x6c\x6e\x73\x3a\
\x73\x76\x67\x3d\x22\x68\x74\x74\x70\x3a\x2f\x2f\x77\x77\x77\x2e\
\x77\x33\x2e\x6f\x72\x67\x2f\x32\x30\x30\x30\x2f\x73\x76\x67\x22\
\x0d\x0a\x20\x20\x20\x78\x6d\x6c\x6e\x73\x3d\x22\x68\x74\x74\x70\
\x3a\x2f\x2f\x77\x77\x77\x2e\x77\x33\x2e\x6f\x72\x67\x2f\x32\x30\
\x30\x30\x2f\x73\x76\x67\x22\x0d\x0a\x20\x20\x20\x78\x6d\x6c\x6e\
\x73\x3a\x73\x6f\x64\x69\x70\x6f\x64\x69\x3d\x22\x68\x74\x74\x70\
\x3a\x2f\x2f\x73\x6f\x64\x69\x70\x6f\x64\x69\x2e\x73\x6f\x75\x72\
\x63\x65\x66\x6f\x72\x67\x65\x2e\x6e\x65\x74\x2f\x44\x54\x44\x2f\
\x73\x6f\x64\x69\x70\x6f\x64\x69\x2d\x30\x2e\x64\x74\x64\x22\x0d\
\x0a\x20\x20\x20\x78\x6d\x6c\x6e\x73\x3a\x69\x6e\x6b\x73\x63\x61\
\x70\x65\x3d\x22\x68\x74\x74\x70\x3a\x2f\x2f\x77\x77\x77\x2e\x69\
\x6e\x6b\x73\x63\x61\x70\x65\x2e\x6f\x72\x67\x2f\x6e\x61\x6d\x65\
\x73\x70\x61\x63\x65\x73\x2f\x69\x6e\x6b\x73\x63\x61\x70\x65\x22\
\x0d\x0a\x20\x20\x20\x77\x69\x64\x74\x68\x3d\x22\x31\x36\x70\x78\
\x22\x0d\x0a\x20\x20\x20\x68\x65\x69\x67\x68\x74\x3d\x22\x31\x36\
\x70\x78\x22\x0d\x0a\x20\x20\x20\x76\x69\x65\x77\x42\x6f\x78\x3d\
\x22\x30\x20\x30\x20\x31\x36\x20\x31\x36\x22\x0d\x0a\x20\x20\x20\
\x69\x64\x3d\x22\x73\x76\x67\x32\x22\x0d\x0a\x20\x20\x20\x76\x65\
\x72\x73\x69\x6f\x6e\x3d\x22\x31\x2e\x31\x22\x0d\x0a\x20\x20\x20\
\x69\x6e\x6b\x73\x63\x61\x70\x65\x3a\x76\x65\x72\x73\x69\x6f\x6e\
\x3d\x22\x30\x2e\x39\x32\x2e\x35\x20\x28\x32\x30\x36\x30\x65\x63\
\x31\x66\x39\x66\x2c\x20\x32\x30\x32\x30\x2d\x30\x34\x2d\x30\x38\
\x29\x22\x0d\x0a\x20\x20\x20\x73\x6f\x64\x69\x70\x6f\x64\x69\x3a\
\x64\x6f\x63\x6e\x61\x6d\x65\x3d\x22\x6d\x61\x78\x69\x6d\x69\x7a\
\x65\x2d\x62\x75\x74\x74\x6f\x6e\x2e\x73\x76\x67\x22\x3e\x0d\x0a\
\x20\x20\x3c\x73\x74\x79\x6c\x65\x0d\x0a\x20\x20\x20\x20\x20\x69\
\x64\x3d\x22\x73\x74\x79\x6c\x65\x32\x22\x20\x2f\x3e\x0d\x0a\x20\
\x20\x3c\x64\x65\x66\x73\x0d\x0a\x20\x20\x20\x20\x20\x69\x64\x3d\
\x22\x64\x65\x66\x73\x34\x22\x3e\x0d\x0a\x20\x20\x20\x20\x3c\x70\
\x61\x74\x74\x65\x72\x6e\x0d\x0a\x20\x20\x20\x20\x20\x20\x20\x79\
\x3d\x22\x30\x22\x0d\x0a\x20\x20\x20\x20\x20\x20\x20\x78\x3d\x22\
\x30\x22\x0d\x0a\x20\x20\x20\x20\x20\x20\x20\x68\x65\x69\x67\x68\
\x74\x3d\x22\x36\x22\x0d\x0a\x20\x20\x20\x20\x20\x20\x20\x77\x69\
\x64\x74\x68\x3d\x22\x36\x22\x0d\x0a\x20\x20\x20\x20\x20\x20\x20\
\x70\x61\x74\x74\x65\x72\x6e\x55\x6e\x69\x74\x73\x3d\x22\x75\x73\
\x65\x72\x53\x70\x61\x63\x65\x4f\x6e\x55\x73\x65\x22\x0d\x0a\x20\
\x20\x20\x20\x20\x20\x20\x69\x64\x3d\x22\x45\x4d\x46\x68\x62\x61\
\x73\x65\x70\x61\x74\x74\x65\x72\x6e\x22\x20\x2f\x3e\x0d\x0a\x20\
\x20\x20\x20\x3c\x70\x61\x74\x74\x65\x72\x6e\x0d\x0a\x20\x20\x20\
\x20\x20\x20\x20\x79\x3d\x22\x30\x22\x0d\x0a\x20\x20\x20\x20\x20\
\x20\x20\x78\x3d\x22\x30\x22\x0d\x0a\x20\x20\x20\x20\x20\x20\x20\
\x68\x65\x69\x67\x68\x74\x3d\x22\x36\x22\x0d\x0a\x20\x20\x20\x20\
\x20\x20\x20\x77\x69\x64\x74\x68\x3d\x22\x36\x22\x0d\x0a\x20\x20\
\x20\x20\x20\x20\x20\x70\x61\x74\x74\x65\x72\x6e\x55\x6e\x69\x74\
\x73\x3d\x22\x75\x73\x65\x72\x53\x70\x61\x63\x65\x4f\x6e\x55\x73\
\x65\x22\x0d\x0a\x20\x20\x20\x20\x20\x20\x20\x69\x64\x3d\x22\x45\
\x4d\x46\x68\x62\x61\x73\x65\x70\x61\x74\x74\x65\x72\x6e\x2d\x34\
\x22\x20\x2f\x3e\x0d\x0a\x20\x20\x20\x20\x3c\x70\x61\x74\x74\x65\
\x72\x6e\x0d\x0a\x20\x20\x20\x20\x20\x20\x20\x79\x3d\x22\x30\x22\
\x0d\x0a\x20\x20\x20\x20\x20\x20\x20\x78\x3d\x22\x30\x22\x0d\x0a\
\x20\x20\x20\x20\x20\x20\x20\x68\x65\x69\x67\x68\x74\x3d\x22\x36\
\x22\x0d\x0a\x20\x20\x20\x20\x20\x20\x20\x77\x69\x64\x74\x68\x3d\
\x22\x36\x22\x0d\x0a\x20\x20\x20\x20\x20\x20\x20\x70\x61\x74\x74\
\x65\x72\x6e\x55\x6e\x69\x74\x73\x3d\x22\x75\x73\x65\x72\x53\x70\
\x61\x63\x65\x4f\x6e\x55\x73\x65\x22\x0d\x0a\x20\x20\x20\x20\x20\
\x20\x20\x69\x64\x3d\x22\x45\x4d\x46\x68\x62\x61\x73\x65\x70\x61\
\x74\x74\x65\x72\x6e\x2d\x33\x22\x20\x2f\x3e\x0d\x0a\x20\x20\x20\
\x20\x3c\x70\x61\x74\x74\x65\x72\x6e\x0d\x0a\x20\x20\x20\x20\x20\
\x20\x20\x79\x3d\x22\x30\x22\x0d\x0a\x20\x20\x20\x20\x20\x20\x20\
\x78\x3d\x22\x30\x22\x0d\x0a\x20\x20\x20\x20\x20\x20\x20\x68\x65\
\x69\x67\x68\x74\x3d\x22\x36\x22\x0d\x0a\x20\x20\x20\x20\x20\x20\
\x20\x77\x69\x64\x74\x68\x3d\x22\x36\x22\x0d\x0a\x20\x20\x20\x20\
\x20\x20\x20\x70\x61\x74\x74\x65\x72\x6e\x55\x6e\x69\x74\x73\x3d\
\x22\x75\x73\x65\x72\x53\x70\x61\x63\x65\x4f\x6e\x55\x73\x65\x22\
\x0d\x0a\x20\x20\x20\x20\x20\x20\x20\x69\x64\x3d\x22\x45\x4d\x46\
\x68\x62\x61\x73\x65\x70\x61\x74\x74\x65\x72\x6e\x2d\x38\x22\x20\
\x2f\x3e\x0d\x0a\x20\x20\x3c\x2f\x64\x65\x66\x73\x3e\x0d\x0a\x20\
\x20\x3c\x73\x6f\x64\x69\x70\x6f\x64\x69\x3a\x6e\x61\x6d\x65\x64\
\x76\x69\x65\x77\x0d\x0a\x20\x20\x20\x20\x20\x69\x64\x3d\x22\x62\
\x61\x73\x65\x22\x0d\x0a\x20\x20\x20\x20\x20\x70\x61\x67\x65\x63\
\x6f\x6c\x6f\x72\x3d\x22\x23\x66\x66\x66\x66\x66\x66\x22\x0d\x0a\
\x20\x20\x20\x20\x20\x62\x6f\x72\x64\x65\x72\x63\x6f\x6c\x6f\x72\
\x3d\x22\x23\x36\x36\x36\x36\x36\x36\x22\x0d\x0a\x20\x20\x20\x20\
\x20\x62\x6f\x72\x64\x65\x72\x6f\x70\x61\x63\x69\x74\x79\x3d\x22\
\x31\x2e\x30\x22\x0d\x0a\x20\x20\x20\x20\x20\x69\x6e\x6b\x73\x63\
\x61\x70\x65\x3a\x70\x61\x67\x65\x6f\x70\x61\x63\x69\x74\x79\x3d\
\x22\x30\x2e\x30\x22\x0d\x0a\x20\x20\x20\x20\x20\x69\x6e\x6b\x73\
\x63\x61\x70\x65\x3a\x70\x61\x67\x65\x73\x68\x61\x64\x6f\x77\x3d\
\x22\x32\x22\x0d\x0a\x20\x20\x20\x20\x20\x69\x6e\x6b\x73\x63\x61\
\x70\x65\x3a\x7a\x6f\x6f\x6d\x3d\x22\x33\x32\x22\x0d\x0a\x20\x20\
\x20\x20\x20\x69\x6e\x6b\x73\x63\x61\x70\x65\x3a\x63\x78\x3d\x22\
\x2d\x31\x2e\x38\x36\x37\x34\x33\x35\x36\x22\x0d\x0a\x20\x20\x20\
\x20\x20\x69\x6e\x6b\x73\x63\x61\x70\x65\x3a\x63\x79\x3d\x22\x36\
\x2e\x35\x39\x31\x31\x30\x34\x22\x0d\x0a\x20\x20\x20\x20\x20\x69\
\x6e\x6b\x73\x63\x61\x70\x65\x3a\x64\x6f\x63\x75\x6d\x65\x6e\x74\
\x2d\x75\x6e\x69\x74\x73\x3d\x22\x70\x78\x22\x0d\x0a\x20\x20\x20\
\x20\x20\x69\x6e\x6b\x73\x63\x61\x70\x65\x3a\x63\x75\x72\x72\x65\
\x6e\x74\x2d\x6c\x61\x79\x65\x72\x3d\x22\x67\x35\x32\x32\x38\x22\
\x0d\x0a\x20\x20\x20\x20\x20\x73\x68\x6f\x77\x67\x72\x69\x64\x3d\
\x22\x74\x72\x75\x65\x22\x0d\x0a\x20\x20\x20\x20\x20\x75\x6e\x69\
\x74\x73\x3d\x22\x70\x78\x22\x0d\x0a\x20\x20\x20\x20\x20\x69\x6e\
\x6b\x73\x63\x61\x70\x65\x3a\x77\x69\x6e\x64\x6f\x77\x2d\x77\x69\
\x64\x74\x68\x3d\x22\x31\x38\x34\x38\x22\x0d\x0a\x20\x20\x20\x20\
\x20\x69\x6e\x6b\x73\x63\x61\x70\x65\x3a\x77\x69\x6e\x64\x6f\x77\
\x2d\x68\x65\x69\x67\x68\x74\x3d\x22\x39\x32\x30\x22\x0d\x0a\x20\
\x20\x20\x20\x20\x69\x6e\x6b\x73\x63\x61\x70\x65\x3a\x77\x69\x6e\
\x64\x6f\x77\x2d\x78\x3d\x22\x37\x32\x22\x0d\x0a\x20\x20\x20\x20\
\x20\x69\x6e\x6b\x73\x63\x61\x70\x65\x3a\x77\x69\x6e\x64\x6f\x77\
\x2d\x79\x3d\x22\x32\x37\x22\x0d\x0a\x20\x20\x20\x20\x20\x69\x6e\
\x6b\x73\x63\x61\x70\x65\x3a\x77\x69\x6e\x64\x6f\x77\x2d\x6d\x61\
\x78\x69\x6d\x69\x7a\x65\x64\x3d\x22\x31\x22\x0d\x0a\x20\x20\x20\
\x20\x20\x69\x6e\x6b\x73\x63\x61\x70\x65\x3a\x73\x6e\x61\x70\x2d\
\x62\x62\x6f\x78\x3d\x22\x74\x72\x75\x65\x22\x0d\x0a\x20\x20\x20\
\x20\x20\x69\x6e\x6b\x73\x63\x61\x70\x65\x3a\x62\x62\x6f\x78\x2d\
\x70\x61\x74\x68\x73\x3d\x22\x74\x72\x75\x65\x22\x0d\x0a\x20\x20\
\x20\x20\x20\x69\x6e\x6b\x73\x63\x61\x70\x65\x3a\x62\x62\x6f\x78\
\x2d\x6e\x6f\x64\x65\x73\x3d\x22\x74\x72\x75\x65\x22\x0d\x0a\x20\
\x20\x20\x20\x20\x69\x6e\x6b\x73\x63\x61\x70\x65\x3a\x73\x6e\x61\
\x70\x2d\x62\x62\x6f\x78\x2d\x65\x64\x67\x65\x2d\x6d\x69\x64\x70\
\x6f\x69\x6e\x74\x73\x3d\x22\x74\x72\x75\x65\x22\x0d\x0a\x20\x20\
\x20\x20\x20\x69\x6e\x6b\x73\x63\x61\x70\x65\x3a\x73\x6e\x61\x70\
\x2d\x62\x62\x6f\x78\x2d\x6d\x69\x64\x70\x6f\x69\x6e\x74\x73\x3d\
\x22\x74\x72\x75\x65\x22\x0d\x0a\x20\x20\x20\x20\x20\x69\x6e\x6b\
\x73\x63\x61\x70\x65\x3a\x73\x6e\x61\x70\x2d\x67\x6c\x6f\x62\x61\
\x6c\x3d\x22\x74\x72\x75\x65\x22\x0d\x0a\x20\x20\x20\x20\x20\x69\
\x6e\x6b\x73\x63\x61\x70\x65\x3a\x64\x6f\x63\x75\x6d\x65\x6e\x74\
\x2d\x72\x6f\x74\x61\x74\x69\x6f\x6e\x3d\x22\x30\x22\x0d\x0a\x20\
\x20\x20\x20\x20\x73\x68\x6f\x77\x67\x75\x69\x64\x65\x73\x3d\x22\
\x74\x72\x75\x65\x22\x0d\x0a\x20\x20\x20\x20\x20\x69\x6e\x6b\x73\
\x63\x61\x70\x65\x3a\x67\x75\x69\x64\x65\x2d\x62\x62\x6f\x78\x3d\
\x22\x74\x72\x75\x65\x22\x3e\x0d\x0a\x20\x20\x20\x20\x3c\x69\x6e\
\x6b\x73\x63\x61\x70\x65\x3a\x67\x72\x69\x64\x0d\x0a\x20\x20\x20\
\x20\x20\x20\x20\x74\x79\x70\x65\x3d\x22\x78\x79\x67\x72\x69\x64\
\x22\x0d\x0a\x20\x20\x20\x20\x20\x20\x20\x69\x64\x3d\x22\x67\x72\
\x69\x64\x33\x33\x33\x36\x22\x20\x2f\x3e\x0d\x0a\x20\x20\x20\x20\
\x3c\x73\x6f\x64\x69\x70\x6f\x64\x69\x3a\x67\x75\x69\x64\x65\x0d\
\x0a\x20\x20\x20\x20\x20\x20\x20\x70\x6f\x73\x69\x74\x69\x6f\x6e\
\x3d\x22\x34\x2c\x31\x30\x22\x0d\x0a\x20\x20\x20\x20\x20\x20\x20\
\x6f\x72\x69\x65\x6e\x74\x61\x74\x69\x6f\x6e\x3d\x22\x31\x2c\x30\
\x22\x0d\x0a\x20\x20\x20\x20\x20\x20\x20\x69\x64\x3d\x22\x67\x75\
\x69\x64\x65\x38\x38\x33\x22\x0d\x0a\x20\x20\x20\x20\x20\x20\x20\
\x69\x6e\x6b\x73\x63\x61\x70\x65\x3a\x6c\x6f\x63\x6b\x65\x64\x3d\
\x22\x66\x61\x6c\x73\x65\x22\x20\x2f\x3e\x0d\x0a\x20\x20\x20\x20\
\x3c\x73\x6f\x64\x69\x70\x6f\x64\x69\x3a\x67\x75\x69\x64\x65\x0d\
\x0a\x20\x20\x20\x20\x20\x20\x20\x70\x6f\x73\x69\x74\x69\x6f\x6e\
\x3d\x22\x31\x30\x2c\x31\x32\x22\x0d\x0a\x20\x20\x20\x20\x20\x20\
\x20\x6f\x72\x69\x65\x6e\x74\x61\x74\x69\x6f\x6e\x3d\x22\x30\x2c\
\x2d\x31\x22\x0d\x0a\x20\x20\x20\x20\x20\x20\x20\x69\x64\x3d\x22\
\x67\x75\x69\x64\x65\x38\x38\x35\x22\x0d\x0a\x20\x20\x20\x20\x20\
\x20\x20\x69\x6e\x6b\x73\x63\x61\x70\x65\x3a\x6c\x6f\x63\x6b\x65\
\x64\x3d\x22\x66\x61\x6c\x73\x65\x22\x20\x2f\x3e\x0d\x0a\x20\x20\
\x20\x20\x3c\x73\x6f\x64\x69\x70\x6f\x64\x69\x3a\x67\x75\x69\x64\
\x65\x0d\x0a\x20\x20\x20\x20\x20\x20\x20\x70\x6f\x73\x69\x74\x69\
\x6f\x6e\x3d\x22\x31\x32\x2c\x32\x22\x0d\x0a\x20\x20\x20\x20\x20\
\x20\x20\x6f\x72\x69\x65\x6e\x74\x61\x74\x69\x6f\x6e\x3d\x22\x31\
\x2c\x30\x22\x0d\x0a\x20\x20\x20\x20\x20\x20\x20\x69\x64\x3d\x22\
\x67\x75\x69\x64\x65\x38\x38\x37\x22\x0d\x0a\x20\x20\x20\x20\x20\
\x20\x20\x69\x6e\x6b\x73\x63\x61\x70\x65\x3a\x6c\x6f\x63\x6b\x65\
\x64\x3d\x22\x66\x61\x6c\x73\x65\x22\x20\x2f\x3e\x0d\x0a\x20\x20\
\x20\x20\x3c\x73\x6f\x64\x69\x70\x6f\x64\x69\x3a\x67\x75\x69\x64\
\x65\x0d\x0a\x20\x20\x20\x20\x20\x20\x20\x70\x6f\x73\x69\x74\x69\
\x6f\x6e\x3d\x22\x31\x34\x2c\x34\x22\x0d\x0a\x20\x20\x20\x20\x20\
\x20\x20\x6f\x72\x69\x65\x6e\x74\x61\x74\x69\x6f\x6e\x3d\x22\x30\
\x2c\x2d\x31\x22\x0d\x0a\x20\x20\x20\x20\x20\x20\x20\x69\x64\x3d\
\x22\x67\x75\x69\x64\x65\x38\x38\x39\x22\x0d\x0a\x20\x20\x20\x20\
\x20\x20\x20\x69\x6e\x6b\x73\x63\x61\x70\x65\x3a\x6c\x6f\x63\x6b\
\x65\x64\x3d\x22\x66\x61\x6c\x73\x65\x22\x20\x2f\x3e\x0d\x0a\x20\
\x20\x3c\x2f\x73\x6f\x64\x69\x70\x6f\x64\x69\x3a\x6e\x61\x6d\x65\
\x64\x76\x69\x65\x77\x3e\x0d\x0a\x20\x20\x3c\x67\x0d\x0a\x20\x20\
\x20\x20\x20\x69\x6e\x6b\x73\x63\x61\x70\x65\x3a\x6c\x61\x62\x65\
\x6c\x3d\x22\x4c\x61\x79\x65\x72\x20\x31\x22\x0d\x0a\x20\x20\x20\
\x20\x20\x69\x6e\x6b\x73\x63\x61\x70\x65\x3a\x67\x72\x6f\x75\x70\
\x6d\x6f\x64\x65\x3d\x22\x6c\x61\x79\x65\x72\x22\x0d\x0a\x20\x20\
\x20\x20\x20\x69\x64\x3d\x22\x6c\x61\x79\x65\x72\x31\x22\x0d\x0a\
\x20\x20\x20\x20\x20\x74\x72\x61\x6e\x73\x66\x6f\x72\x6d\x3d\x22\
\x74\x72\x61\x6e\x73\x6c\x61\x74\x65\x28\x30\x2c\x2d\x31\x30\x33\
\x36\x2e\x33\x36\x32\x32\x29\x22\x3e\x0d\x0a\x20\x20\x20\x20\x3c\
\x67\x0d\x0a\x20\x20\x20\x20\x20\x20\x20\x74\x72\x61\x6e\x73\x66\
\x6f\x72\x6d\x3d\x22\x74\x72\x61\x6e\x73\x6c\x61\x74\x65\x28\x36\
\x32\x38\x2c\x2d\x31\x34\x30\x2e\x34\x39\x39\x39\x38\x29\x22\x0d\
\x0a\x20\x20\x20\x20\x20\x20\x20\x69\x64\x3d\x22\x67\x35\x32\x32\
\x38\x22\x3e\x0d\x0a\x20\x20\x20\x20\x20\x20\x3c\x72\x65\x63\x74\
\x0d\x0a\x20\x20\x20\x20\x20\x20\x20\x20\x20\x69\x64\x3d\x22\x72\
\x65\x63\x74\x34\x30\x39\x34\x22\x0d\x0a\x20\x20\x20\x20\x20\x20\
\x20\x20\x20\x77\x69\x64\x74\x68\x3d\x22\x37\x22\x0d\x0a\x20\x20\
\x20\x20\x20\x20\x20\x20\x20\x68\x65\x69\x67\x68\x74\x3d\x22\x37\
\x22\x0d\x0a\x20\x20\x20\x20\x20\x20\x20\x20\x20\x78\x3d\x22\x2d\
\x36\x32\x33\x2e\x35\x22\x0d\x0a\x20\x20\x20\x20\x20\x20\x20\x20\
\x20\x79\x3d\x22\x31\x31\x38\x31\x2e\x33\x36\x32\x32\x22\x0d\x0a\
\x20\x20\x20\x20\x20\x20\x20\x20\x20\x73\x74\x79\x6c\x65\x3d\x22\
\x66\x69\x6c\x6c\x3a\x6e\x6f\x6e\x65\x3b\x73\x74\x72\x6f\x6b\x65\
\x3a\x23\x30\x30\x30\x30\x30\x30\x3b\x73\x74\x72\x6f\x6b\x65\x2d\
\x77\x69\x64\x74\x68\x3a\x30\x2e\x39\x39\x39\x39\x39\x39\x39\x34\
\x3b\x73\x74\x72\x6f\x6b\x65\x2d\x6c\x69\x6e\x65\x63\x61\x70\x3a\
\x62\x75\x74\x74\x3b\x73\x74\x72\x6f\x6b\x65\x2d\x6c\x69\x6e\x65\
\x6a\x6f\x69\x6e\x3a\x6d\x69\x74\x65\x72\x3b\x73\x74\x72\x6f\x6b\
\x65\x2d\x6d\x69\x74\x65\x72\x6c\x69\x6d\x69\x74\x3a\x34\x3b\x73\
\x74\x72\x6f\x6b\x65\x2d\x64\x61\x73\x68\x61\x72\x72\x61\x79\x3a\
\x6e\x6f\x6e\x65\x3b\x73\x74\x72\x6f\x6b\x65\x2d\x6f\x70\x61\x63\
\x69\x74\x79\x3a\x31\x3b\x70\x61\x69\x6e\x74\x2d\x6f\x72\x64\x65\
\x72\x3a\x6e\x6f\x72\x6d\x61\x6c\x22\x20\x2f\x3e\x0d\x0a\x20\x20\
\x20\x20\x3c\x2f\x67\x3e\x0d\x0a\x20\x20\x3c\x2f\x67\x3e\x0d\x0a\
\x20\x20\x3c\x6d\x65\x74\x61\x64\x61\x74\x61\x0d\x0a\x20\x20\x20\
\x20\x20\x69\x64\x3d\x22\x6d\x65\x74\x61\x64\x61\x74\x61\x31\x32\
\x22\x3e\x0d\x0a\x20\x20\x20\x20\x3c\x72\x64\x66\x3a\x52\x44\x46\
\x3e\x0d\x0a\x20\x20\x20\x20\x20\x20\x3c\x72\x64\x66\x3a\x44\x65\
\x73\x63\x72\x69\x70\x74\x69\x6f\x6e\x0d\x0a\x20\x20\x20\x20\x20\
\x20\x20\x20\x20\x61\x62\x6f\x75\x74\x3d\x22\x68\x74\x74\x70\x73\
\x3a\x2f\x2f\x69\x63\x6f\x6e\x73\x63\x6f\x75\x74\x2e\x63\x6f\x6d\
\x2f\x6c\x65\x67\x61\x6c\x23\x6c\x69\x63\x65\x6e\x73\x65\x73\x22\
\x0d\x0a\x20\x20\x20\x20\x20\x20\x20\x20\x20\x64\x63\x3a\x74\x69\
\x74\x6c\x65\x3d\x22\x4d\x65\x6e\x75\x2c\x20\x42\x61\x72\x2c\x20\
\x4c\x69\x6e\x65\x73\x2c\x20\x4f\x70\x74\x69\x6f\x6e\x2c\x20\x4c\
\x69\x73\x74\x2c\x20\x48\x61\x6d\x62\x75\x72\x67\x65\x72\x2c\x20\
\x57\x65\x62\x22\x0d\x0a\x20\x20\x20\x20\x20\x20\x20\x20\x20\x64\
\x63\x3a\x64\x65\x73\x63\x72\x69\x70\x74\x69\x6f\x6e\x3d\x22\x4d\
\x65\x6e\x75\x2c\x20\x42\x61\x72\x2c\x20\x4c\x69\x6e\x65\x73\x2c\
\x20\x4f\x70\x74\x69\x6f\x6e\x2c\x20\x4c\x69\x73\x74\x2c\x20\x48\
\x61\x6d\x62\x75\x72\x67\x65\x72\x2c\x20\x57\x65\x62\x22\x0d\x0a\
\x20\x20\x20\x20\x20\x20\x20\x20\x20\x64\x63\x3a\x70\x75\x62\x6c\
\x69\x73\x68\x65\x72\x3d\x22\x49\x63\x6f\x6e\x73\x63\x6f\x75\x74\
\x22\x0d\x0a\x20\x20\x20\x20\x20\x20\x20\x20\x20\x64\x63\x3a\x64\
\x61\x74\x65\x3d\x22\x32\x30\x31\x36\x2d\x31\x32\x2d\x31\x34\x22\
\x0d\x0a\x20\x20\x20\x20\x20\x20\x20\x20\x20\x64\x63\x3a\x66\x6f\
\x72\x6d\x61\x74\x3d\x22\x69\x6d\x61\x67\x65\x2f\x73\x76\x67\x2b\
\x78\x6d\x6c\x22\x0d\x0a\x20\x20\x20\x20\x20\x20\x20\x20\x20\x64\
\x63\x3a\x6c\x61\x6e\x67\x75\x61\x67\x65\x3d\x22\x65\x6e\x22\x3e\
\x0d\x0a\x20\x20\x20\x20\x20\x20\x20\x20\x3c\x64\x63\x3a\x63\x72\
\x65\x61\x74\x6f\x72\x3e\x0d\x0a\x20\x20\x20\x20\x20\x20\x20\x20\
\x20\x20\x3c\x72\x64\x66\x3a\x42\x61\x67\x3e\x0d\x0a\x20\x20\x20\
\x20\x20\x20\x20\x20\x20\x20\x20\x20\x3c\x72\x64\x66\x3a\x6c\x69\
\x3e\x4a\x65\x6d\x69\x73\x20\x4d\x61\x6c\x69\x3c\x2f\x72\x64\x66\
\x3a\x6c\x69\x3e\x0d\x0a\x20\x20\x20\x20\x20\x20\x20\x20\x20\x20\
\x3c\x2f\x72\x64\x66\x3a\x42\x61\x67\x3e\x0d\x0a\x20\x20\x20\x20\
\x20\x20\x20\x20\x3c\x2f\x64\x63\x3a\x63\x72\x65\x61\x74\x6f\x72\
\x3e\x0d\x0a\x20\x20\x20\x20\x20\x20\x3c\x2f\x72\x64\x66\x3a\x44\
\x65\x73\x63\x72\x69\x70\x74\x69\x6f\x6e\x3e\x0d\x0a\x20\x20\x20\
\x20\x20\x20\x3c\x63\x63\x3a\x57\x6f\x72\x6b\x0d\x0a\x20\x20\x20\
\x20\x20\x20\x20\x20\x20\x72\x64\x66\x3a\x61\x62\x6f\x75\x74\x3d\
\x22\x22\x3e\x0d\x0a\x20\x20\x20\x20\x20\x20\x20\x20\x3c\x64\x63\
\x3a\x66\x6f\x72\x6d\x61\x74\x3e\x69\x6d\x61\x67\x65\x2f\x73\x76\
\x67\x2b\x78\x6d\x6c\x3c\x2f\x64\x63\x3a\x66\x6f\x72\x6d\x61\x74\
\x3e\x0d\x0a\x20\x20\x20\x20\x20\x20\x20\x20\x3c\x64\x63\x3a\x74\
\x79\x70\x65\x0d\x0a\x20\x20\x20\x20\x20\x20\x20\x20\x20\x20\x20\
\x72\x64\x66\x3a\x72\x65\x73\x6f\x75\x72\x63\x65\x3d\x22\x68\x74\
\x74\x70\x3a\x2f\x2f\x70\x75\x72\x6c\x2e\x6f\x72\x67\x2f\x64\x63\
\x2f\x64\x63\x6d\x69\x74\x79\x70\x65\x2f\x53\x74\x69\x6c\x6c\x49\
\x6d\x61\x67\x65\x22\x20\x2f\x3e\x0d\x0a\x20\x20\x20\x20\x20\x20\
\x20\x20\x3c\x64\x63\x3a\x74\x69\x74\x6c\x65\x20\x2f\x3e\x0d\x0a\
\x20\x20\x20\x20\x20\x20\x3c\x2f\x63\x63\x3a\x57\x6f\x72\x6b\x3e\
\x0d\x0a\x20\x20\x20\x20\x3c\x2f\x72\x64\x66\x3a\x52\x44\x46\x3e\
\x0d\x0a\x20\x20\x3c\x2f\x6d\x65\x74\x61\x64\x61\x74\x61\x3e\x0d\
\x0a\x3c\x2f\x73\x76\x67\x3e\x0d\x0a\
\x00\x00\x07\x2f\
\x00\
\x00\x1a\x25\x78\x9c\xcd\x59\xdd\x6f\xe3\x36\x12\x7f\x2f\xd0\xff\
\x41\x50\x5e\xba\x38\xd3\xfa\xb0\xe2\xd8\xb2\x9d\x02\x8b\xbd\xbd\
\xeb\xa1\x8b\x02\x6d\x17\x7d\xa6\x25\x5a\xe6\x45\x22\x75\x24\x65\
\x3b\xf9\xeb\x6f\x86\xfa\x96\x9d\x5e\x17\xf7\x62\x27\x81\xc5\xdf\
\x0c\x87\xf3\xc5\xe1\x88\xd9\xfe\x78\x29\x72\xe7\xc4\x94\xe6\x52\
\xec\xdc\x60\xee\xbb\x0e\x13\x89\x4c\xb9\xc8\x76\xee\xd7\xdf\x3f\
\x93\x95\xeb\x68\x43\x45\x4a\x73\x29\xd8\xce\x15\xd2\xfd\xf1\xf9\
\xfb\xef\xb6\xfa\x94\x7d\xff\x9d\xe3\x38\x30\x5d\xe8\x38\x4d\x76\
\xee\xd1\x98\x32\xf6\xbc\xb2\x52\xf9\x5c\xaa\xcc\x4b\x13\x8f\xe5\
\xac\x60\xc2\x68\x2f\x98\x07\x9e\x3b\xe0\x4f\x7a\xfe\x44\x31\x6a\
\xf8\x89\x25\xb2\x28\xa4\xd0\x76\xaa\xd0\x0f\x43\x6e\x95\x1e\x3a\
\xf6\xf3\xf9\x3c\x3f\x2f\x2c\x57\xb0\x5e\xaf\x3d\x3f\xf4\xc2\x90\
\x00\x07\xd1\xaf\xc2\xd0\x0b\x99\xcc\x05\x3d\x6f\xcd\x0d\x7d\xdf\
\xf7\x80\x36\x60\xfd\x8b\x6c\xb1\x06\xe7\x94\xf0\xd7\xf1\xb7\xc0\
\x5c\xcb\x4a\x25\xec\x00\x13\xd9\x5c\x30\xe3\x7d\xfa\xfd\x53\x47\
\x24\xfe\x3c\x35\xe9\x50\x0e\x17\x2f\x3a\xa1\x25\x1b\xad\xdb\x82\
\xb5\x1b\x68\xc1\x74\x49\x13\xa6\xbd\x16\xaf\x05\x9c\x79\x6a\x8e\
\x10\xad\x65\x79\xa9\x81\x23\xe3\xd9\xd1\x0c\x91\x13\x67\xe7\x8f\
\xf2\xb2\x73\x7d\xc7\x77\x82\x25\xfc\xd6\x38\x4f\x77\x2e\x18\x14\
\x36\x5c\x7d\xe0\x83\x86\xde\x2c\x14\x0f\x73\xc2\xf9\x21\xf2\x17\
\x8f\x34\x3a\xec\xa3\xf5\xcc\x09\xfd\xd0\x27\xfe\x23\xf1\x83\x0f\
\xf5\x9c\xd6\xc6\x38\x95\x09\xea\xbc\x73\x53\x66\x68\x72\x24\xfb\
\xca\x18\x29\x48\xca\x35\xdd\xe7\x2c\x9d\xa3\x27\x9f\x71\xca\x56\
\x9b\xd7\x9c\xd9\xc9\x8d\x4a\x38\x0e\xdd\xe7\xad\x67\x9f\x6a\xa6\
\x94\x1d\xf4\x80\x07\x87\x51\x3d\x1f\x88\x25\x35\x86\x29\xd1\xd0\
\x1d\xe7\x15\x4c\x75\xbb\xd1\x65\x34\x6a\xdd\xb3\xec\xa1\xc6\x85\
\x03\xa4\x11\xf8\x55\x70\x03\xb9\x50\x69\xa6\x7e\x43\xdf\xff\x22\
\xbe\x6a\xd6\x73\xa1\x22\x7f\xff\xf2\xf9\xb8\xa7\x9a\x35\x33\x5c\
\xc7\xbb\x3f\xa5\x48\x74\x9f\x6a\x2d\xee\x53\xad\xd5\x7d\xaa\x15\
\xde\xa7\x5a\xeb\xfb\x54\x2b\xba\xd7\x30\x2e\xc8\xd3\x7d\x2a\xb6\
\x22\xfe\x7d\x2a\x16\x05\x77\xaa\x17\x79\xbc\x4f\xc5\x16\xf7\x1a\
\xc9\x55\x5f\xc4\xb6\x1e\x1e\xe1\x4d\x03\xd0\xf6\x0c\xd8\x30\xa4\
\xd8\xad\x0c\x4e\x7a\x9c\xdf\x4a\x2d\x69\x06\xbd\x61\x2e\xd5\xce\
\x7d\x38\xd8\x4f\x4b\xd9\x4b\x95\x32\xd5\xd2\x96\xf6\x33\xa6\x49\
\xd0\x91\x9b\xd7\xba\xaf\x6d\xe5\xb7\x0d\x0e\x0a\xee\x18\xfc\x77\
\x18\xf4\x91\xa6\xf2\xbc\x73\xc3\x2b\xea\x9b\x94\x05\xe0\xe1\x7c\
\x19\x3e\x45\xc1\xd3\x15\x3d\x01\x2f\x2f\xe7\xe1\x22\x58\xae\x56\
\xeb\x6b\x2a\x2a\x15\xce\x9f\x16\xd1\x7a\xb9\xba\xa2\x42\x1f\x55\
\x61\xe3\x4c\xaa\xda\xdf\x6d\x53\x37\x14\x50\x29\x85\x1c\x39\x7d\
\x65\x60\x7e\xf6\x18\x86\x9d\x1c\x7d\x94\xe7\x4c\xa1\x23\x8d\xaa\
\x3a\x47\xbe\x2f\xeb\xcc\x05\x18\x49\xda\xae\x72\x1d\x5e\xfb\xa2\
\x61\xe9\xfa\x4c\xff\x86\xc5\x0d\xcf\x05\x45\x04\xd7\x0e\x6b\xc8\
\x60\x38\xb9\xb6\xb8\x21\x16\xf4\xc2\x0b\xfe\xc6\x40\xf5\xe0\x8a\
\x47\x0b\x5a\x92\xfd\x1e\x9b\xda\xa1\x5d\x1d\x1d\x49\x04\xd2\xee\
\xa8\xff\x8c\x41\xc8\x94\xbd\xc7\xd0\xad\x40\x58\x9a\x31\x52\xf0\
\xb4\x94\x5c\x98\xff\xcd\xfe\x97\x38\xb3\x5c\xee\x69\xfe\x0e\x47\
\x17\x72\x25\x0d\xbc\x0f\x61\xe3\xed\x8f\xe2\x59\xf1\xf7\xf5\xb6\
\xc4\xa1\x6b\xda\x3a\xd0\x73\x40\x3a\x74\xdb\xd4\xbc\xe2\x5b\xc7\
\xe5\x15\xc1\xf1\xe6\x45\x64\xb1\x58\x2c\x07\xa5\xa4\xdb\xa8\x76\
\x91\xbe\x20\x48\xcd\x6b\x35\xa3\x59\x30\xa8\x26\x52\x71\xb0\xa2\
\xb1\x20\x98\xf9\x13\xf9\x28\x63\xb5\x5a\x7c\x8b\xfc\xc0\x9f\xf5\
\xd9\x34\x59\xc0\x9f\x91\xe0\xe6\x0a\x8f\xdf\xb4\x42\x38\x7b\x6f\
\x81\xf7\x2c\x78\xfa\x26\xf9\xd1\x2c\xfa\x56\x03\xd6\x7d\xd1\xbc\
\x2e\x95\x35\x21\x9b\xa6\x41\x4e\xf7\x0c\xf2\xeb\x67\x2c\x09\xce\
\xf5\xfe\xc9\x94\xac\xca\x02\xd2\x7f\xe7\xda\xaa\xd1\x31\xa4\x0d\
\xd0\x4d\x31\x8a\x0a\x0d\xef\xb1\x05\xa6\x13\x3c\xe6\xd4\xb0\x1f\
\x50\x55\x7f\xb1\x9c\x2f\x96\x61\xf8\xa1\xcb\xb0\xac\xcf\xaa\x5b\
\x93\x96\xe1\x0a\xa6\x45\xfe\x3c\x82\x97\xf5\xd5\x87\x89\xa9\xb6\
\x68\x3d\xb7\x18\x9e\x5a\xc7\x8e\xa1\x66\x41\x68\xb5\x5e\xb8\x03\
\xd8\xbe\x20\xee\x5c\x5b\xf7\xe3\x07\xdf\x7e\x36\x07\x09\x5b\xc7\
\x52\x62\x01\x2a\xd0\xbc\x46\x4e\x54\x71\x2a\xcc\x08\x3b\xdb\x1a\
\x36\x82\xb4\x51\xcc\x24\xc7\x31\x06\x65\x28\x06\x7f\xf3\xaa\xd8\
\xe4\x5c\xb0\xa6\xf6\x8d\x78\x0e\xb4\xe0\xf9\x6b\xac\xc1\x5a\x02\
\x47\x22\x3f\x8c\x56\x25\x39\xcf\xa8\xa9\x14\xd3\xb7\x74\x22\x6d\
\x7e\xdc\x24\x42\xc0\x6e\xcf\x12\x50\x25\x14\x4f\x6e\xd2\x68\x8e\
\x27\x2e\xb8\xfd\xf6\x54\x46\x35\xf0\x68\x78\x1e\x1b\xc1\xac\x92\
\x60\x80\x31\x5c\x64\x37\xe6\xa2\x96\x57\x64\xc3\x2e\x86\x40\xd5\
\x86\x5c\x8e\xfd\x7a\x44\xc1\x60\x11\x6b\x43\x95\xa9\x81\x14\x4e\
\x6e\x45\x1b\x23\x05\x9b\x82\x04\xfd\x7a\x9b\x52\x87\x52\xcb\x9c\
\xa7\x57\xb4\x71\xe4\x73\x86\x7d\x06\xc1\x7b\x12\x50\xaf\xd5\xee\
\x0c\xe7\xff\x14\xb3\x72\xba\x2c\xad\xd7\x3d\x2b\x8e\x56\x11\xdc\
\x16\x71\xae\x88\xd9\x6f\x52\xae\x58\x62\x75\xce\x8d\xaa\x27\x0d\
\xb6\x6c\x5c\xf0\x0b\x4b\x37\xa9\x2c\xb8\x40\xa7\x62\xab\x62\xcd\
\xa0\x95\x91\x9b\x76\x44\xf4\x91\x1f\x4c\xdc\x0e\x1b\xf7\x88\xe4\
\x08\x8a\xd7\xfe\x39\x1f\xb9\x61\x56\xc3\x2e\x63\xa1\xd7\x28\x19\
\x1c\x60\x29\x5e\xbe\x81\x4f\xeb\x71\x41\x55\xc6\x05\x0c\xb9\xa8\
\x25\x63\x5e\xfa\x9b\x24\xe7\x25\x51\x95\xcd\x77\xf1\x06\xad\x0e\
\xe8\xad\x4b\xd8\xc6\x71\xcd\xb7\x91\x27\xa6\x0e\xb9\x3c\xc7\x27\
\xae\xf9\x3e\x67\x1b\xfb\xcd\x73\x68\x77\x3a\xa8\x69\x7f\xe2\x60\
\xc3\xc1\xd5\xb5\x7d\xd6\x0e\x30\x92\x00\x83\x48\x6b\xc7\x34\x0a\
\x5a\xc7\x43\xcc\xc1\xdf\x65\xcb\xae\x7f\xfd\xc7\xc7\x5b\x04\x72\
\xe0\x98\x8d\x3a\x46\x65\xa8\x42\x2e\x1b\xcd\x49\xf4\x6a\xac\xd7\
\xe3\x04\xae\x07\x51\xec\x70\x80\x87\x3a\x44\x20\x28\x8f\x1f\xa8\
\x8f\x3f\x76\x30\x60\xb7\xc3\x91\x17\x60\x2b\xcb\x97\x26\xa9\xea\
\xe7\xba\xaf\x01\xe6\x66\x88\x0a\xc1\xf6\x8a\xf5\x7f\x2a\xaa\xd8\
\x10\xfd\x37\x1c\xe1\x10\x5f\x50\xbb\x45\xed\x20\x87\x96\xc4\xc4\
\xeb\x79\xd8\xa2\x29\x85\xd0\x28\x05\xbe\x1e\x2e\x83\xa8\x3c\x1c\
\x60\x9f\x60\xec\x6a\xac\xd7\xb4\xa4\xe0\x1e\x62\xbb\xd2\xb8\x26\
\x3a\xa8\xbc\x03\xe1\x7d\x01\x37\x35\x2e\x84\x96\x0e\x18\x30\xfc\
\x36\x0c\xbc\x80\x16\x74\x0a\xd6\x69\x31\x01\x6d\x82\x4d\x30\x26\
\xf0\xd6\x0d\x32\x34\x79\xc1\xd2\x2f\xd2\x98\x26\xd0\x64\x54\x58\
\x98\x41\x41\x59\x4e\x63\x81\x50\xa7\xf1\xb0\xe4\x42\x21\x2e\x1c\
\x02\x75\x7f\x16\x04\x4f\xeb\xf9\x0a\x9e\x9c\x93\xe3\xcf\x1f\x9d\
\x00\xff\x9c\xa3\x43\x86\x40\x04\xc0\x12\xc6\x64\x01\x0f\x48\x20\
\x11\x32\xbc\x39\x85\x13\xcc\x42\xc0\x22\xc0\x90\x46\x02\x24\x22\
\x02\xac\x48\x26\xe1\x6c\x31\xa4\x47\xce\xdb\xe0\xa0\xf5\xb2\xe6\
\x44\x6c\xbe\x0b\x66\x68\x4a\x0d\x1d\x9c\x63\x2d\x04\x1d\x43\x3b\
\x4b\xa5\x87\xf8\xd7\x4f\x9f\xfb\x63\x06\x81\x4f\x4c\x27\x8a\x97\
\x98\xa9\x03\x3b\xe9\x5e\x56\xa6\xbe\x8f\xd5\xb1\xe7\xf1\x44\x0a\
\x9d\x00\x34\x4f\x64\xe1\xe5\x2c\xa3\xf9\x43\xce\x13\x26\x34\xd3\
\x23\xf7\x24\xb1\xe1\x06\x0f\xa5\x2f\x4c\x54\x33\xe7\x23\x55\x33\
\xe7\x67\x48\x28\x3d\x73\x7e\xb1\x6b\xe0\x50\x9b\x99\xf3\x4f\x5a\
\xec\x2b\x95\x31\xa0\xff\xc1\xf6\x13\x19\x69\xaf\xd3\xff\x29\xa9\
\xac\xf6\x39\xd7\x47\x7c\x31\xf8\xa9\xb5\x61\xba\x18\x24\x01\xbc\
\xbe\xf8\xc1\x92\x04\x21\x9c\xd0\x13\x32\x56\x48\x0a\xae\xb0\x19\
\x88\x37\xe0\x7f\xbb\x14\xf9\x84\x27\xa7\x22\xab\x80\xbc\x73\x99\
\xe8\x4f\x71\xbc\xb7\x4d\x62\x7b\xab\x2f\xd5\x00\x6d\x1c\xff\x91\
\x66\x23\xb0\x81\x73\xfe\xfc\x2f\x56\x70\xed\x7c\x81\x43\x64\xeb\
\x35\xd0\x68\xb6\x77\x3d\x1d\x5e\x28\xaf\x97\xaa\x19\x07\x01\xee\
\x29\x49\x12\xff\x21\xd5\xcb\x40\x2c\xb2\x36\x51\x9f\x9a\x50\xbb\
\xe0\x79\xe4\x01\xbb\x60\x43\x18\x73\x63\x4f\x3d\xb2\x0b\x25\xc3\
\xd1\x6f\xff\x25\x70\xf3\x9f\x23\x69\x02\x65\x05\x66\x79\xbf\x19\
\x28\x04\x3f\xe1\x32\x7d\xae\x77\x62\x31\xaf\x06\xe8\xd6\x6b\x6c\
\xe8\xf6\xc4\x30\xbd\xb7\x5e\x9b\xff\x7f\x76\xcb\xde\xdf\xc1\xbe\
\xc7\xd0\x5c\xbe\x6c\xd1\x6c\xf8\xfe\x2f\xc5\xd7\x97\x11\
\x00\x00\x16\x21\
\x3c\
\x3f\x78\x6d\x6c\x20\x76\x65\x72\x73\x69\x6f\x6e\x3d\x22\x31\x2e\
\x30\x22\x20\x65\x6e\x63\x6f\x64\x69\x6e\x67\x3d\x22\x55\x54\x46\
\x2d\x38\x22\x20\x73\x74\x61\x6e\x64\x61\x6c\x6f\x6e\x65\x3d\x22\
\x6e\x6f\x22\x3f\x3e\x0d\x0a\x3c\x73\x76\x67\x0d\x0a\x20\x20\x20\
\x78\x6d\x6c\x6e\x73\x3a\x64\x63\x3d\x22\x68\x74\x74\x70\x3a\x2f\
\x2f\x70\x75\x72\x6c\x2e\x6f\x72\x67\x2f\x64\x63\x2f\x65\x6c\x65\
\x6d\x65\x6e\x74\x73\x2f\x31\x2e\x31\x2f\x22\x0d\x0a\x20\x20\x20\
\x78\x6d\x6c\x6e\x73\x3a\x63\x63\x3d\x22\x68\x74\x74\x70\x3a\x2f\
\x2f\x63\x72\x65\x61\x74\x69\x76\x65\x63\x6f\x6d\x6d\x6f\x6e\x73\
\x2e\x6f\x72\x67\x2f\x6e\x73\x23\x22\x0d\x0a\x20\x20\x20\x78\x6d\
\x6c\x6e\x73\x3a\x72\x64\x66\x3d\x22\x68\x74\x74\x70\x3a\x2f\x2f\
\x77\x77\x77\x2e\x77\x33\x2e\x6f\x72\x67\x2f\x31\x39\x39\x39\x2f\
\x30\x32\x2f\x32\x32\x2d\x72\x64\x66\x2d\x73\x79\x6e\x74\x61\x78\
\x2d\x6e\x73\x23\x22\x0d\x0a\x20\x20\x20\x78\x6d\x6c\x6e\x73\x3a\
\x73\x76\x67\x3d\x22\x68\x74\x74\x70\x3a\x2f\x2f\x77\x77\x77\x2e\
\x77\x33\x2e\x6f\x72\x67\x2f\x32\x30\x30\x30\x2f\x73\x76\x67\x22\
\x0d\x0a\x20\x20\x20\x78\x6d\x6c\x6e\x73\x3d\x22\x68\x74\x74\x70\
\x3a\x2f\x2f\x77\x77\x77\x2e\x77\x33\x2e\x6f\x72\x67\x2f\x32\x30\
\x30\x30\x2f\x73\x76\x67\x22\x0d\x0a\x20\x20\x20\x78\x6d\x6c\x6e\
\x73\x3a\x73\x6f\x64\x69\x70\x6f\x64\x69\x3d\x22\x68\x74\x74\x70\
\x3a\x2f\x2f\x73\x6f\x64\x69\x70\x6f\x64\x69\x2e\x73\x6f\x75\x72\
\x63\x65\x66\x6f\x72\x67\x65\x2e\x6e\x65\x74\x2f\x44\x54\x44\x2f\
\x73\x6f\x64\x69\x70\x6f\x64\x69\x2d\x30\x2e\x64\x74\x64\x22\x0d\
\x0a\x20\x20\x20\x78\x6d\x6c\x6e\x73\x3a\x69\x6e\x6b\x73\x63\x61\
\x70\x65\x3d\x22\x68\x74\x74\x70\x3a\x2f\x2f\x77\x77\x77\x2e\x69\
\x6e\x6b\x73\x63\x61\x70\x65\x2e\x6f\x72\x67\x2f\x6e\x61\x6d\x65\
\x73\x70\x61\x63\x65\x73\x2f\x69\x6e\x6b\x73\x63\x61\x70\x65\x22\
\x0d\x0a\x20\x20\x20\x77\x69\x64\x74\x68\x3d\x22\x31\x36\x70\x78\
\x22\x0d\x0a\x20\x20\x20\x68\x65\x69\x67\x68\x74\x3d\x22\x31\x36\
\x70\x78\x22\x0d\x0a\x20\x20\x20\x76\x69\x65\x77\x42\x6f\x78\x3d\
\x22\x30\x20\x30\x20\x31\x36\x20\x31\x36\x22\x0d\x0a\x20\x20\x20\
\x69\x64\x3d\x22\x73\x76\x67\x32\x22\x0d\x0a\x20\x20\x20\x76\x65\
\x72\x73\x69\x6f\x6e\x3d\x22\x31\x2e\x31\x22\x0d\x0a\x20\x20\x20\
\x69\x6e\x6b\x73\x63\x61\x70\x65\x3a\x76\x65\x72\x73\x69\x6f\x6e\
\x3d\x22\x31\x2e\x30\x20\x28\x34\x30\x33\x35\x61\x34\x66\x62\x34\
\x39\x2c\x20\x32\x30\x32\x30\x2d\x30\x35\x2d\x30\x31\x29\x22\x0d\
\x0a\x20\x20\x20\x73\x6f\x64\x69\x70\x6f\x64\x69\x3a\x64\x6f\x63\
\x6e\x61\x6d\x65\x3d\x22\x63\x6c\x6f\x73\x65\x2d\x62\x75\x74\x74\
\x6f\x6e\x32\x2e\x73\x76\x67\x22\x3e\x0d\x0a\x20\x20\x3c\x73\x74\
\x79\x6c\x65\x0d\x0a\x20\x20\x20\x20\x20\x69\x64\x3d\x22\x73\x74\
\x79\x6c\x65\x32\x22\x3e\x3c\x2f\x73\x74\x79\x6c\x65\x3e\x0d\x0a\
\x20\x20\x3c\x64\x65\x66\x73\x0d\x0a\x20\x20\x20\x20\x20\x69\x64\
\x3d\x22\x64\x65\x66\x73\x34\x22\x3e\x0d\x0a\x20\x20\x20\x20\x3c\
\x70\x61\x74\x74\x65\x72\x6e\x0d\x0a\x20\x20\x20\x20\x20\x20\x20\
\x79\x3d\x22\x30\x22\x0d\x0a\x20\x20\x20\x20\x20\x20\x20\x78\x3d\
\x22\x30\x22\x0d\x0a\x20\x20\x20\x20\x20\x20\x20\x68\x65\x69\x67\
\x68\x74\x3d\x22\x36\x22\x0d\x0a\x20\x20\x20\x20\x20\x20\x20\x77\
\x69\x64\x74\x68\x3d\x22\x36\x22\x0d\x0a\x20\x20\x20\x20\x20\x20\
\x20\x70\x61\x74\x74\x65\x72\x6e\x55\x6e\x69\x74\x73\x3d\x22\x75\
\x73\x65\x72\x53\x70\x61\x63\x65\x4f\x6e\x55\x73\x65\x22\x0d\x0a\
\x20\x20\x20\x20\x20\x20\x20\x69\x64\x3d\x22\x45\x4d\x46\x68\x62\
\x61\x73\x65\x70\x61\x74\x74\x65\x72\x6e\x22\x20\x2f\x3e\x0d\x0a\
\x20\x20\x20\x20\x3c\x70\x61\x74\x74\x65\x72\x6e\x0d\x0a\x20\x20\
\x20\x20\x20\x20\x20\x79\x3d\x22\x30\x22\x0d\x0a\x20\x20\x20\x20\
\x20\x20\x20\x78\x3d\x22\x30\x22\x0d\x0a\x20\x20\x20\x20\x20\x20\
\x20\x68\x65\x69\x67\x68\x74\x3d\x22\x36\x22\x0d\x0a\x20\x20\x20\
\x20\x20\x20\x20\x77\x69\x64\x74\x68\x3d\x22\x36\x22\x0d\x0a\x20\
\x20\x20\x20\x20\x20\x20\x70\x61\x74\x74\x65\x72\x6e\x55\x6e\x69\
\x74\x73\x3d\x22\x75\x73\x65\x72\x53\x70\x61\x63\x65\x4f\x6e\x55\
\x73\x65\x22\x0d\x0a\x20\x20\x20\x20\x20\x20\x20\x69\x64\x3d\x22\
\x45\x4d\x46\x68\x62\x61\x73\x65\x70\x61\x74\x74\x65\x72\x6e\x2d\
\x34\x22\x20\x2f\x3e\x0d\x0a\x20\x20\x20\x20\x3c\x70\x61\x74\x74\
\x65\x72\x6e\x0d\x0a\x20\x20\x20\x20\x20\x20\x20\x79\x3d\x22\x30\
\x22\x0d\x0a\x20\x20\x20\x20\x20\x20\x20\x78\x3d\x22\x30\x22\x0d\
\x0a\x20\x20\x20\x20\x20\x20\x20\x68\x65\x69\x67\x68\x74\x3d\x22\
\x36\x22\x0d\x0a\x20\x20\x20\x20\x20\x20\x20\x77\x69\x64\x74\x68\
\x3d\x22\x36\x22\x0d\x0a\x20\x20\x20\x20\x20\x20\x20\x70\x61\x74\
\x74\x65\x72\x6e\x55\x6e\x69\x74\x73\x3d\x22\x75\x73\x65\x72\x53\
\x70\x61\x63\x65\x4f\x6e\x55\x73\x65\x22\x0d\x0a\x20\x20\x20\x20\
\x20\x20\x20\x69\x64\x3d\x22\x45\x4d\x46\x68\x62\x61\x73\x65\x70\
\x61\x74\x74\x65\x72\x6e\x2d\x33\x22\x20\x2f\x3e\x0d\x0a\x20\x20\
\x20\x20\x3c\x70\x61\x74\x74\x65\x72\x6e\x0d\x0a\x20\x20\x20\x20\
\x20\x20\x20\x79\x3d\x22\x30\x22\x0d\x0a\x20\x20\x20\x20\x20\x20\
\x20\x78\x3d\x22\x30\x22\x0d\x0a\x20\x20\x20\x20\x20\x20\x20\x68\
\x65\x69\x67\x68\x74\x3d\x22\x36\x22\x0d\x0a\x20\x20\x20\x20\x20\
\x20\x20\x77\x69\x64\x74\x68\x3d\x22\x36\x22\x0d\x0a\x20\x20\x20\
\x20\x20\x20\x20\x70\x61\x74\x74\x65\x72\x6e\x55\x6e\x69\x74\x73\
\x3d\x22\x75\x73\x65\x72\x53\x70\x61\x63\x65\x4f\x6e\x55\x73\x65\
\x22\x0d\x0a\x20\x20\x20\x20\x20\x20\x20\x69\x64\x3d\x22\x45\x4d\
\x46\x68\x62\x61\x73\x65\x70\x61\x74\x74\x65\x72\x6e\x2d\x38\x22\
\x20\x2f\x3e\x0d\x0a\x20\x20\x3c\x2f\x64\x65\x66\x73\x3e\x0d\x0a\
\x20\x20\x3c\x73\x6f\x64\x69\x70\x6f\x64\x69\x3a\x6e\x61\x6d\x65\
\x64\x76\x69\x65\x77\x0d\x0a\x20\x20\x20\x20\x20\x69\x64\x3d\x22\
\x62\x61\x73\x65\x22\x0d\x0a\x20\x20\x20\x20\x20\x70\x61\x67\x65\
\x63\x6f\x6c\x6f\x72\x3d\x22\x23\x66\x66\x66\x66\x66\x66\x22\x0d\
\x0a\x20\x20\x20\x20\x20\x62\x6f\x72\x64\x65\x72\x63\x6f\x6c\x6f\
\x72\x3d\x22\x23\x36\x36\x36\x36\x36\x36\x22\x0d\x0a\x20\x20\x20\
\x20\x20\x62\x6f\x72\x64\x65\x72\x6f\x70\x61\x63\x69\x74\x79\x3d\
\x22\x31\x2e\x30\x22\x0d\x0a\x20\x20\x20\x20\x20\x69\x6e\x6b\x73\
\x63\x61\x70\x65\x3a\x70\x61\x67\x65\x6f\x70\x61\x63\x69\x74\x79\
\x3d\x22\x30\x2e\x30\x22\x0d\x0a\x20\x20\x20\x20\x20\x69\x6e\x6b\
\x73\x63\x61\x70\x65\x3a\x70\x61\x67\x65\x73\x68\x61\x64\x6f\x77\
\x3d\x22\x32\x22\x0d\x0a\x20\x20\x20\x20\x20\x69\x6e\x6b\x73\x63\
\x61\x70\x65\x3a\x7a\x6f\x6f\x6d\x3d\x22\x32\x32\x2e\x36\x32\x37\
\x34\x31\x37\x22\x0d\x0a\x20\x20\x20\x20\x20\x69\x6e\x6b\x73\x63\
\x61\x70\x65\x3a\x63\x78\x3d\x22\x36\x2e\x32\x33\x31\x36\x38\x38\
\x39\x22\x0d\x0a\x20\x20\x20\x20\x20\x69\x6e\x6b\x73\x63\x61\x70\
\x65\x3a\x63\x79\x3d\x22\x31\x33\x2e\x31\x37\x36\x39\x31\x22\x0d\
\x0a\x20\x20\x20\x20\x20\x69\x6e\x6b\x73\x63\x61\x70\x65\x3a\x64\
\x6f\x63\x75\x6d\x65\x6e\x74\x2d\x75\x6e\x69\x74\x73\x3d\x22\x70\
\x78\x22\x0d\x0a\x20\x20\x20\x20\x20\x69\x6e\x6b\x73\x63\x61\x70\
\x65\x3a\x63\x75\x72\x72\x65\x6e\x74\x2d\x6c\x61\x79\x65\x72\x3d\
\x22\x67\x35\x32\x32\x38\x22\x0d\x0a\x20\x20\x20\x20\x20\x73\x68\
\x6f\x77\x67\x72\x69\x64\x3d\x22\x74\x72\x75\x65\x22\x0d\x0a\x20\
\x20\x20\x20\x20\x75\x6e\x69\x74\x73\x3d\x22\x70\x78\x22\x0d\x0a\
\x20\x20\x20\x20\x20\x69\x6e\x6b\x73\x63\x61\x70\x65\x3a\x77\x69\
\x6e\x64\x6f\x77\x2d\x77\x69\x64\x74\x68\x3d\x22\x31\x39\x32\x30\
\x22\x0d\x0a\x20\x20\x20\x20\x20\x69\x6e\x6b\x73\x63\x61\x70\x65\
\x3a\x77\x69\x6e\x64\x6f\x77\x2d\x68\x65\x69\x67\x68\x74\x3d\x22\
\x31\x30\x31\x37\x22\x0d\x0a\x20\x20\x20\x20\x20\x69\x6e\x6b\x73\
\x63\x61\x70\x65\x3a\x77\x69\x6e\x64\x6f\x77\x2d\x78\x3d\x22\x2d\
\x38\x22\x0d\x0a\x20\x20\x20\x20\x20\x69\x6e\x6b\x73\x63\x61\x70\
\x65\x3a\x77\x69\x6e\x64\x6f\x77\x2d\x79\x3d\x22\x2d\x38\x22\x0d\
\x0a\x20\x20\x20\x20\x20\x69\x6e\x6b\x73\x63\x61\x70\x65\x3a\x77\
\x69\x6e\x64\x6f\x77\x2d\x6d\x61\x78\x69\x6d\x69\x7a\x65\x64\x3d\
\x22\x31\x22\x0d\x0a\x20\x20\x20\x20\x20\x69\x6e\x6b\x73\x63\x61\
\x70\x65\x3a\x73\x6e\x61\x70\x2d\x62\x62\x6f\x78\x3d\x22\x74\x72\
\x75\x65\x22\x0d\x0a\x20\x20\x20\x20\x20\x69\x6e\x6b\x73\x63\x61\
\x70\x65\x3a\x62\x62\x6f\x78\x2d\x70\x61\x74\x68\x73\x3d\x22\x74\
\x72\x75\x65\x22\x0d\x0a\x20\x20\x20\x20\x20\x69\x6e\x6b\x73\x63\
\x61\x70\x65\x3a\x62\x62\x6f\x78\x2d\x6e\x6f\x64\x65\x73\x3d\x22\
\x74\x72\x75\x65\x22\x0d\x0a\x20\x20\x20\x20\x20\x69\x6e\x6b\x73\
\x63\x61\x70\x65\x3a\x73\x6e\x61\x70\x2d\x62\x62\x6f\x78\x2d\x65\
\x64\x67\x65\x2d\x6d\x69\x64\x70\x6f\x69\x6e\x74\x73\x3d\x22\x74\
\x72\x75\x65\x22\x0d\x0a\x20\x20\x20\x20\x20\x69\x6e\x6b\x73\x63\
\x61\x70\x65\x3a\x73\x6e\x61\x70\x2d\x62\x62\x6f\x78\x2d\x6d\x69\
\x64\x70\x6f\x69\x6e\x74\x73\x3d\x22\x74\x72\x75\x65\x22\x0d\x0a\
\x20\x20\x20\x20\x20\x69\x6e\x6b\x73\x63\x61\x70\x65\x3a\x73\x6e\
\x61\x70\x2d\x67\x6c\x6f\x62\x61\x6c\x3d\x22\x74\x72\x75\x65\x22\
\x0d\x0a\x20\x20\x20\x20\x20\x69\x6e\x6b\x73\x63\x61\x70\x65\x3a\
\x64\x6f\x63\x75\x6d\x65\x6e\x74\x2d\x72\x6f\x74\x61\x74\x69\x6f\
\x6e\x3d\x22\x30\x22\x0d\x0a\x20\x20\x20\x20\x20\x73\x68\x6f\x77\
\x67\x75\x69\x64\x65\x73\x3d\x22\x74\x72\x75\x65\x22\x0d\x0a\x20\
\x20\x20\x20\x20\x69\x6e\x6b\x73\x63\x61\x70\x65\x3a\x67\x75\x69\
\x64\x65\x2d\x62\x62\x6f\x78\x3d\x22\x74\x72\x75\x65\x22\x3e\x0d\
\x0a\x20\x20\x20\x20\x3c\x69\x6e\x6b\x73\x63\x61\x70\x65\x3a\x67\
\x72\x69\x64\x0d\x0a\x20\x20\x20\x20\x20\x20\x20\x74\x79\x70\x65\
\x3d\x22\x78\x79\x67\x72\x69\x64\x22\x0d\x0a\x20\x20\x20\x20\x20\
\x20\x20\x69\x64\x3d\x22\x67\x72\x69\x64\x33\x33\x33\x36\x22\x20\
\x2f\x3e\x0d\x0a\x20\x20\x20\x20\x3c\x73\x6f\x64\x69\x70\x6f\x64\
\x69\x3a\x67\x75\x69\x64\x65\x0d\x0a\x20\x20\x20\x20\x20\x20\x20\
\x70\x6f\x73\x69\x74\x69\x6f\x6e\x3d\x22\x34\x2c\x31\x30\x22\x0d\
\x0a\x20\x20\x20\x20\x20\x20\x20\x6f\x72\x69\x65\x6e\x74\x61\x74\
\x69\x6f\x6e\x3d\x22\x31\x2c\x30\x22\x0d\x0a\x20\x20\x20\x20\x20\
\x20\x20\x69\x64\x3d\x22\x67\x75\x69\x64\x65\x38\x38\x33\x22\x20\
\x2f\x3e\x0d\x0a\x20\x20\x20\x20\x3c\x73\x6f\x64\x69\x70\x6f\x64\
\x69\x3a\x67\x75\x69\x64\x65\x0d\x0a\x20\x20\x20\x20\x20\x20\x20\
\x70\x6f\x73\x69\x74\x69\x6f\x6e\x3d\x22\x31\x30\x2c\x31\x32\x22\
\x0d\x0a\x20\x20\x20\x20\x20\x20\x20\x6f\x72\x69\x65\x6e\x74\x61\
\x74\x69\x6f\x6e\x3d\x22\x30\x2c\x2d\x31\x22\x0d\x0a\x20\x20\x20\
\x20\x20\x20\x20\x69\x64\x3d\x22\x67\x75\x69\x64\x65\x38\x38\x35\
\x22\x20\x2f\x3e\x0d\x0a\x20\x20\x20\x20\x3c\x73\x6f\x64\x69\x70\
\x6f\x64\x69\x3a\x67\x75\x69\x64\x65\x0d\x0a\x20\x20\x20\x20\x20\
\x20\x20\x70\x6f\x73\x69\x74\x69\x6f\x6e\x3d\x22\x31\x32\x2c\x32\
\x22\x0d\x0a\x20\x20\x20\x20\x20\x20\x20\x6f\x72\x69\x65\x6e\x74\
\x61\x74\x69\x6f\x6e\x3d\x22\x31\x2c\x30\x22\x0d\x0a\x20\x20\x20\
\x20\x20\x20\x20\x69\x64\x3d\x22\x67\x75\x69\x64\x65\x38\x38\x37\
\x22\x20\x2f\x3e\x0d\x0a\x20\x20\x20\x20\x3c\x73\x6f\x64\x69\x70\
\x6f\x64\x69\x3a\x67\x75\x69\x64\x65\x0d\x0a\x20\x20\x20\x20\x20\
\x20\x20\x70\x6f\x73\x69\x74\x69\x6f\x6e\x3d\x22\x31\x34\x2c\x34\
\x22\x0d\x0a\x20\x20\x20\x20\x20\x20\x20\x6f\x72\x69\x65\x6e\x74\
\x61\x74\x69\x6f\x6e\x3d\x22\x30\x2c\x2d\x31\x22\x0d\x0a\x20\x20\
\x20\x20\x20\x20\x20\x69\x64\x3d\x22\x67\x75\x69\x64\x65\x38\x38\
\x39\x22\x20\x2f\x3e\x0d\x0a\x20\x20\x3c\x2f\x73\x6f\x64\x69\x70\
\x6f\x64\x69\x3a\x6e\x61\x6d\x65\x64\x76\x69\x65\x77\x3e\x0d\x0a\
\x20\x20\x3c\x67\x0d\x0a\x20\x20\x20\x20\x20\x69\x6e\x6b\x73\x63\
\x61\x70\x65\x3a\x6c\x61\x62\x65\x6c\x3d\x22\x4c\x61\x79\x65\x72\
\x20\x31\x22\x0d\x0a\x20\x20\x20\x20\x20\x69\x6e\x6b\x73\x63\x61\
\x70\x65\x3a\x67\x72\x6f\x75\x70\x6d\x6f\x64\x65\x3d\x22\x6c\x61\
\x79\x65\x72\x22\x0d\x0a\x20\x20\x20\x20\x20\x69\x64\x3d\x22\x6c\
\x61\x79\x65\x72\x31\x22\x0d\x0a\x20\x20\x20\x20\x20\x74\x72\x61\
\x6e\x73\x66\x6f\x72\x6d\x3d\x22\x74\x72\x61\x6e\x73\x6c\x61\x74\
\x65\x28\x30\x2c\x2d\x31\x30\x33\x36\x2e\x33\x36\x32\x32\x29\x22\
\x3e\x0d\x0a\x20\x20\x20\x20\x3c\x67\x0d\x0a\x20\x20\x20\x20\x20\
\x20\x20\x74\x72\x61\x6e\x73\x66\x6f\x72\x6d\x3d\x22\x74\x72\x61\
\x6e\x73\x6c\x61\x74\x65\x28\x36\x32\x38\x2c\x2d\x31\x34\x30\x2e\
\x34\x39\x39\x39\x38\x29\x22\x0d\x0a\x20\x20\x20\x20\x20\x20\x20\
\x69\x64\x3d\x22\x67\x35\x32\x32\x38\x22\x3e\x0d\x0a\x20\x20\x20\
\x20\x20\x20\x3c\x70\x61\x74\x68\x0d\x0a\x20\x20\x20\x20\x20\x20\
\x20\x20\x20\x74\x72\x61\x6e\x73\x66\x6f\x72\x6d\x3d\x22\x74\x72\
\x61\x6e\x73\x6c\x61\x74\x65\x28\x2d\x36\x32\x38\x2c\x31\x31\x37\
\x36\x2e\x38\x36\x32\x32\x29\x22\x0d\x0a\x20\x20\x20\x20\x20\x20\
\x20\x20\x20\x64\x3d\x22\x4d\x20\x34\x2e\x34\x37\x36\x35\x36\x32\
\x35\x20\x34\x2e\x30\x30\x31\x39\x35\x33\x31\x20\x41\x20\x30\x2e\
\x35\x20\x30\x2e\x35\x20\x30\x20\x30\x20\x30\x20\x34\x2e\x31\x34\
\x36\x34\x38\x34\x34\x20\x34\x2e\x31\x34\x36\x34\x38\x34\x34\x20\
\x41\x20\x30\x2e\x35\x20\x30\x2e\x35\x20\x30\x20\x30\x20\x30\x20\
\x34\x2e\x31\x34\x36\x34\x38\x34\x34\x20\x34\x2e\x38\x35\x33\x35\
\x31\x35\x36\x20\x4c\x20\x37\x2e\x32\x39\x32\x39\x36\x38\x38\x20\
\x38\x20\x4c\x20\x34\x2e\x31\x34\x36\x34\x38\x34\x34\x20\x31\x31\
\x2e\x31\x34\x36\x34\x38\x34\x20\x41\x20\x30\x2e\x35\x20\x30\x2e\
\x35\x20\x30\x20\x30\x20\x30\x20\x34\x2e\x31\x34\x36\x34\x38\x34\
\x34\x20\x31\x31\x2e\x38\x35\x33\x35\x31\x36\x20\x41\x20\x30\x2e\
\x35\x20\x30\x2e\x35\x20\x30\x20\x30\x20\x30\x20\x34\x2e\x38\x35\
\x33\x35\x31\x35\x36\x20\x31\x31\x2e\x38\x35\x33\x35\x31\x36\x20\
\x4c\x20\x38\x20\x38\x2e\x37\x30\x37\x30\x33\x31\x32\x20\x4c\x20\
\x31\x31\x2e\x31\x34\x36\x34\x38\x34\x20\x31\x31\x2e\x38\x35\x33\
\x35\x31\x36\x20\x41\x20\x30\x2e\x35\x20\x30\x2e\x35\x20\x30\x20\
\x30\x20\x30\x20\x31\x31\x2e\x38\x35\x33\x35\x31\x36\x20\x31\x31\
\x2e\x38\x35\x33\x35\x31\x36\x20\x41\x20\x30\x2e\x35\x20\x30\x2e\
\x35\x20\x30\x20\x30\x20\x30\x20\x31\x31\x2e\x38\x35\x33\x35\x31\
\x36\x20\x31\x31\x2e\x31\x34\x36\x34\x38\x34\x20\x4c\x20\x38\x2e\
\x37\x30\x37\x30\x33\x31\x32\x20\x38\x20\x4c\x20\x31\x31\x2e\x38\
\x35\x33\x35\x31\x36\x20\x34\x2e\x38\x35\x33\x35\x31\x35\x36\x20\
\x41\x20\x30\x2e\x35\x20\x30\x2e\x35\x20\x30\x20\x30\x20\x30\x20\
\x31\x31\x2e\x38\x35\x33\x35\x31\x36\x20\x34\x2e\x31\x34\x36\x34\
\x38\x34\x34\x20\x41\x20\x30\x2e\x35\x20\x30\x2e\x35\x20\x30\x20\
\x30\x20\x30\x20\x31\x31\x2e\x34\x37\x36\x35\x36\x32\x20\x34\x2e\
\x30\x30\x31\x39\x35\x33\x31\x20\x41\x20\x30\x2e\x35\x20\x30\x2e\
\x35\x20\x30\x20\x30\x20\x30\x20\x31\x31\x2e\x31\x34\x36\x34\x38\
\x34\x20\x34\x2e\x31\x34\x36\x34\x38\x34\x34\x20\x4c\x20\x38\x20\
\x37\x2e\x32\x39\x32\x39\x36\x38\x38\x20\x4c\x20\x34\x2e\x38\x35\
\x33\x35\x31\x35\x36\x20\x34\x2e\x31\x34\x36\x34\x38\x34\x34\x20\
\x41\x20\x30\x2e\x35\x20\x30\x2e\x35\x20\x30\x20\x30\x20\x30\x20\
\x34\x2e\x34\x37\x36\x35\x36\x32\x35\x20\x34\x2e\x30\x30\x31\x39\
\x35\x33\x31\x20\x7a\x20\x22\x0d\x0a\x20\x20\x20\x20\x20\x20\x20\
\x20\x20\x73\x74\x79\x6c\x65\x3d\x22\x63\x6f\x6c\x6f\x72\x3a\x23\
\x30\x30\x30\x30\x30\x30\x3b\x66\x6f\x6e\x74\x2d\x73\x74\x79\x6c\
\x65\x3a\x6e\x6f\x72\x6d\x61\x6c\x3b\x66\x6f\x6e\x74\x2d\x76\x61\
\x72\x69\x61\x6e\x74\x3a\x6e\x6f\x72\x6d\x61\x6c\x3b\x66\x6f\x6e\
\x74\x2d\x77\x65\x69\x67\x68\x74\x3a\x6e\x6f\x72\x6d\x61\x6c\x3b\
\x66\x6f\x6e\x74\x2d\x73\x74\x72\x65\x74\x63\x68\x3a\x6e\x6f\x72\
\x6d\x61\x6c\x3b\x66\x6f\x6e\x74\x2d\x73\x69\x7a\x65\x3a\x6d\x65\
\x64\x69\x75\x6d\x3b\x6c\x69\x6e\x65\x2d\x68\x65\x69\x67\x68\x74\
\x3a\x6e\x6f\x72\x6d\x61\x6c\x3b\x66\x6f\x6e\x74\x2d\x66\x61\x6d\
\x69\x6c\x79\x3a\x73\x61\x6e\x73\x2d\x73\x65\x72\x69\x66\x3b\x66\
\x6f\x6e\x74\x2d\x76\x61\x72\x69\x61\x6e\x74\x2d\x6c\x69\x67\x61\
\x74\x75\x72\x65\x73\x3a\x6e\x6f\x72\x6d\x61\x6c\x3b\x66\x6f\x6e\
\x74\x2d\x76\x61\x72\x69\x61\x6e\x74\x2d\x70\x6f\x73\x69\x74\x69\
\x6f\x6e\x3a\x6e\x6f\x72\x6d\x61\x6c\x3b\x66\x6f\x6e\x74\x2d\x76\
\x61\x72\x69\x61\x6e\x74\x2d\x63\x61\x70\x73\x3a\x6e\x6f\x72\x6d\
\x61\x6c\x3b\x66\x6f\x6e\x74\x2d\x76\x61\x72\x69\x61\x6e\x74\x2d\
\x6e\x75\x6d\x65\x72\x69\x63\x3a\x6e\x6f\x72\x6d\x61\x6c\x3b\x66\
\x6f\x6e\x74\x2d\x76\x61\x72\x69\x61\x6e\x74\x2d\x61\x6c\x74\x65\
\x72\x6e\x61\x74\x65\x73\x3a\x6e\x6f\x72\x6d\x61\x6c\x3b\x66\x6f\
\x6e\x74\x2d\x76\x61\x72\x69\x61\x6e\x74\x2d\x65\x61\x73\x74\x2d\
\x61\x73\x69\x61\x6e\x3a\x6e\x6f\x72\x6d\x61\x6c\x3b\x66\x6f\x6e\
\x74\x2d\x66\x65\x61\x74\x75\x72\x65\x2d\x73\x65\x74\x74\x69\x6e\
\x67\x73\x3a\x6e\x6f\x72\x6d\x61\x6c\x3b\x66\x6f\x6e\x74\x2d\x76\
\x61\x72\x69\x61\x74\x69\x6f\x6e\x2d\x73\x65\x74\x74\x69\x6e\x67\
\x73\x3a\x6e\x6f\x72\x6d\x61\x6c\x3b\x74\x65\x78\x74\x2d\x69\x6e\
\x64\x65\x6e\x74\x3a\x30\x3b\x74\x65\x78\x74\x2d\x61\x6c\x69\x67\
\x6e\x3a\x73\x74\x61\x72\x74\x3b\x74\x65\x78\x74\x2d\x64\x65\x63\
\x6f\x72\x61\x74\x69\x6f\x6e\x3a\x6e\x6f\x6e\x65\x3b\x74\x65\x78\
\x74\x2d\x64\x65\x63\x6f\x72\x61\x74\x69\x6f\x6e\x2d\x6c\x69\x6e\
\x65\x3a\x6e\x6f\x6e\x65\x3b\x74\x65\x78\x74\x2d\x64\x65\x63\x6f\
\x72\x61\x74\x69\x6f\x6e\x2d\x73\x74\x79\x6c\x65\x3a\x73\x6f\x6c\
\x69\x64\x3b\x74\x65\x78\x74\x2d\x64\x65\x63\x6f\x72\x61\x74\x69\
\x6f\x6e\x2d\x63\x6f\x6c\x6f\x72\x3a\x23\x30\x30\x30\x30\x30\x30\
\x3b\x6c\x65\x74\x74\x65\x72\x2d\x73\x70\x61\x63\x69\x6e\x67\x3a\
\x6e\x6f\x72\x6d\x61\x6c\x3b\x77\x6f\x72\x64\x2d\x73\x70\x61\x63\
\x69\x6e\x67\x3a\x6e\x6f\x72\x6d\x61\x6c\x3b\x74\x65\x78\x74\x2d\
\x74\x72\x61\x6e\x73\x66\x6f\x72\x6d\x3a\x6e\x6f\x6e\x65\x3b\x77\
\x72\x69\x74\x69\x6e\x67\x2d\x6d\x6f\x64\x65\x3a\x6c\x72\x2d\x74\
\x62\x3b\x64\x69\x72\x65\x63\x74\x69\x6f\x6e\x3a\x6c\x74\x72\x3b\
\x74\x65\x78\x74\x2d\x6f\x72\x69\x65\x6e\x74\x61\x74\x69\x6f\x6e\
\x3a\x6d\x69\x78\x65\x64\x3b\x64\x6f\x6d\x69\x6e\x61\x6e\x74\x2d\
\x62\x61\x73\x65\x6c\x69\x6e\x65\x3a\x61\x75\x74\x6f\x3b\x62\x61\
\x73\x65\x6c\x69\x6e\x65\x2d\x73\x68\x69\x66\x74\x3a\x62\x61\x73\
\x65\x6c\x69\x6e\x65\x3b\x74\x65\x78\x74\x2d\x61\x6e\x63\x68\x6f\
\x72\x3a\x73\x74\x61\x72\x74\x3b\x77\x68\x69\x74\x65\x2d\x73\x70\
\x61\x63\x65\x3a\x6e\x6f\x72\x6d\x61\x6c\x3b\x73\x68\x61\x70\x65\
\x2d\x70\x61\x64\x64\x69\x6e\x67\x3a\x30\x3b\x73\x68\x61\x70\x65\
\x2d\x6d\x61\x72\x67\x69\x6e\x3a\x30\x3b\x69\x6e\x6c\x69\x6e\x65\
\x2d\x73\x69\x7a\x65\x3a\x30\x3b\x63\x6c\x69\x70\x2d\x72\x75\x6c\
\x65\x3a\x6e\x6f\x6e\x7a\x65\x72\x6f\x3b\x64\x69\x73\x70\x6c\x61\
\x79\x3a\x69\x6e\x6c\x69\x6e\x65\x3b\x6f\x76\x65\x72\x66\x6c\x6f\
\x77\x3a\x76\x69\x73\x69\x62\x6c\x65\x3b\x76\x69\x73\x69\x62\x69\
\x6c\x69\x74\x79\x3a\x76\x69\x73\x69\x62\x6c\x65\x3b\x69\x73\x6f\
\x6c\x61\x74\x69\x6f\x6e\x3a\x61\x75\x74\x6f\x3b\x6d\x69\x78\x2d\
\x62\x6c\x65\x6e\x64\x2d\x6d\x6f\x64\x65\x3a\x6e\x6f\x72\x6d\x61\
\x6c\x3b\x63\x6f\x6c\x6f\x72\x2d\x69\x6e\x74\x65\x72\x70\x6f\x6c\
\x61\x74\x69\x6f\x6e\x3a\x73\x52\x47\x42\x3b\x63\x6f\x6c\x6f\x72\
\x2d\x69\x6e\x74\x65\x72\x70\x6f\x6c\x61\x74\x69\x6f\x6e\x2d\x66\
\x69\x6c\x74\x65\x72\x73\x3a\x6c\x69\x6e\x65\x61\x72\x52\x47\x42\
\x3b\x73\x6f\x6c\x69\x64\x2d\x63\x6f\x6c\x6f\x72\x3a\x23\x30\x30\
\x30\x30\x30\x30\x3b\x73\x6f\x6c\x69\x64\x2d\x6f\x70\x61\x63\x69\
\x74\x79\x3a\x31\x3b\x76\x65\x63\x74\x6f\x72\x2d\x65\x66\x66\x65\
\x63\x74\x3a\x6e\x6f\x6e\x65\x3b\x66\x69\x6c\x6c\x3a\x23\x30\x30\
\x30\x30\x30\x30\x3b\x66\x69\x6c\x6c\x2d\x6f\x70\x61\x63\x69\x74\
\x79\x3a\x31\x3b\x66\x69\x6c\x6c\x2d\x72\x75\x6c\x65\x3a\x65\x76\
\x65\x6e\x6f\x64\x64\x3b\x73\x74\x72\x6f\x6b\x65\x3a\x6e\x6f\x6e\
\x65\x3b\x73\x74\x72\x6f\x6b\x65\x2d\x77\x69\x64\x74\x68\x3a\x31\
\x70\x78\x3b\x73\x74\x72\x6f\x6b\x65\x2d\x6c\x69\x6e\x65\x63\x61\
\x70\x3a\x72\x6f\x75\x6e\x64\x3b\x73\x74\x72\x6f\x6b\x65\x2d\x6c\
\x69\x6e\x65\x6a\x6f\x69\x6e\x3a\x6d\x69\x74\x65\x72\x3b\x73\x74\
\x72\x6f\x6b\x65\x2d\x6d\x69\x74\x65\x72\x6c\x69\x6d\x69\x74\x3a\
\x34\x3b\x73\x74\x72\x6f\x6b\x65\x2d\x64\x61\x73\x68\x61\x72\x72\
\x61\x79\x3a\x6e\x6f\x6e\x65\x3b\x73\x74\x72\x6f\x6b\x65\x2d\x64\
\x61\x73\x68\x6f\x66\x66\x73\x65\x74\x3a\x30\x3b\x73\x74\x72\x6f\
\x6b\x65\x2d\x6f\x70\x61\x63\x69\x74\x79\x3a\x31\x3b\x63\x6f\x6c\
\x6f\x72\x2d\x72\x65\x6e\x64\x65\x72\x69\x6e\x67\x3a\x61\x75\x74\
\x6f\x3b\x69\x6d\x61\x67\x65\x2d\x72\x65\x6e\x64\x65\x72\x69\x6e\
\x67\x3a\x61\x75\x74\x6f\x3b\x73\x68\x61\x70\x65\x2d\x72\x65\x6e\
\x64\x65\x72\x69\x6e\x67\x3a\x61\x75\x74\x6f\x3b\x74\x65\x78\x74\
\x2d\x72\x65\x6e\x64\x65\x72\x69\x6e\x67\x3a\x61\x75\x74\x6f\x3b\
\x65\x6e\x61\x62\x6c\x65\x2d\x62\x61\x63\x6b\x67\x72\x6f\x75\x6e\
\x64\x3a\x61\x63\x63\x75\x6d\x75\x6c\x61\x74\x65\x3b\x73\x74\x6f\
\x70\x2d\x63\x6f\x6c\x6f\x72\x3a\x23\x30\x30\x30\x30\x30\x30\x3b\
\x73\x74\x6f\x70\x2d\x6f\x70\x61\x63\x69\x74\x79\x3a\x31\x3b\x6f\
\x70\x61\x63\x69\x74\x79\x3a\x31\x22\x0d\x0a\x20\x20\x20\x20\x20\
\x20\x20\x20\x20\x69\x64\x3d\x22\x70\x61\x74\x68\x38\x34\x36\x22\
\x20\x2f\x3e\x0d\x0a\x20\x20\x20\x20\x3c\x2f\x67\x3e\x0d\x0a\x20\
\x20\x3c\x2f\x67\x3e\x0d\x0a\x20\x20\x3c\x6d\x65\x74\x61\x64\x61\
\x74\x61\x0d\x0a\x20\x20\x20\x20\x20\x69\x64\x3d\x22\x6d\x65\x74\
\x61\x64\x61\x74\x61\x31\x32\x22\x3e\x0d\x0a\x20\x20\x20\x20\x3c\
\x72\x64\x66\x3a\x52\x44\x46\x3e\x0d\x0a\x20\x20\x20\x20\x20\x20\
\x3c\x72\x64\x66\x3a\x44\x65\x73\x63\x72\x69\x70\x74\x69\x6f\x6e\
\x0d\x0a\x20\x20\x20\x20\x20\x20\x20\x20\x20\x61\x62\x6f\x75\x74\
\x3d\x22\x68\x74\x74\x70\x73\x3a\x2f\x2f\x69\x63\x6f\x6e\x73\x63\
\x6f\x75\x74\x2e\x63\x6f\x6d\x2f\x6c\x65\x67\x61\x6c\x23\x6c\x69\
\x63\x65\x6e\x73\x65\x73\x22\x0d\x0a\x20\x20\x20\x20\x20\x20\x20\
\x20\x20\x64\x63\x3a\x74\x69\x74\x6c\x65\x3d\x22\x4d\x65\x6e\x75\
\x2c\x20\x42\x61\x72\x2c\x20\x4c\x69\x6e\x65\x73\x2c\x20\x4f\x70\
\x74\x69\x6f\x6e\x2c\x20\x4c\x69\x73\x74\x2c\x20\x48\x61\x6d\x62\
\x75\x72\x67\x65\x72\x2c\x20\x57\x65\x62\x22\x0d\x0a\x20\x20\x20\
\x20\x20\x20\x20\x20\x20\x64\x63\x3a\x64\x65\x73\x63\x72\x69\x70\
\x74\x69\x6f\x6e\x3d\x22\x4d\x65\x6e\x75\x2c\x20\x42\x61\x72\x2c\
\x20\x4c\x69\x6e\x65\x73\x2c\x20\x4f\x70\x74\x69\x6f\x6e\x2c\x20\
\x4c\x69\x73\x74\x2c\x20\x48\x61\x6d\x62\x75\x72\x67\x65\x72\x2c\
\x20\x57\x65\x62\x22\x0d\x0a\x20\x20\x20\x20\x20\x20\x20\x20\x20\
\x64\x63\x3a\x70\x75\x62\x6c\x69\x73\x68\x65\x72\x3d\x22\x49\x63\
\x6f\x6e\x73\x63\x6f\x75\x74\x22\x0d\x0a\x20\x20\x20\x20\x20\x20\
\x20\x20\x20\x64\x63\x3a\x64\x61\x74\x65\x3d\x22\x32\x30\x31\x36\
\x2d\x31\x32\x2d\x31\x34\x22\x0d\x0a\x20\x20\x20\x20\x20\x20\x20\
\x20\x20\x64\x63\x3a\x66\x6f\x72\x6d\x61\x74\x3d\x22\x69\x6d\x61\
\x67\x65\x2f\x73\x76\x67\x2b\x78\x6d\x6c\x22\x0d\x0a\x20\x20\x20\
\x20\x20\x20\x20\x20\x20\x64\x63\x3a\x6c\x61\x6e\x67\x75\x61\x67\
\x65\x3d\x22\x65\x6e\x22\x3e\x0d\x0a\x20\x20\x20\x20\x20\x20\x20\
\x20\x3c\x64\x63\x3a\x63\x72\x65\x61\x74\x6f\x72\x3e\x0d\x0a\x20\
\x20\x20\x20\x20\x20\x20\x20\x20\x20\x3c\x72\x64\x66\x3a\x42\x61\
\x67\x3e\x0d\x0a\x20\x20\x20\x20\x20\x20\x20\x20\x20\x20\x20\x20\
\x3c\x72\x64\x66\x3a\x6c\x69\x3e\x4a\x65\x6d\x69\x73\x20\x4d\x61\
\x6c\x69\x3c\x2f\x72\x64\x66\x3a\x6c\x69\x3e\x0d\x0a\x20\x20\x20\
\x20\x20\x20\x20\x20\x20\x20\x3c\x2f\x72\x64\x66\x3a\x42\x61\x67\
\x3e\x0d\x0a\x20\x20\x20\x20\x20\x20\x20\x20\x3c\x2f\x64\x63\x3a\
\x63\x72\x65\x61\x74\x6f\x72\x3e\x0d\x0a\x20\x20\x20\x20\x20\x20\
\x3c\x2f\x72\x64\x66\x3a\x44\x65\x73\x63\x72\x69\x70\x74\x69\x6f\
\x6e\x3e\x0d\x0a\x20\x20\x20\x20\x20\x20\x3c\x63\x63\x3a\x57\x6f\
\x72\x6b\x0d\x0a\x20\x20\x20\x20\x20\x20\x20\x20\x20\x72\x64\x66\
\x3a\x61\x62\x6f\x75\x74\x3d\x22\x22\x3e\x0d\x0a\x20\x20\x20\x20\
\x20\x20\x20\x20\x3c\x64\x63\x3a\x66\x6f\x72\x6d\x61\x74\x3e\x69\
\x6d\x61\x67\x65\x2f\x73\x76\x67\x2b\x78\x6d\x6c\x3c\x2f\x64\x63\
\x3a\x66\x6f\x72\x6d\x61\x74\x3e\x0d\x0a\x20\x20\x20\x20\x20\x20\
\x20\x20\x3c\x64\x63\x3a\x74\x79\x70\x65\x0d\x0a\x20\x20\x20\x20\
\x20\x20\x20\x20\x20\x20\x20\x72\x64\x66\x3a\x72\x65\x73\x6f\x75\
\x72\x63\x65\x3d\x22\x68\x74\x74\x70\x3a\x2f\x2f\x70\x75\x72\x6c\
\x2e\x6f\x72\x67\x2f\x64\x63\x2f\x64\x63\x6d\x69\x74\x79\x70\x65\
\x2f\x53\x74\x69\x6c\x6c\x49\x6d\x61\x67\x65\x22\x20\x2f\x3e\x0d\
\x0a\x20\x20\x20\x20\x20\x20\x20\x20\x3c\x64\x63\x3a\x74\x69\x74\
\x6c\x65\x20\x2f\x3e\x0d\x0a\x20\x20\x20\x20\x20\x20\x3c\x2f\x63\
\x63\x3a\x57\x6f\x72\x6b\x3e\x0d\x0a\x20\x20\x20\x20\x3c\x2f\x72\
\x64\x66\x3a\x52\x44\x46\x3e\x0d\x0a\x20\x20\x3c\x2f\x6d\x65\x74\
\x61\x64\x61\x74\x61\x3e\x0d\x0a\x3c\x2f\x73\x76\x67\x3e\x0d\x0a\
\
\x00\x00\x01\xdb\
\x3c\
\x3f\x78\x6d\x6c\x20\x76\x65\x72\x73\x69\x6f\x6e\x3d\x22\x31\x2e\
\x30\x22\x20\x65\x6e\x63\x6f\x64\x69\x6e\x67\x3d\x22\x55\x54\x46\
\x2d\x38\x22\x3f\x3e\x0d\x0a\x3c\x73\x76\x67\x20\x77\x69\x64\x74\
\x68\x3d\x22\x31\x36\x22\x20\x68\x65\x69\x67\x68\x74\x3d\x22\x31\
\x36\x22\x20\x65\x6e\x61\x62\x6c\x65\x2d\x62\x61\x63\x6b\x67\x72\
\x6f\x75\x6e\x64\x3d\x22\x6e\x65\x77\x20\x30\x20\x30\x20\x31\x32\
\x32\x2e\x38\x37\x39\x20\x31\x32\x32\x2e\x38\x36\x37\x22\x20\x76\
\x65\x72\x73\x69\x6f\x6e\x3d\x22\x31\x2e\x31\x22\x20\x76\x69\x65\
\x77\x42\x6f\x78\x3d\x22\x30\x20\x30\x20\x31\x36\x20\x31\x36\x22\
\x20\x78\x6d\x6c\x3a\x73\x70\x61\x63\x65\x3d\x22\x70\x72\x65\x73\
\x65\x72\x76\x65\x22\x20\x78\x6d\x6c\x6e\x73\x3d\x22\x68\x74\x74\
\x70\x3a\x2f\x2f\x77\x77\x77\x2e\x77\x33\x2e\x6f\x72\x67\x2f\x32\
\x30\x30\x30\x2f\x73\x76\x67\x22\x3e\x3c\x70\x61\x74\x68\x20\x64\
\x3d\x22\x6d\x31\x30\x2e\x32\x38\x36\x2d\x31\x2e\x30\x35\x35\x65\
\x2d\x36\x20\x2d\x36\x2e\x38\x35\x37\x31\x20\x36\x2e\x38\x35\x37\
\x31\x2d\x31\x2e\x31\x34\x32\x39\x2d\x31\x2e\x31\x34\x32\x39\x2d\
\x31\x2e\x31\x34\x32\x39\x20\x31\x2e\x31\x34\x32\x39\x20\x33\x2e\
\x34\x32\x38\x36\x20\x33\x2e\x34\x32\x38\x36\x2d\x34\x2e\x35\x37\
\x31\x34\x20\x34\x2e\x35\x37\x31\x34\x20\x31\x2e\x31\x34\x32\x39\
\x20\x31\x2e\x31\x34\x32\x39\x20\x34\x2e\x35\x37\x31\x34\x2d\x34\
\x2e\x35\x37\x31\x34\x20\x33\x2e\x34\x32\x38\x36\x20\x33\x2e\x34\
\x32\x38\x36\x20\x31\x2e\x31\x34\x32\x39\x2d\x31\x2e\x31\x34\x32\
\x39\x2d\x31\x2e\x31\x34\x32\x39\x2d\x31\x2e\x31\x34\x32\x39\x20\
\x36\x2e\x38\x35\x37\x31\x2d\x36\x2e\x38\x35\x37\x31\x2d\x34\x2e\
\x35\x37\x31\x34\x2d\x34\x2e\x35\x37\x31\x34\x7a\x6d\x30\x20\x32\
\x2e\x32\x38\x35\x37\x20\x32\x2e\x32\x38\x35\x37\x20\x32\x2e\x32\
\x38\x35\x37\x2d\x35\x2e\x37\x31\x34\x33\x20\x35\x2e\x37\x31\x34\
\x33\x2d\x32\x2e\x32\x38\x35\x37\x2d\x32\x2e\x32\x38\x35\x37\x7a\
\x22\x20\x66\x69\x6c\x6c\x3d\x22\x23\x30\x30\x30\x30\x30\x30\x22\
\x2f\x3e\x3c\x2f\x73\x76\x67\x3e\x0d\x0a\
\x00\x00\x07\x10\
\x00\
\x00\x17\x98\x78\x9c\xcd\x58\x5b\x6f\xe3\xb6\x12\x7e\x2f\xd0\xff\
\x20\x68\x5f\xba\xa8\xa9\x9b\x15\xc7\x96\xed\x14\x58\x6c\xf7\x9c\
\x1e\x74\x51\xa0\xed\xa2\xcf\xb4\x44\xcb\x3c\x91\x48\x95\xa4\x62\
\x27\xbf\xbe\x33\xa2\xee\x76\x7a\xba\x38\x2f\xc9\x6e\x10\xf1\x9b\
\x8f\xc3\x99\xe1\x70\x86\xd2\xee\x87\x4b\x59\x38\x4f\x4c\x69\x2e\
\xc5\xde\x0d\xbd\xc0\x75\x98\x48\x65\xc6\x45\xbe\x77\xbf\xfc\xfe\
\x89\xac\x5d\x47\x1b\x2a\x32\x5a\x48\xc1\xf6\xae\x90\xee\x0f\x0f\
\xdf\x7e\xb3\xd3\x4f\xf9\xb7\xdf\x38\x8e\x03\xd3\x85\x4e\xb2\x74\
\xef\x9e\x8c\xa9\x12\xdf\xaf\x6a\x55\x78\x52\xe5\x7e\x96\xfa\xac\
\x60\x25\x13\x46\xfb\xa1\x17\xfa\xee\x88\x9f\x0e\xfc\x54\x31\x6a\
\xf8\x13\x4b\x65\x59\x4a\xa1\x9b\xa9\x42\xbf\x1b\xb3\x55\x76\xec\
\xe9\xe7\xf3\xd9\x3b\x2f\x1b\x56\xb8\xd9\x6c\xfc\x20\xf2\xa3\x88\
\x00\x83\xe8\x67\x61\xe8\x85\xcc\xe6\x82\x9d\xb7\xe6\x46\x41\x10\
\xf8\x20\x1b\x51\xff\x21\x2d\xd1\x10\x9c\x0a\x7e\x7b\x7e\x07\x78\
\x5a\xd6\x2a\x65\x47\x98\xc8\x3c\xc1\x8c\xff\xf1\xf7\x8f\xbd\x90\
\x04\x5e\x66\xb2\xb1\x1e\x2e\x1e\x75\x4a\x2b\x36\x59\xb7\x03\x6d\
\x18\x68\xc9\x74\x45\x53\xa6\xfd\x0e\xb7\x0a\xce\x3c\x33\x27\xd8\
\xad\x55\x75\xb1\xc0\x89\xf1\xfc\x64\xc6\xc8\x13\x67\xe7\x0f\xf2\
\xb2\x77\x03\x27\x70\xc2\x15\xfc\xb7\x38\xcf\xf6\x2e\x38\x14\xb5\
\xac\x61\xe3\xc3\x56\xde\x2e\x94\x8c\x73\xc2\xf9\x2e\x0e\x96\x77\
\x34\x3e\x1e\xe2\xcd\xc2\x89\x82\x28\x20\xc1\x1d\x09\xc2\xf7\x76\
\x4e\xe7\x63\x92\xc9\x14\x6d\xde\xbb\x19\x33\x34\x3d\x91\x43\x6d\
\x8c\x14\x1e\x06\xf0\x01\x99\x3b\x6d\x9e\x0b\xd6\xcc\x69\x2d\xc1\
\x71\xe4\x3e\xec\xfc\xe6\xc9\x92\x32\x76\xd4\x23\x0e\x0e\x63\x3b\
\x1f\x84\x15\x35\x86\x29\xd1\xca\x1d\xe7\x19\x3c\x74\xfb\xd1\x65\
\x32\xea\xa2\xb2\x1a\xa0\x36\x72\x23\xa4\x55\xf8\x45\x70\x03\x29\
\x50\x6b\xa6\x7e\xc3\x90\xff\x22\xbe\x68\x36\xb0\xd0\x90\x1f\x3f\
\x7f\x3a\x1d\xa8\x66\xed\x0c\xd7\xf1\xdf\x9e\x51\x24\x7e\x9b\x66\
\x2d\xdf\xa6\x59\xeb\xb7\x69\x56\xf4\x36\xcd\xda\xbc\x4d\xb3\xe2\
\xb7\xba\x8d\x4b\x72\xff\x36\x0d\x5b\x93\xa0\x33\x6c\xe7\x63\x7d\
\x6d\xab\x73\x57\xc7\xb1\x88\x67\xd8\x41\x46\x65\x18\xe7\x77\x5a\
\x2b\x9a\x43\xbf\x2e\xa4\xda\xbb\xef\x8e\xcd\x4f\x27\x39\x48\x95\
\x31\xd5\xc9\x56\xcd\xcf\x54\x26\xc1\x46\x6e\x9e\xed\x5d\xa3\xd3\
\xdf\x35\x1d\x54\xdc\x13\x82\x57\x08\xfa\x44\x33\x79\xde\xbb\xd1\
\x95\xf4\x45\xca\x12\xf0\xc8\x5b\x45\xf7\x71\x78\x7f\x25\x4f\x21\
\xca\x2b\x2f\x5a\x86\xab\xf5\x7a\x73\x2d\x45\xa3\x22\xef\x7e\x19\
\x6f\x56\xeb\x2b\x29\xf4\xb6\x1a\x2f\x33\xa4\xb6\xf1\xee\x1a\xed\
\x58\x41\xad\x14\x32\x0a\xfa\xcc\xc0\xfd\xfc\x2e\x8a\x7a\x3d\xfa\
\x24\xcf\xb9\xc2\x40\x1a\x55\xf7\x81\x7c\x5d\xd7\x99\x0b\x70\x92\
\x74\x9d\x7e\x13\x5d\xc7\xa2\xa5\xf4\xbd\x3f\xb8\xe1\x71\xcb\xb9\
\xa0\x8a\xf0\x3a\x60\xad\x18\x1c\x27\xd7\x1e\xb7\xc2\x92\x5e\x78\
\xc9\x5f\x18\x98\x1e\x5e\x71\xb4\xa0\x15\x39\x1c\xf0\xa2\x31\xf6\
\xab\x97\xa3\x88\x40\xda\x9d\xf4\xdf\x11\x84\xcc\xd8\x6b\x84\x7e\
\x05\xc2\xb2\x9c\x91\x92\x67\x95\xe4\xc2\xfc\x6f\xfa\x3f\x62\xe6\
\x85\x3c\xd0\xe2\x15\x46\xbf\xe5\x4a\x1a\xb8\xa3\xe2\x65\x28\x98\
\xec\x67\xcd\x5f\xb7\xbb\x11\x8e\x43\xd3\xd5\x81\x81\x01\xe9\xd0\
\x1f\x53\xf3\x8c\x37\xc1\xcb\x33\x82\xd3\xc3\x8b\xc8\x72\xb9\x5c\
\x8d\x4a\x49\x7f\x50\x9b\x45\x86\x82\x20\x35\xb7\x66\xc6\x8b\x70\
\x54\x4d\xa4\xe2\xe0\x45\xeb\x41\xb8\x08\x66\xfa\x51\xc7\x7a\xbd\
\xfc\x1a\xfd\x61\xb0\x18\xb2\x69\xb6\x40\xb0\x20\xe1\xcd\x15\xee\
\xbe\x6a\x85\x68\xf1\xda\x02\xaf\x79\x70\xff\x55\xfa\xe3\x45\xfc\
\xb5\x0e\x6c\x86\xa2\x79\x5d\x2a\xad\x20\x9f\xa7\x41\x41\x0f\x0c\
\xf2\xeb\x67\x2c\x09\xce\xf5\xf9\xc9\x95\xac\xab\x12\xd2\x7f\xef\
\x36\x55\xa3\x27\x64\x2d\xd0\x4f\x31\x8a\x0a\x0d\xef\x16\x25\xa6\
\x13\x3c\x16\xd4\xb0\xef\xd0\xd4\x60\xb9\xf2\x96\xab\x28\x7a\xdf\
\x67\x58\x3e\x64\xd5\xad\x49\xab\x68\x0d\xd3\xe2\xc0\x8b\xe1\x05\
\x6a\xfd\x7e\xe6\x6a\x53\xb4\x1e\x3a\x0c\xbb\xd6\xa9\x27\x58\x0a\
\x42\xeb\xcd\xd2\x1d\xc1\xcd\xed\x7d\xef\x36\x75\x3f\x79\x97\x05\
\xf8\x6f\x7b\x94\x70\x74\x1a\x49\x22\xc0\x04\x5a\x58\xe4\x89\x2a\
\x4e\x85\x99\x60\xe7\xa6\x86\x4d\x20\x6d\x14\x33\xe9\x69\x8a\x41\
\x19\x4a\x20\xde\xbc\x2e\xb7\x05\x17\xac\xad\x7d\x13\xce\x91\x96\
\xbc\x78\x4e\x34\x78\x4b\xa0\x25\xf2\xe3\x64\x55\x52\xf0\x9c\x9a\
\x5a\x31\x7d\xcb\x26\xd2\xe5\xc7\x4d\x21\x6c\xd8\xed\x59\x02\xaa\
\x84\xe2\xe9\x4d\x19\x2d\xb0\xe3\x42\xd8\x6f\x4f\x65\x54\x03\x47\
\xc3\xf3\xd4\x09\xd6\x18\x09\x0e\x18\x03\x6f\xe2\x37\xe6\xa2\x95\
\x57\x62\xc3\x2e\x86\x40\xd5\x86\x5c\x4e\x02\x3b\xa2\xe0\xb0\x48\
\xe0\x0d\x5e\x19\x0b\x64\xd0\xb9\x15\x6d\x9d\x14\x6c\x0e\x12\x8c\
\xeb\x6d\x89\xdd\x4a\x2d\x0b\x9e\x5d\xc9\xa6\x3b\x5f\x30\xbc\x67\
\x10\x7c\x77\x05\xf3\x3a\xeb\xce\xd0\xff\xe7\x58\xa3\xa7\xcf\x52\
\xbb\xee\x59\x71\xf4\x8a\xe0\xb1\x48\x0a\x45\xcc\x61\x9b\x71\xc5\
\xd2\xc6\xe6\xc2\x28\x3b\x69\x74\x64\x93\x92\x5f\x58\xb6\xcd\x64\
\xc9\x05\x06\x15\xaf\x2a\x8d\x1b\xb4\x36\x72\xdb\x8d\x88\x3e\xf1\
\xa3\x49\xba\x61\x1b\x1e\x91\x9e\xc0\x70\x1b\x9f\xf3\x89\x1b\xd6\
\x58\xd8\x67\x2c\xdc\x35\x2a\x06\x0d\x2c\xc3\x0f\x22\x10\x53\x3b\
\x2e\xa9\xca\xb9\x80\x21\x17\x56\x33\xe6\x65\xb0\x4d\x0b\x5e\x11\
\x55\x37\xf9\x2e\x5e\xe0\xaa\x03\x76\xeb\x0a\x8e\x71\x62\x79\x5b\
\x09\x2f\xd5\xc7\x42\x9e\x93\x27\xae\xf9\xa1\x60\xdb\xe6\x2f\x2f\
\xe0\xba\xd3\x43\xed\xf5\x27\x09\xb7\x1c\x42\x6d\xfd\x6b\xfc\x00\
\x27\x09\x10\x44\x66\x03\xd3\x1a\xd8\x04\x1e\xf6\x1c\xe2\x5d\x75\
\x74\xfd\xeb\xbf\x3e\xdc\x12\x90\x23\xc7\x6c\xd4\x09\x1a\x43\x15\
\xb2\x9a\xdd\x9c\xed\x9e\xc5\x06\x3b\x9e\x20\xf4\xa0\x8a\x1d\x8f\
\xf0\x60\xb7\x08\x14\x15\xc3\x39\x87\xc1\x88\xde\x0c\x27\x51\x80\
\xa3\x2c\x1f\xdb\xa4\xb2\xcf\xf6\x5e\x03\xe4\x76\x88\x06\xc1\xf1\
\x4a\xf4\x9f\x35\x55\x6c\x8c\xfe\x17\x5a\x38\xec\x2f\x98\xdd\xa1\
\xcd\xa0\x80\x2b\x89\x49\x36\x5e\xd4\xa1\x19\x85\xad\x51\x0a\x62\
\x3d\x5e\x06\x51\x79\x3c\xc2\x39\xc1\xbd\xb3\xd8\x60\x69\x45\x21\
\x3c\xa4\xb9\x95\x26\x56\xe8\xa0\xf1\x0e\x6c\xef\x23\x84\xa9\x0d\
\x21\x5c\xe9\x80\x80\xdb\xdf\x6c\x03\x2f\xe1\x0a\x3a\x07\x6d\x5a\
\xcc\xc0\x26\xc1\x66\x18\x13\x14\xf6\x10\x32\x34\x7d\xc4\xd2\x2f\
\xb2\x84\xa6\x70\xc9\xa8\xb1\x30\x83\x81\xb2\x9a\xef\x05\x42\xbd\
\xc5\xe3\x92\x0b\x85\xb8\x74\x08\xd4\xfd\x45\x18\xde\x6f\xbc\x35\
\x3c\x39\x4f\x4e\xe0\xdd\x39\x21\xfe\x3a\x27\x87\x8c\x81\x18\x80\
\x15\x8c\xc9\x12\x1e\x50\x40\x62\x24\xbc\x38\xa5\x13\x2e\x22\xc0\
\x62\xc0\x50\x46\x42\x14\x22\x02\x54\x14\x93\x68\xb1\x1c\xcb\x63\
\xe7\x65\xd4\x68\xfd\xbc\xed\x88\xed\xdf\x92\x19\x9a\x51\x43\x47\
\x7d\xac\x83\xe0\xc6\xd0\xcd\x52\xd9\x31\xf9\xf5\xe3\xa7\xa1\xcd\
\x20\xf0\x91\xe9\x54\xf1\x0a\x33\x75\xe4\x27\x3d\xc8\xda\xd8\x6f\
\x64\x3a\xf1\x7d\x9e\x4a\xa1\x53\x80\xbc\x54\x96\x7e\xc1\x72\x5a\
\xbc\x2b\x78\xca\x84\x66\x7a\x12\x9e\x34\x31\xdc\x60\x53\xfa\xcc\
\x44\xbd\x70\x3e\x50\xb5\x70\x7e\x86\x84\xd2\x0b\xe7\x97\x66\x0d\
\x1c\x6a\xb3\x70\xfe\x4d\xcb\x43\xad\x72\x06\xf2\x3f\xd8\x61\xa6\
\x23\x1b\x6c\xfa\x3f\x35\x55\xf5\xa1\xe0\xfa\x84\x2f\x06\x3f\x75\
\x3e\xcc\x17\x83\x24\x80\xd7\x97\x20\x5c\x91\x30\x82\x0e\x3d\x13\
\x63\x85\xa4\x10\x8a\x26\x03\xf1\xab\xe4\xf7\x97\xb2\x98\x71\x0a\
\x2a\xf2\x1a\xc4\x7b\x97\x89\xa1\x8b\xe3\x47\xb5\x34\x69\xbe\xb4\
\x4a\x35\x42\xdb\xc0\x7f\xa0\xf9\x04\x6c\xe1\x82\x3f\xfc\x87\x95\
\x5c\x3b\x9f\xa1\x89\xec\xfc\x16\x9a\xcc\xf6\xaf\xa7\xc3\x0b\xe5\
\xf5\x52\x96\x38\xda\xe0\x41\x92\xa6\xc9\x1f\x52\x3d\x8e\xd4\x22\
\xb5\xdd\xf5\xb9\x0b\x36\x04\x0f\x93\x08\x34\x0b\xb6\x82\x29\x1b\
\xef\xd4\x13\xbf\x50\x33\xb4\xfe\xe6\x33\xed\xcd\x0f\xd6\x59\x0a\
\x65\x05\x66\xf9\xbf\x19\x28\x04\x3f\xe1\x32\x43\xae\xf7\x6a\x31\
\xaf\x46\xe8\xce\x6f\x7d\xe8\xcf\xc4\x38\xbd\x77\x7e\x97\xff\x7f\
\xf7\x09\xb4\xfb\x40\xb6\x43\xaf\xe0\xef\x5f\xb0\x41\xf7\xe9\
\x00\x00\x07\x0f\
\x00\
\x00\x17\x98\x78\x9c\xcd\x58\x5b\x6f\xe3\xb6\x12\x7e\x2f\xd0\xff\
\x20\x68\x5f\xba\xa8\xa9\x9b\x15\xc7\x96\xed\x14\x58\x6c\xf7\x9c\
\x1e\x74\x51\xa0\xed\xa2\xcf\xb4\x44\xcb\x3c\x91\x48\x95\xa4\x62\
\x27\xbf\xbe\x33\xd4\x5d\x76\x7a\xba\x38\x2f\x09\x12\x44\xfc\xe6\
\xe3\x70\x66\x38\x9c\xa1\xb4\xfb\xe1\x52\x16\xce\x13\x53\x9a\x4b\
\xb1\x77\x43\x2f\x70\x1d\x26\x52\x99\x71\x91\xef\xdd\x2f\xbf\x7f\
\x22\x6b\xd7\xd1\x86\x8a\x8c\x16\x52\xb0\xbd\x2b\xa4\xfb\xc3\xc3\
\xb7\xdf\xec\xf4\x53\xfe\xed\x37\x8e\xe3\xc0\x74\xa1\x93\x2c\xdd\
\xbb\x27\x63\xaa\xc4\xf7\xab\x5a\x15\x9e\x54\xb9\x9f\xa5\x3e\x2b\
\x58\xc9\x84\xd1\x7e\xe8\x85\xbe\x3b\xe2\xa7\x03\x3f\x55\x8c\x1a\
\xfe\xc4\x52\x59\x96\x52\x68\x3b\x55\xe8\x77\x63\xb6\xca\x8e\x3d\
\xfd\x7c\x3e\x7b\xe7\xa5\x65\x85\x9b\xcd\xc6\x0f\x22\x3f\x8a\x08\
\x30\x88\x7e\x16\x86\x5e\xc8\x6c\x2e\xd8\x79\x6b\x6e\x14\x04\x81\
\x0f\xb2\x11\xf5\x1f\xd2\x12\x0d\xc1\xa9\xe0\xaf\xe7\x77\x80\xa7\
\x65\xad\x52\x76\x84\x89\xcc\x13\xcc\xf8\x1f\x7f\xff\xd8\x0b\x49\
\xe0\x65\x26\x1b\xeb\xe1\xe2\x51\xa7\xb4\x62\x93\x75\x3b\xb0\x09\
\x03\x2d\x99\xae\x68\xca\xb4\xdf\xe1\x8d\x82\x33\xcf\xcc\x09\x76\
\x6b\x55\x5d\x1a\xe0\xc4\x78\x7e\x32\x63\xe4\x89\xb3\xf3\x07\x79\
\xd9\xbb\x81\x13\x38\xe1\x0a\x7e\x1b\x9c\x67\x7b\x17\x1c\x8a\x5a\
\xd6\xb0\xf1\x61\x2b\x6f\x17\x4a\xc6\x39\xe1\x7c\x17\x07\xcb\x3b\
\x1a\x1f\x0f\xf1\x66\xe1\x44\x41\x14\x90\xe0\x8e\x04\xe1\xfb\x66\
\x4e\xe7\x63\x92\xc9\x14\x6d\xde\xbb\x19\x33\x34\x3d\x91\x43\x6d\
\x8c\x14\x1e\x06\xf0\x01\x99\x3b\x6d\x9e\x0b\x66\xe7\xb4\x96\xe0\
\x38\x72\x1f\x76\xbe\x7d\x6a\x48\x19\x3b\xea\x11\x07\x87\x71\x33\
\x1f\x84\x15\x35\x86\x29\xd1\xca\x1d\xe7\x19\x3c\x74\xfb\xd1\x65\
\x32\xea\xa2\xb2\x1a\xa0\x36\x72\x23\xa4\x55\xf8\x45\x70\x03\x29\
\x50\x6b\xa6\x7e\xc3\x90\xff\x22\xbe\x68\x36\xb0\xd0\x90\x1f\x3f\
\x7f\x3a\x1d\xa8\x66\xed\x0c\xd7\xf1\xdf\x9e\x51\x24\x7e\x9b\x66\
\x2d\xdf\xa6\x59\xeb\xb7\x69\x56\xf4\x36\xcd\xda\xbc\x4d\xb3\xe2\
\xb7\xba\x8d\x4b\x72\xff\x36\x0d\x5b\x93\xa0\x33\x6c\xe7\x63\x7d\
\x6d\xab\x73\x57\xc7\xb1\x88\x67\xd8\x41\x46\x65\x18\xe7\x77\x5a\
\x2b\x9a\x43\xbf\x2e\xa4\xda\xbb\xef\x8e\xf6\xa7\x93\x1c\xa4\xca\
\x98\xea\x64\x2b\xfb\x33\x95\x49\xb0\x91\x9b\xe7\xe6\xae\xd1\xe9\
\xef\x9a\x0e\x2a\xee\x09\xc1\x2b\x04\x7d\xa2\x99\x3c\xef\xdd\xe8\
\x4a\xfa\x22\x65\x09\x78\xe4\xad\xa2\xfb\x38\xbc\xbf\x92\xa7\x10\
\xe5\x95\x17\x2d\xc3\xd5\x7a\xbd\xb9\x96\xa2\x51\x91\x77\xbf\x8c\
\x37\xab\xf5\x95\x14\x7a\x5b\x8d\x97\x19\x52\x37\xf1\xee\x1a\xed\
\x58\x41\xad\x14\x32\x0a\xfa\xcc\xc0\xfd\xfc\x2e\x8a\x7a\x3d\xfa\
\x24\xcf\xb9\xc2\x40\x1a\x55\xf7\x81\x7c\x5d\xd7\x99\x0b\x70\x92\
\x74\x9d\x7e\x13\x5d\xc7\xa2\xa5\xf4\xbd\x3f\xb8\xe1\x71\xcb\xb9\
\xa0\x8a\xf0\x3a\x60\xad\x18\x1c\x27\xd7\x1e\xb7\xc2\x92\x5e\x78\
\xc9\x5f\x18\x98\x1e\x5e\x71\xb4\xa0\x15\x39\x1c\xf0\xa2\x31\xf6\
\xab\x97\xa3\x88\x40\xda\x9d\xf4\xdf\x11\x84\xcc\xd8\x6b\x84\x7e\
\x05\xc2\xb2\x9c\x91\x92\x67\x95\xe4\xc2\xfc\x6f\xfa\x3f\x62\xe6\
\x85\x3c\xd0\xe2\x15\x46\xbf\xe5\x4a\x1a\xb8\xa3\xe2\x65\x28\x98\
\xec\x67\xcd\x5f\xb7\xdb\x0a\xc7\xa1\xe9\xea\xc0\xc0\x80\x74\xe8\
\x8f\xa9\x79\xc6\x9b\xe0\xe5\x19\xc1\xe9\xe1\x45\x64\xb9\x5c\xae\
\x46\xa5\xa4\x3f\xa8\x76\x91\xa1\x20\x48\xcd\x1b\x33\xe3\x45\x38\
\xaa\x26\x52\x71\xf0\xa2\xf5\x20\x5c\x04\x33\xfd\xa8\x63\xbd\x5e\
\x7e\x8d\xfe\x30\x58\x0c\xd9\x34\x5b\x20\x58\x90\xf0\xe6\x0a\x77\
\x5f\xb5\x42\xb4\x78\x6d\x81\xd7\x3c\xb8\xff\x2a\xfd\xf1\x22\xfe\
\x5a\x07\x36\x43\xd1\xbc\x2e\x95\x8d\x20\x9f\xa7\x41\x41\x0f\x0c\
\xf2\xeb\x67\x2c\x09\xce\xf5\xf9\xc9\x95\xac\xab\x12\xd2\x7f\xef\
\xda\xaa\xd1\x13\xb2\x16\xe8\xa7\x18\x45\x85\x86\x77\x8b\x12\xd3\
\x09\x1e\x0b\x6a\xd8\x77\x68\x6a\xb0\x5c\x79\xcb\x55\x14\xbd\xef\
\x33\x2c\x1f\xb2\xea\xd6\xa4\x55\xb4\x86\x69\x71\xe0\xc5\xf0\x02\
\xb5\x7e\x3f\x73\xd5\x16\xad\x87\x0e\xc3\xae\x75\xea\x09\x0d\x05\
\xa1\xf5\x66\xe9\x8e\x60\x7b\x7b\xdf\xbb\xb6\xee\x27\xef\x02\xfb\
\xb3\x3d\x4a\x38\x3a\x56\x92\x08\x30\x81\x16\x0d\xf2\x44\x15\xa7\
\xc2\x4c\xb0\xb3\xad\x61\x13\x48\x1b\xc5\x4c\x7a\x9a\x62\x50\x86\
\x12\x88\x37\xaf\xcb\x6d\xc1\x05\x6b\x6b\xdf\x84\x73\xa4\x25\x2f\
\x9e\x13\x0d\xde\x12\x68\x89\xfc\x38\x59\x95\x14\x3c\xa7\xa6\x56\
\x4c\xdf\xb2\x89\x74\xf9\x71\x53\x08\x1b\x76\x7b\x96\x80\x2a\xa1\
\x78\x7a\x53\x46\x0b\xec\xb8\x10\xf6\xdb\x53\x19\xd5\xc0\xd1\xf0\
\x3c\x75\x82\x59\x23\xc1\x01\x63\xe0\x4d\xfc\xc6\x5c\xb4\xf2\x4a\
\x6c\xd8\xc5\x10\xa8\xda\x90\xcb\x49\xd0\x8c\x28\x38\x2c\x12\x78\
\x83\x57\xa6\x01\x32\xe8\xdc\x8a\xb6\x4e\x0a\x36\x07\x09\xc6\xf5\
\xb6\xa4\xd9\x4a\x2d\x0b\x9e\x5d\xc9\xa6\x3b\x5f\x30\xbc\x67\x10\
\x7c\x77\x05\xf3\x3a\xeb\xce\xd0\xff\xe7\x98\xd5\xd3\x67\x69\xb3\
\xee\x59\x71\xf4\x8a\xe0\xb1\x48\x0a\x45\xcc\x61\x9b\x71\xc5\x52\
\x6b\x73\x61\x54\x33\x69\x74\x64\x93\x92\x5f\x58\xb6\xcd\x64\xc9\
\x05\x06\x15\xaf\x2a\xd6\x0d\x5a\x1b\xb9\xed\x46\x44\x9f\xf8\xd1\
\x24\xdd\xb0\x0d\x8f\x48\x4f\x60\x78\x13\x9f\xf3\x89\x1b\x66\x2d\
\xec\x33\x16\xee\x1a\x15\x83\x06\x96\xe1\x07\x11\x88\x69\x33\x2e\
\xa9\xca\xb9\x80\x21\x17\x8d\x66\xcc\xcb\x60\x9b\x16\xbc\x22\xaa\
\xb6\xf9\x2e\x5e\xe0\xaa\x03\x76\xeb\x0a\x8e\x71\xd2\xf0\xb6\x12\
\x5e\xaa\x8f\x85\x3c\x27\x4f\x5c\xf3\x43\xc1\xb6\xf6\x3f\x2f\xe0\
\xba\xd3\x43\xed\xf5\x27\x09\xb7\x1c\x42\xdd\xf8\x67\xfd\x00\x27\
\x09\x10\x44\xd6\x04\xa6\x35\xd0\x06\x1e\xf6\x1c\xe2\x5d\x75\x74\
\xfd\xeb\xbf\x3e\xdc\x12\x90\x23\xc7\x6c\xd4\x09\x1a\x43\x15\xb2\
\xec\x6e\xce\x76\xaf\xc1\x06\x3b\x9e\x20\xf4\xa0\x8a\x1d\x8f\xf0\
\xd0\x6c\x11\x28\x2a\x86\x73\x0e\x83\x11\xdd\x0e\x27\x51\x80\xa3\
\x2c\x1f\xdb\xa4\x6a\x9e\x9b\x7b\x0d\x90\xdb\x21\x1a\x04\xc7\x2b\
\xd1\x7f\xd6\x54\xb1\x31\xfa\x5f\x68\xe1\xb0\xbf\x60\x76\x87\xda\
\x41\x01\x57\x12\x93\x6c\xbc\xa8\x43\x33\x0a\x5b\xa3\x14\xc4\x7a\
\xbc\x0c\xa2\xf2\x78\x84\x73\x82\x7b\xd7\x60\x83\xa5\x15\x85\xf0\
\x10\x7b\x2b\x4d\x1a\xa1\x83\xc6\x3b\xb0\xbd\x8f\x10\xa6\x36\x84\
\x70\xa5\x03\x02\x6e\xbf\xdd\x06\x5e\xc2\x15\x74\x0e\x36\x69\x31\
\x03\x6d\x82\xcd\x30\x26\x28\xec\x21\x64\x68\xfa\x88\xa5\x5f\x64\
\x09\x4d\xe1\x92\x51\x63\x61\x06\x03\x65\x35\xdf\x0b\x84\x7a\x8b\
\xc7\x25\x17\x0a\x71\xe9\x10\xa8\xfb\x8b\x30\xbc\xdf\x78\x6b\x78\
\x72\x9e\x9c\xc0\xbb\x73\x42\xfc\x73\x4e\x0e\x19\x03\x31\x00\x2b\
\x18\x93\x25\x3c\xa0\x80\xc4\x48\x78\x71\x4a\x27\x5c\x44\x80\xc5\
\x80\xa1\x8c\x84\x28\x44\x04\xa8\x28\x26\xd1\x62\x39\x96\xc7\xce\
\xcb\xa8\xd1\xfa\x79\xdb\x11\xdb\xff\x25\x33\x34\xa3\x86\x8e\xfa\
\x58\x07\xc1\x8d\xa1\x9b\xa5\xb2\x63\xf2\xeb\xc7\x4f\x43\x9b\x41\
\xe0\x23\xd3\xa9\xe2\x15\x66\xea\xc8\x4f\x7a\x90\xb5\x69\xbe\x91\
\xe9\xc4\xf7\x79\x2a\x85\x4e\x01\xf2\x52\x59\xfa\x05\xcb\x69\xf1\
\xae\xe0\x29\x13\x9a\xe9\x49\x78\xd2\xc4\x70\x83\x4d\xe9\x33\x13\
\xf5\xc2\xf9\x40\xd5\xc2\xf9\x19\x12\x4a\x2f\x9c\x5f\xec\x1a\x38\
\xd4\x66\xe1\xfc\x9b\x96\x87\x5a\xe5\x0c\xe4\x7f\xb0\xc3\x4c\x47\
\x36\xd8\xf4\x7f\x6a\xaa\xea\x43\xc1\xf5\x09\x5f\x0c\x7e\xea\x7c\
\x98\x2f\x06\x49\x00\xaf\x2f\x41\xb8\x22\x61\x04\x1d\x7a\x26\xc6\
\x0a\x49\x21\x14\x36\x03\xf1\xab\xe4\xf7\x97\xb2\x98\x71\x0a\x2a\
\xf2\x1a\xc4\x7b\x97\x89\xa1\x8b\xe3\x47\xb5\x34\xb1\x5f\x5a\xa5\
\x1a\xa1\x6d\xe0\x3f\xd0\x7c\x02\xb6\x70\xc1\x1f\xfe\xc3\x4a\xae\
\x9d\xcf\xd0\x44\x76\x7e\x0b\x4d\x66\xfb\xd7\xd3\xe1\x85\xf2\x7a\
\xa9\x86\x38\xda\xe0\x41\x92\xa6\xc9\x1f\x52\x3d\x8e\xd4\x22\xb5\
\xdd\xf5\xb9\x0b\x4d\x08\x1e\x26\x11\xb0\x0b\xb6\x82\x29\x1b\xef\
\xd4\x13\xbf\x50\x33\xb4\x7e\xfb\x99\xf6\xe6\x07\xeb\x2c\x85\xb2\
\x02\xb3\xfc\xdf\x0c\x14\x82\x9f\x70\x99\x21\xd7\x7b\xb5\x98\x57\
\x23\x74\xe7\xb7\x3e\xf4\x67\x62\x9c\xde\x3b\xbf\xcb\xff\xbf\xfb\
\x04\xda\x7d\x20\xdb\xa1\x57\xf0\xff\x2f\x8c\x60\xf4\xdd\
\x00\x00\x00\xfb\
\x3c\
\x3f\x78\x6d\x6c\x20\x76\x65\x72\x73\x69\x6f\x6e\x3d\x22\x31\x2e\
\x30\x22\x20\x65\x6e\x63\x6f\x64\x69\x6e\x67\x3d\x22\x55\x54\x46\
\x2d\x38\x22\x3f\x3e\x0d\x0a\x3c\x73\x76\x67\x20\x77\x69\x64\x74\
\x68\x3d\x22\x31\x36\x22\x20\x68\x65\x69\x67\x68\x74\x3d\x22\x31\
\x36\x22\x20\x65\x6e\x61\x62\x6c\x65\x2d\x62\x61\x63\x6b\x67\x72\
\x6f\x75\x6e\x64\x3d\x22\x6e\x65\x77\x20\x30\x20\x30\x20\x31\x32\
\x32\x2e\x38\x37\x39\x20\x31\x32\x32\x2e\x38\x36\x37\x22\x20\x76\
\x65\x72\x73\x69\x6f\x6e\x3d\x22\x31\x2e\x31\x22\x20\x76\x69\x65\
\x77\x42\x6f\x78\x3d\x22\x30\x20\x30\x20\x31\x36\x20\x31\x36\x22\
\x20\x78\x6d\x6c\x3a\x73\x70\x61\x63\x65\x3d\x22\x70\x72\x65\x73\
\x65\x72\x76\x65\x22\x20\x78\x6d\x6c\x6e\x73\x3d\x22\x68\x74\x74\
\x70\x3a\x2f\x2f\x77\x77\x77\x2e\x77\x33\x2e\x6f\x72\x67\x2f\x32\
\x30\x30\x30\x2f\x73\x76\x67\x22\x3e\x3c\x72\x65\x63\x74\x20\x78\
\x3d\x22\x34\x22\x20\x79\x3d\x22\x31\x30\x22\x20\x77\x69\x64\x74\
\x68\x3d\x22\x37\x22\x20\x68\x65\x69\x67\x68\x74\x3d\x22\x32\x22\
\x2f\x3e\x3c\x2f\x73\x76\x67\x3e\x0d\x0a\
\x00\x00\x01\x3b\
\x3c\
\x3f\x78\x6d\x6c\x20\x76\x65\x72\x73\x69\x6f\x6e\x3d\x22\x31\x2e\
\x30\x22\x20\x65\x6e\x63\x6f\x64\x69\x6e\x67\x3d\x22\x55\x54\x46\
\x2d\x38\x22\x3f\x3e\x0d\x0a\x3c\x73\x76\x67\x20\x77\x69\x64\x74\
\x68\x3d\x22\x31\x36\x22\x20\x68\x65\x69\x67\x68\x74\x3d\x22\x31\
\x36\x22\x20\x65\x6e\x61\x62\x6c\x65\x2d\x62\x61\x63\x6b\x67\x72\
\x6f\x75\x6e\x64\x3d\x22\x6e\x65\x77\x20\x30\x20\x30\x20\x31\x32\
\x32\x2e\x38\x37\x39\x20\x31\x32\x32\x2e\x38\x36\x37\x22\x20\x76\
\x65\x72\x73\x69\x6f\x6e\x3d\x22\x31\x2e\x31\x22\x20\x76\x69\x65\
\x77\x42\x6f\x78\x3d\x22\x30\x20\x30\x20\x31\x36\x20\x31\x36\x22\
\x20\x78\x6d\x6c\x3a\x73\x70\x61\x63\x65\x3d\x22\x70\x72\x65\x73\
\x65\x72\x76\x65\x22\x20\x78\x6d\x6c\x6e\x73\x3d\x22\x68\x74\x74\
\x70\x3a\x2f\x2f\x77\x77\x77\x2e\x77\x33\x2e\x6f\x72\x67\x2f\x32\
\x30\x30\x30\x2f\x73\x76\x67\x22\x3e\x3c\x70\x61\x74\x68\x20\x64\
\x3d\x22\x6d\x36\x20\x33\x76\x36\x68\x2d\x31\x76\x31\x68\x33\x76\
\x34\x68\x31\x76\x2d\x34\x68\x33\x76\x2d\x31\x68\x2d\x31\x76\x2d\
\x36\x68\x2d\x34\x7a\x6d\x31\x20\x31\x68\x32\x76\x35\x68\x2d\x32\
\x7a\x22\x20\x63\x6f\x6c\x6f\x72\x3d\x22\x23\x30\x30\x30\x30\x30\
\x30\x22\x20\x73\x74\x79\x6c\x65\x3d\x22\x2d\x69\x6e\x6b\x73\x63\
\x61\x70\x65\x2d\x73\x74\x72\x6f\x6b\x65\x3a\x6e\x6f\x6e\x65\x22\
\x2f\x3e\x3c\x2f\x73\x76\x67\x3e\x0d\x0a\
\x00\x00\x00\xd3\
\x3c\
\x3f\x78\x6d\x6c\x20\x76\x65\x72\x73\x69\x6f\x6e\x3d\x22\x31\x2e\
\x30\x22\x20\x65\x6e\x63\x6f\x64\x69\x6e\x67\x3d\x22\x55\x54\x46\
\x2d\x38\x22\x3f\x3e\x0d\x0a\x3c\x73\x76\x67\x20\x77\x69\x64\x74\
\x68\x3d\x22\x31\x36\x22\x20\x68\x65\x69\x67\x68\x74\x3d\x22\x31\
\x36\x22\x20\x76\x69\x65\x77\x42\x6f\x78\x3d\x22\x30\x20\x30\x20\
\x31\x36\x20\x31\x36\x22\x20\x78\x6d\x6c\x6e\x73\x3d\x22\x68\x74\
\x74\x70\x3a\x2f\x2f\x77\x77\x77\x2e\x77\x33\x2e\x6f\x72\x67\x2f\
\x32\x30\x30\x30\x2f\x73\x76\x67\x22\x3e\x0d\x0a\x20\x20\x20\x20\
\x3c\x70\x61\x74\x68\x20\x64\x3d\x22\x6d\x36\x20\x33\x76\x36\x68\
\x2d\x31\x76\x31\x68\x33\x76\x34\x68\x31\x76\x2d\x34\x68\x33\x76\
\x2d\x31\x68\x2d\x31\x76\x2d\x36\x68\x2d\x34\x7a\x6d\x31\x20\x31\
\x68\x32\x76\x35\x68\x2d\x32\x7a\x22\x20\x66\x69\x6c\x6c\x3d\x22\
\x23\x64\x30\x64\x30\x64\x30\x22\x2f\x3e\x0d\x0a\x3c\x2f\x73\x76\
\x67\x3e\
\x00\x00\x0f\x4e\
\x3c\
\x3f\x78\x6d\x6c\x20\x76\x65\x72\x73\x69\x6f\x6e\x3d\x22\x31\x2e\
\x30\x22\x20\x65\x6e\x63\x6f\x64\x69\x6e\x67\x3d\x22\x55\x54\x46\
\x2d\x38\x22\x20\x73\x74\x61\x6e\x64\x61\x6c\x6f\x6e\x65\x3d\x22\
\x6e\x6f\x22\x3f\x3e\x0d\x0a\x3c\x73\x76\x67\x0d\x0a\x20\x20\x20\
\x78\x6d\x6c\x6e\x73\x3a\x64\x63\x3d\x22\x68\x74\x74\x70\x3a\x2f\
\x2f\x70\x75\x72\x6c\x2e\x6f\x72\x67\x2f\x64\x63\x2f\x65\x6c\x65\
\x6d\x65\x6e\x74\x73\x2f\x31\x2e\x31\x2f\x22\x0d\x0a\x20\x20\x20\
\x78\x6d\x6c\x6e\x73\x3a\x63\x63\x3d\x22\x68\x74\x74\x70\x3a\x2f\
\x2f\x63\x72\x65\x61\x74\x69\x76\x65\x63\x6f\x6d\x6d\x6f\x6e\x73\
\x2e\x6f\x72\x67\x2f\x6e\x73\x23\x22\x0d\x0a\x20\x20\x20\x78\x6d\
\x6c\x6e\x73\x3a\x72\x64\x66\x3d\x22\x68\x74\x74\x70\x3a\x2f\x2f\
\x77\x77\x77\x2e\x77\x33\x2e\x6f\x72\x67\x2f\x31\x39\x39\x39\x2f\
\x30\x32\x2f\x32\x32\x2d\x72\x64\x66\x2d\x73\x79\x6e\x74\x61\x78\
\x2d\x6e\x73\x23\x22\x0d\x0a\x20\x20\x20\x78\x6d\x6c\x6e\x73\x3a\
\x73\x76\x67\x3d\x22\x68\x74\x74\x70\x3a\x2f\x2f\x77\x77\x77\x2e\
\x77\x33\x2e\x6f\x72\x67\x2f\x32\x30\x30\x30\x2f\x73\x76\x67\x22\
\x0d\x0a\x20\x20\x20\x78\x6d\x6c\x6e\x73\x3d\x22\x68\x74\x74\x70\
\x3a\x2f\x2f\x77\x77\x77\x2e\x77\x33\x2e\x6f\x72\x67\x2f\x32\x30\
\x30\x30\x2f\x73\x76\x67\x22\x0d\x0a\x20\x20\x20\x78\x6d\x6c\x6e\
\x73\x3a\x73\x6f\x64\x69\x70\x6f\x64\x69\x3d\x22\x68\x74\x74\x70\
\x3a\x2f\x2f\x73\x6f\x64\x69\x70\x6f\x64\x69\x2e\x73\x6f\x75\x72\
\x63\x65\x66\x6f\x72\x67\x65\x2e\x6e\x65\x74\x2f\x44\x54\x44\x2f\
\x73\x6f\x64\x69\x70\x6f\x64\x69\x2d\x30\x2e\x64\x74\x64\x22\x0d\
\x0a\x20\x20\x20\x78\x6d\x6c\x6e\x73\x3a\x69\x6e\x6b\x73\x63\x61\
\x70\x65\x3d\x22\x68\x74\x74\x70\x3a\x2f\x2f\x77\x77\x77\x2e\x69\
\x6e\x6b\x73\x63\x61\x70\x65\x2e\x6f\x72\x67\x2f\x6e\x61\x6d\x65\
\x73\x70\x61\x63\x65\x73\x2f\x69\x6e\x6b\x73\x63\x61\x70\x65\x22\
\x0d\x0a\x20\x20\x20\x73\x6f\x64\x69\x70\x6f\x64\x69\x3a\x64\x6f\
\x63\x6e\x61\x6d\x65\x3d\x22\x74\x61\x62\x73\x2d\x6d\x65\x6e\x75\
\x2d\x62\x75\x74\x74\x6f\x6e\x2e\x73\x76\x67\x22\x0d\x0a\x20\x20\
\x20\x69\x6e\x6b\x73\x63\x61\x70\x65\x3a\x76\x65\x72\x73\x69\x6f\
\x6e\x3d\x22\x31\x2e\x30\x20\x28\x34\x30\x33\x35\x61\x34\x66\x62\
\x34\x39\x2c\x20\x32\x30\x32\x30\x2d\x30\x35\x2d\x30\x31\x29\x22\
\x0d\x0a\x20\x20\x20\x76\x65\x72\x73\x69\x6f\x6e\x3d\x22\x31\x2e\
\x31\x22\x0d\x0a\x20\x20\x20\x69\x64\x3d\x22\x73\x76\x67\x32\x22\
\x0d\x0a\x20\x20\x20\x76\x69\x65\x77\x42\x6f\x78\x3d\x22\x30\x20\
\x30\x20\x31\x36\x20\x31\x36\x22\x0d\x0a\x20\x20\x20\x68\x65\x69\
\x67\x68\x74\x3d\x22\x31\x36\x70\x78\x22\x0d\x0a\x20\x20\x20\x77\
\x69\x64\x74\x68\x3d\x22\x31\x36\x70\x78\x22\x3e\x0d\x0a\x20\x20\
\x3c\x73\x74\x79\x6c\x65\x0d\x0a\x20\x20\x20\x20\x20\x69\x64\x3d\
\x22\x73\x74\x79\x6c\x65\x32\x22\x3e\x3c\x2f\x73\x74\x79\x6c\x65\
\x3e\x0d\x0a\x20\x20\x3c\x64\x65\x66\x73\x0d\x0a\x20\x20\x20\x20\
\x20\x69\x64\x3d\x22\x64\x65\x66\x73\x34\x22\x3e\x0d\x0a\x20\x20\
\x20\x20\x3c\x70\x61\x74\x74\x65\x72\x6e\x0d\x0a\x20\x20\x20\x20\
\x20\x20\x20\x69\x64\x3d\x22\x45\x4d\x46\x68\x62\x61\x73\x65\x70\
\x61\x74\x74\x65\x72\x6e\x22\x0d\x0a\x20\x20\x20\x20\x20\x20\x20\
\x70\x61\x74\x74\x65\x72\x6e\x55\x6e\x69\x74\x73\x3d\x22\x75\x73\
\x65\x72\x53\x70\x61\x63\x65\x4f\x6e\x55\x73\x65\x22\x0d\x0a\x20\
\x20\x20\x20\x20\x20\x20\x77\x69\x64\x74\x68\x3d\x22\x36\x22\x0d\
\x0a\x20\x20\x20\x20\x20\x20\x20\x68\x65\x69\x67\x68\x74\x3d\x22\
\x36\x22\x0d\x0a\x20\x20\x20\x20\x20\x20\x20\x78\x3d\x22\x30\x22\
\x0d\x0a\x20\x20\x20\x20\x20\x20\x20\x79\x3d\x22\x30\x22\x20\x2f\
\x3e\x0d\x0a\x20\x20\x20\x20\x3c\x70\x61\x74\x74\x65\x72\x6e\x0d\
\x0a\x20\x20\x20\x20\x20\x20\x20\x69\x64\x3d\x22\x45\x4d\x46\x68\
\x62\x61\x73\x65\x70\x61\x74\x74\x65\x72\x6e\x2d\x34\x22\x0d\x0a\
\x20\x20\x20\x20\x20\x20\x20\x70\x61\x74\x74\x65\x72\x6e\x55\x6e\
\x69\x74\x73\x3d\x22\x75\x73\x65\x72\x53\x70\x61\x63\x65\x4f\x6e\
\x55\x73\x65\x22\x0d\x0a\x20\x20\x20\x20\x20\x20\x20\x77\x69\x64\
\x74\x68\x3d\x22\x36\x22\x0d\x0a\x20\x20\x20\x20\x20\x20\x20\x68\
\x65\x69\x67\x68\x74\x3d\x22\x36\x22\x0d\x0a\x20\x20\x20\x20\x20\
\x20\x20\x78\x3d\x22\x30\x22\x0d\x0a\x20\x20\x20\x20\x20\x20\x20\
\x79\x3d\x22\x30\x22\x20\x2f\x3e\x0d\x0a\x20\x20\x20\x20\x3c\x70\
\x61\x74\x74\x65\x72\x6e\x0d\x0a\x20\x20\x20\x20\x20\x20\x20\x69\
\x64\x3d\x22\x45\x4d\x46\x68\x62\x61\x73\x65\x70\x61\x74\x74\x65\
\x72\x6e\x2d\x33\x22\x0d\x0a\x20\x20\x20\x20\x20\x20\x20\x70\x61\
\x74\x74\x65\x72\x6e\x55\x6e\x69\x74\x73\x3d\x22\x75\x73\x65\x72\
\x53\x70\x61\x63\x65\x4f\x6e\x55\x73\x65\x22\x0d\x0a\x20\x20\x20\
\x20\x20\x20\x20\x77\x69\x64\x74\x68\x3d\x22\x36\x22\x0d\x0a\x20\
\x20\x20\x20\x20\x20\x20\x68\x65\x69\x67\x68\x74\x3d\x22\x36\x22\
\x0d\x0a\x20\x20\x20\x20\x20\x20\x20\x78\x3d\x22\x30\x22\x0d\x0a\
\x20\x20\x20\x20\x20\x20\x20\x79\x3d\x22\x30\x22\x20\x2f\x3e\x0d\
\x0a\x20\x20\x20\x20\x3c\x70\x61\x74\x74\x65\x72\x6e\x0d\x0a\x20\
\x20\x20\x20\x20\x20\x20\x69\x64\x3d\x22\x45\x4d\x46\x68\x62\x61\
\x73\x65\x70\x61\x74\x74\x65\x72\x6e\x2d\x38\x22\x0d\x0a\x20\x20\
\x20\x20\x20\x20\x20\x70\x61\x74\x74\x65\x72\x6e\x55\x6e\x69\x74\
\x73\x3d\x22\x75\x73\x65\x72\x53\x70\x61\x63\x65\x4f\x6e\x55\x73\
\x65\x22\x0d\x0a\x20\x20\x20\x20\x20\x20\x20\x77\x69\x64\x74\x68\
\x3d\x22\x36\x22\x0d\x0a\x20\x20\x20\x20\x20\x20\x20\x68\x65\x69\
\x67\x68\x74\x3d\x22\x36\x22\x0d\x0a\x20\x20\x20\x20\x20\x20\x20\
\x78\x3d\x22\x30\x22\x0d\x0a\x20\x20\x20\x20\x20\x20\x20\x79\x3d\
\x22\x30\x22\x20\x2f\x3e\x0d\x0a\x20\x20\x3c\x2f\x64\x65\x66\x73\
\x3e\x0d\x0a\x20\x20\x3c\x73\x6f\x64\x69\x70\x6f\x64\x69\x3a\x6e\
\x61\x6d\x65\x64\x76\x69\x65\x77\x0d\x0a\x20\x20\x20\x20\x20\x69\
\x6e\x6b\x73\x63\x61\x70\x65\x3a\x67\x75\x69\x64\x65\x2d\x62\x62\
\x6f\x78\x3d\x22\x74\x72\x75\x65\x22\x0d\x0a\x20\x20\x20\x20\x20\
\x73\x68\x6f\x77\x67\x75\x69\x64\x65\x73\x3d\x22\x74\x72\x75\x65\
\x22\x0d\x0a\x20\x20\x20\x20\x20\x69\x6e\x6b\x73\x63\x61\x70\x65\
\x3a\x64\x6f\x63\x75\x6d\x65\x6e\x74\x2d\x72\x6f\x74\x61\x74\x69\
\x6f\x6e\x3d\x22\x30\x22\x0d\x0a\x20\x20\x20\x20\x20\x69\x6e\x6b\
\x73\x63\x61\x70\x65\x3a\x73\x6e\x61\x70\x2d\x67\x6c\x6f\x62\x61\
\x6c\x3d\x22\x74\x72\x75\x65\x22\x0d\x0a\x20\x20\x20\x20\x20\x69\
\x6e\x6b\x73\x63\x61\x70\x65\x3a\x73\x6e\x61\x70\x2d\x62\x62\x6f\
\x78\x2d\x6d\x69\x64\x70\x6f\x69\x6e\x74\x73\x3d\x22\x74\x72\x75\
\x65\x22\x0d\x0a\x20\x20\x20\x20\x20\x69\x6e\x6b\x73\x63\x61\x70\
\x65\x3a\x73\x6e\x61\x70\x2d\x62\x62\x6f\x78\x2d\x65\x64\x67\x65\
\x2d\x6d\x69\x64\x70\x6f\x69\x6e\x74\x73\x3d\x22\x74\x72\x75\x65\
\x22\x0d\x0a\x20\x20\x20\x20\x20\x69\x6e\x6b\x73\x63\x61\x70\x65\
\x3a\x62\x62\x6f\x78\x2d\x6e\x6f\x64\x65\x73\x3d\x22\x74\x72\x75\
\x65\x22\x0d\x0a\x20\x20\x20\x20\x20\x69\x6e\x6b\x73\x63\x61\x70\
\x65\x3a\x62\x62\x6f\x78\x2d\x70\x61\x74\x68\x73\x3d\x22\x74\x72\
\x75\x65\x22\x0d\x0a\x20\x20\x20\x20\x20\x69\x6e\x6b\x73\x63\x61\
\x70\x65\x3a\x73\x6e\x61\x70\x2d\x62\x62\x6f\x78\x3d\x22\x74\x72\
\x75\x65\x22\x0d\x0a\x20\x20\x20\x20\x20\x69\x6e\x6b\x73\x63\x61\
\x70\x65\x3a\x77\x69\x6e\x64\x6f\x77\x2d\x6d\x61\x78\x69\x6d\x69\
\x7a\x65\x64\x3d\x22\x31\x22\x0d\x0a\x20\x20\x20\x20\x20\x69\x6e\
\x6b\x73\x63\x61\x70\x65\x3a\x77\x69\x6e\x64\x6f\x77\x2d\x79\x3d\
\x22\x2d\x38\x22\x0d\x0a\x20\x20\x20\x20\x20\x69\x6e\x6b\x73\x63\
\x61\x70\x65\x3a\x77\x69\x6e\x64\x6f\x77\x2d\x78\x3d\x22\x2d\x38\
\x22\x0d\x0a\x20\x20\x20\x20\x20\x69\x6e\x6b\x73\x63\x61\x70\x65\
\x3a\x77\x69\x6e\x64\x6f\x77\x2d\x68\x65\x69\x67\x68\x74\x3d\x22\
\x31\x30\x31\x37\x22\x0d\x0a\x20\x20\x20\x20\x20\x69\x6e\x6b\x73\
\x63\x61\x70\x65\x3a\x77\x69\x6e\x64\x6f\x77\x2d\x77\x69\x64\x74\
\x68\x3d\x22\x31\x39\x32\x30\x22\x0d\x0a\x20\x20\x20\x20\x20\x75\
\x6e\x69\x74\x73\x3d\x22\x70\x78\x22\x0d\x0a\x20\x20\x20\x20\x20\
\x73\x68\x6f\x77\x67\x72\x69\x64\x3d\x22\x74\x72\x75\x65\x22\x0d\
\x0a\x20\x20\x20\x20\x20\x69\x6e\x6b\x73\x63\x61\x70\x65\x3a\x63\
\x75\x72\x72\x65\x6e\x74\x2d\x6c\x61\x79\x65\x72\x3d\x22\x67\x35\
\x32\x32\x38\x22\x0d\x0a\x20\x20\x20\x20\x20\x69\x6e\x6b\x73\x63\
\x61\x70\x65\x3a\x64\x6f\x63\x75\x6d\x65\x6e\x74\x2d\x75\x6e\x69\
\x74\x73\x3d\x22\x70\x78\x22\x0d\x0a\x20\x20\x20\x20\x20\x69\x6e\
\x6b\x73\x63\x61\x70\x65\x3a\x63\x79\x3d\x22\x31\x33\x2e\x31\x37\
\x36\x39\x31\x22\x0d\x0a\x20\x20\x20\x20\x20\x69\x6e\x6b\x73\x63\
\x61\x70\x65\x3a\x63\x78\x3d\x22\x36\x2e\x32\x33\x31\x36\x38\x38\
\x39\x22\x0d\x0a\x20\x20\x20\x20\x20\x69\x6e\x6b\x73\x63\x61\x70\
\x65\x3a\x7a\x6f\x6f\x6d\x3d\x22\x32\x32\x2e\x36\x32\x37\x34\x31\
\x37\x22\x0d\x0a\x20\x20\x20\x20\x20\x69\x6e\x6b\x73\x63\x61\x70\
\x65\x3a\x70\x61\x67\x65\x73\x68\x61\x64\x6f\x77\x3d\x22\x32\x22\
\x0d\x0a\x20\x20\x20\x20\x20\x69\x6e\x6b\x73\x63\x61\x70\x65\x3a\
\x70\x61\x67\x65\x6f\x70\x61\x63\x69\x74\x79\x3d\x22\x30\x2e\x30\
\x22\x0d\x0a\x20\x20\x20\x20\x20\x62\x6f\x72\x64\x65\x72\x6f\x70\
\x61\x63\x69\x74\x79\x3d\x22\x31\x2e\x30\x22\x0d\x0a\x20\x20\x20\
\x20\x20\x62\x6f\x72\x64\x65\x72\x63\x6f\x6c\x6f\x72\x3d\x22\x23\
\x36\x36\x36\x36\x36\x36\x22\x0d\x0a\x20\x20\x20\x20\x20\x70\x61\
\x67\x65\x63\x6f\x6c\x6f\x72\x3d\x22\x23\x66\x66\x66\x66\x66\x66\
\x22\x0d\x0a\x20\x20\x20\x20\x20\x69\x64\x3d\x22\x62\x61\x73\x65\
\x22\x3e\x0d\x0a\x20\x20\x20\x20\x3c\x69\x6e\x6b\x73\x63\x61\x70\
\x65\x3a\x67\x72\x69\x64\x0d\x0a\x20\x20\x20\x20\x20\x20\x20\x69\
\x64\x3d\x22\x67\x72\x69\x64\x33\x33\x33\x36\x22\x0d\x0a\x20\x20\
\x20\x20\x20\x20\x20\x74\x79\x70\x65\x3d\x22\x78\x79\x67\x72\x69\
\x64\x22\x20\x2f\x3e\x0d\x0a\x20\x20\x20\x20\x3c\x73\x6f\x64\x69\
\x70\x6f\x64\x69\x3a\x67\x75\x69\x64\x65\x0d\x0a\x20\x20\x20\x20\
\x20\x20\x20\x69\x64\x3d\x22\x67\x75\x69\x64\x65\x38\x38\x33\x22\
\x0d\x0a\x20\x20\x20\x20\x20\x20\x20\x6f\x72\x69\x65\x6e\x74\x61\
\x74\x69\x6f\x6e\x3d\x22\x31\x2c\x30\x22\x0d\x0a\x20\x20\x20\x20\
\x20\x20\x20\x70\x6f\x73\x69\x74\x69\x6f\x6e\x3d\x22\x34\x2c\x31\
\x30\x22\x20\x2f\x3e\x0d\x0a\x20\x20\x20\x20\x3c\x73\x6f\x64\x69\
\x70\x6f\x64\x69\x3a\x67\x75\x69\x64\x65\x0d\x0a\x20\x20\x20\x20\
\x20\x20\x20\x69\x64\x3d\x22\x67\x75\x69\x64\x65\x38\x38\x35\x22\
\x0d\x0a\x20\x20\x20\x20\x20\x20\x20\x6f\x72\x69\x65\x6e\x74\x61\
\x74\x69\x6f\x6e\x3d\x22\x30\x2c\x2d\x31\x22\x0d\x0a\x20\x20\x20\
\x20\x20\x20\x20\x70\x6f\x73\x69\x74\x69\x6f\x6e\x3d\x22\x31\x30\
\x2c\x31\x32\x22\x20\x2f\x3e\x0d\x0a\x20\x20\x20\x20\x3c\x73\x6f\
\x64\x69\x70\x6f\x64\x69\x3a\x67\x75\x69\x64\x65\x0d\x0a\x20\x20\
\x20\x20\x20\x20\x20\x69\x64\x3d\x22\x67\x75\x69\x64\x65\x38\x38\
\x37\x22\x0d\x0a\x20\x20\x20\x20\x20\x20\x20\x6f\x72\x69\x65\x6e\
\x74\x61\x74\x69\x6f\x6e\x3d\x22\x31\x2c\x30\x22\x0d\x0a\x20\x20\
\x20\x20\x20\x20\x20\x70\x6f\x73\x69\x74\x69\x6f\x6e\x3d\x22\x31\
\x32\x2c\x32\x22\x20\x2f\x3e\x0d\x0a\x20\x20\x20\x20\x3c\x73\x6f\
\x64\x69\x70\x6f\x64\x69\x3a\x67\x75\x69\x64\x65\x0d\x0a\x20\x20\
\x20\x20\x20\x20\x20\x69\x64\x3d\x22\x67\x75\x69\x64\x65\x38\x38\
\x39\x22\x0d\x0a\x20\x20\x20\x20\x20\x20\x20\x6f\x72\x69\x65\x6e\
\x74\x61\x74\x69\x6f\x6e\x3d\x22\x30\x2c\x2d\x31\x22\x0d\x0a\x20\
\x20\x20\x20\x20\x20\x20\x70\x6f\x73\x69\x74\x69\x6f\x6e\x3d\x22\
\x31\x34\x2c\x34\x22\x20\x2f\x3e\x0d\x0a\x20\x20\x3c\x2f\x73\x6f\
\x64\x69\x70\x6f\x64\x69\x3a\x6e\x61\x6d\x65\x64\x76\x69\x65\x77\
\x3e\x0d\x0a\x20\x20\x3c\x67\x0d\x0a\x20\x20\x20\x20\x20\x74\x72\
\x61\x6e\x73\x66\x6f\x72\x6d\x3d\x22\x74\x72\x61\x6e\x73\x6c\x61\
\x74\x65\x28\x30\x2c\x2d\x31\x30\x33\x36\x2e\x33\x36\x32\x32\x29\
\x22\x0d\x0a\x20\x20\x20\x20\x20\x69\x64\x3d\x22\x6c\x61\x79\x65\
\x72\x31\x22\x0d\x0a\x20\x20\x20\x20\x20\x69\x6e\x6b\x73\x63\x61\
\x70\x65\x3a\x67\x72\x6f\x75\x70\x6d\x6f\x64\x65\x3d\x22\x6c\x61\
\x79\x65\x72\x22\x0d\x0a\x20\x20\x20\x20\x20\x69\x6e\x6b\x73\x63\
\x61\x70\x65\x3a\x6c\x61\x62\x65\x6c\x3d\x22\x4c\x61\x79\x65\x72\
\x20\x31\x22\x3e\x0d\x0a\x20\x20\x20\x20\x3c\x67\x0d\x0a\x20\x20\
\x20\x20\x20\x20\x20\x69\x64\x3d\x22\x67\x35\x32\x32\x38\x22\x0d\
\x0a\x20\x20\x20\x20\x20\x20\x20\x74\x72\x61\x6e\x73\x66\x6f\x72\
\x6d\x3d\x22\x74\x72\x61\x6e\x73\x6c\x61\x74\x65\x28\x36\x32\x38\
\x2c\x2d\x31\x34\x30\x2e\x34\x39\x39\x39\x38\x29\x22\x3e\x0d\x0a\
\x20\x20\x20\x20\x20\x20\x3c\x70\x61\x74\x68\x0d\x0a\x20\x20\x20\
\x20\x20\x20\x20\x20\x20\x69\x64\x3d\x22\x70\x61\x74\x68\x38\x34\
\x32\x22\x0d\x0a\x20\x20\x20\x20\x20\x20\x20\x20\x20\x64\x3d\x22\
\x6d\x20\x2d\x36\x32\x34\x2c\x31\x31\x38\x32\x2e\x38\x36\x32\x32\
\x20\x34\x2c\x34\x20\x34\x2c\x2d\x34\x20\x7a\x22\x0d\x0a\x20\x20\
\x20\x20\x20\x20\x20\x20\x20\x73\x74\x79\x6c\x65\x3d\x22\x66\x69\
\x6c\x6c\x3a\x23\x64\x30\x64\x30\x64\x30\x3b\x66\x69\x6c\x6c\x2d\
\x6f\x70\x61\x63\x69\x74\x79\x3a\x31\x3b\x66\x69\x6c\x6c\x2d\x72\
\x75\x6c\x65\x3a\x65\x76\x65\x6e\x6f\x64\x64\x3b\x73\x74\x72\x6f\
\x6b\x65\x3a\x6e\x6f\x6e\x65\x3b\x73\x74\x72\x6f\x6b\x65\x2d\x77\
\x69\x64\x74\x68\x3a\x31\x70\x78\x3b\x73\x74\x72\x6f\x6b\x65\x2d\
\x6c\x69\x6e\x65\x63\x61\x70\x3a\x62\x75\x74\x74\x3b\x73\x74\x72\
\x6f\x6b\x65\x2d\x6c\x69\x6e\x65\x6a\x6f\x69\x6e\x3a\x6d\x69\x74\
\x65\x72\x3b\x73\x74\x72\x6f\x6b\x65\x2d\x6f\x70\x61\x63\x69\x74\
\x79\x3a\x31\x22\x20\x2f\x3e\x0d\x0a\x20\x20\x20\x20\x3c\x2f\x67\
\x3e\x0d\x0a\x20\x20\x3c\x2f\x67\x3e\x0d\x0a\x20\x20\x3c\x6d\x65\
\x74\x61\x64\x61\x74\x61\x0d\x0a\x20\x20\x20\x20\x20\x69\x64\x3d\
\x22\x6d\x65\x74\x61\x64\x61\x74\x61\x31\x32\x22\x3e\x0d\x0a\x20\
\x20\x20\x20\x3c\x72\x64\x66\x3a\x52\x44\x46\x3e\x0d\x0a\x20\x20\
\x20\x20\x20\x20\x3c\x72\x64\x66\x3a\x44\x65\x73\x63\x72\x69\x70\
\x74\x69\x6f\x6e\x0d\x0a\x20\x20\x20\x20\x20\x20\x20\x20\x20\x64\
\x63\x3a\x6c\x61\x6e\x67\x75\x61\x67\x65\x3d\x22\x65\x6e\x22\x0d\
\x0a\x20\x20\x20\x20\x20\x20\x20\x20\x20\x64\x63\x3a\x66\x6f\x72\
\x6d\x61\x74\x3d\x22\x69\x6d\x61\x67\x65\x2f\x73\x76\x67\x2b\x78\
\x6d\x6c\x22\x0d\x0a\x20\x20\x20\x20\x20\x20\x20\x20\x20\x64\x63\
\x3a\x64\x61\x74\x65\x3d\x22\x32\x30\x31\x36\x2d\x31\x32\x2d\x31\
\x34\x22\x0d\x0a\x20\x20\x20\x20\x20\x20\x20\x20\x20\x64\x63\x3a\
\x70\x75\x62\x6c\x69\x73\x68\x65\x72\x3d\x22\x49\x63\x6f\x6e\x73\
\x63\x6f\x75\x74\x22\x0d\x0a\x20\x20\x20\x20\x20\x20\x20\x20\x20\
\x64\x63\x3a\x64\x65\x73\x63\x72\x69\x70\x74\x69\x6f\x6e\x3d\x22\
\x4d\x65\x6e\x75\x2c\x20\x42\x61\x72\x2c\x20\x4c\x69\x6e\x65\x73\
\x2c\x20\x4f\x70\x74\x69\x6f\x6e\x2c\x20\x4c\x69\x73\x74\x2c\x20\
\x48\x61\x6d\x62\x75\x72\x67\x65\x72\x2c\x20\x57\x65\x62\x22\x0d\
\x0a\x20\x20\x20\x20\x20\x20\x20\x20\x20\x64\x63\x3a\x74\x69\x74\
\x6c\x65\x3d\x22\x4d\x65\x6e\x75\x2c\x20\x42\x61\x72\x2c\x20\x4c\
\x69\x6e\x65\x73\x2c\x20\x4f\x70\x74\x69\x6f\x6e\x2c\x20\x4c\x69\
\x73\x74\x2c\x20\x48\x61\x6d\x62\x75\x72\x67\x65\x72\x2c\x20\x57\
\x65\x62\x22\x0d\x0a\x20\x20\x20\x20\x20\x20\x20\x20\x20\x61\x62\
\x6f\x75\x74\x3d\x22\x68\x74\x74\x70\x73\x3a\x2f\x2f\x69\x63\x6f\
\x6e\x73\x63\x6f\x75\x74\x2e\x63\x6f\x6d\x2f\x6c\x65\x67\x61\x6c\
\x23\x6c\x69\x63\x65\x6e\x73\x65\x73\x22\x3e\x0d\x0a\x20\x20\x20\
\x20\x20\x20\x20\x20\x3c\x64\x63\x3a\x63\x72\x65\x61\x74\x6f\x72\
\x3e\x0d\x0a\x20\x20\x20\x20\x20\x20\x20\x20\x20\x20\x3c\x72\x64\
\x66\x3a\x42\x61\x67\x3e\x0d\x0a\x20\x20\x20\x20\x20\x20\x20\x20\
\x20\x20\x20\x20\x3c\x72\x64\x66\x3a\x6c\x69\x3e\x4a\x65\x6d\x69\
\x73\x20\x4d\x61\x6c\x69\x3c\x2f\x72\x64\x66\x3a\x6c\x69\x3e\x0d\
\x0a\x20\x20\x20\x20\x20\x20\x20\x20\x20\x20\x3c\x2f\x72\x64\x66\
\x3a\x42\x61\x67\x3e\x0d\x0a\x20\x20\x20\x20\x20\x20\x20\x20\x3c\
\x2f\x64\x63\x3a\x63\x72\x65\x61\x74\x6f\x72\x3e\x0d\x0a\x20\x20\
\x20\x20\x20\x20\x3c\x2f\x72\x64\x66\x3a\x44\x65\x73\x63\x72\x69\
\x70\x74\x69\x6f\x6e\x3e\x0d\x0a\x20\x20\x20\x20\x20\x20\x3c\x63\
\x63\x3a\x57\x6f\x72\x6b\x0d\x0a\x20\x20\x20\x20\x20\x20\x20\x20\
\x20\x72\x64\x66\x3a\x61\x62\x6f\x75\x74\x3d\x22\x22\x3e\x0d\x0a\
\x20\x20\x20\x20\x20\x20\x20\x20\x3c\x64\x63\x3a\x66\x6f\x72\x6d\
\x61\x74\x3e\x69\x6d\x61\x67\x65\x2f\x73\x76\x67\x2b\x78\x6d\x6c\
\x3c\x2f\x64\x63\x3a\x66\x6f\x72\x6d\x61\x74\x3e\x0d\x0a\x20\x20\
\x20\x20\x20\x20\x20\x20\x3c\x64\x63\x3a\x74\x79\x70\x65\x0d\x0a\
\x20\x20\x20\x20\x20\x20\x20\x20\x20\x20\x20\x72\x64\x66\x3a\x72\
\x65\x73\x6f\x75\x72\x63\x65\x3d\x22\x68\x74\x74\x70\x3a\x2f\x2f\
\x70\x75\x72\x6c\x2e\x6f\x72\x67\x2f\x64\x63\x2f\x64\x63\x6d\x69\
\x74\x79\x70\x65\x2f\x53\x74\x69\x6c\x6c\x49\x6d\x61\x67\x65\x22\
\x20\x2f\x3e\x0d\x0a\x20\x20\x20\x20\x20\x20\x20\x20\x3c\x64\x63\
\x3a\x74\x69\x74\x6c\x65\x3e\x3c\x2f\x64\x63\x3a\x74\x69\x74\x6c\
\x65\x3e\x0d\x0a\x20\x20\x20\x20\x20\x20\x3c\x2f\x63\x63\x3a\x57\
\x6f\x72\x6b\x3e\x0d\x0a\x20\x20\x20\x20\x3c\x2f\x72\x64\x66\x3a\
\x52\x44\x46\x3e\x0d\x0a\x20\x20\x3c\x2f\x6d\x65\x74\x61\x64\x61\
\x74\x61\x3e\x0d\x0a\x3c\x2f\x73\x76\x67\x3e\x0d\x0a\
\x00\x00\x09\x79\
\x3c\
\x3f\x78\x6d\x6c\x20\x76\x65\x72\x73\x69\x6f\x6e\x3d\x22\x31\x2e\
\x30\x22\x20\x65\x6e\x63\x6f\x64\x69\x6e\x67\x3d\x22\x55\x54\x46\
\x2d\x38\x22\x20\x73\x74\x61\x6e\x64\x61\x6c\x6f\x6e\x65\x3d\x22\
\x6e\x6f\x22\x3f\x3e\x0d\x0a\x3c\x73\x76\x67\x0d\x0a\x20\x20\x20\
\x78\x6d\x6c\x6e\x73\x3a\x64\x63\x3d\x22\x68\x74\x74\x70\x3a\x2f\
\x2f\x70\x75\x72\x6c\x2e\x6f\x72\x67\x2f\x64\x63\x2f\x65\x6c\x65\
\x6d\x65\x6e\x74\x73\x2f\x31\x2e\x31\x2f\x22\x0d\x0a\x20\x20\x20\
\x78\x6d\x6c\x6e\x73\x3a\x63\x63\x3d\x22\x68\x74\x74\x70\x3a\x2f\
\x2f\x63\x72\x65\x61\x74\x69\x76\x65\x63\x6f\x6d\x6d\x6f\x6e\x73\
\x2e\x6f\x72\x67\x2f\x6e\x73\x23\x22\x0d\x0a\x20\x20\x20\x78\x6d\
\x6c\x6e\x73\x3a\x72\x64\x66\x3d\x22\x68\x74\x74\x70\x3a\x2f\x2f\
\x77\x77\x77\x2e\x77\x33\x2e\x6f\x72\x67\x2f\x31\x39\x39\x39\x2f\
\x30\x32\x2f\x32\x32\x2d\x72\x64\x66\x2d\x73\x79\x6e\x74\x61\x78\
\x2d\x6e\x73\x23\x22\x0d\x0a\x20\x20\x20\x78\x6d\x6c\x6e\x73\x3a\
\x73\x76\x67\x3d\x22\x68\x74\x74\x70\x3a\x2f\x2f\x77\x77\x77\x2e\
\x77\x33\x2e\x6f\x72\x67\x2f\x32\x30\x30\x30\x2f\x73\x76\x67\x22\
\x0d\x0a\x20\x20\x20\x78\x6d\x6c\x6e\x73\x3d\x22\x68\x74\x74\x70\
\x3a\x2f\x2f\x77\x77\x77\x2e\x77\x33\x2e\x6f\x72\x67\x2f\x32\x30\
\x30\x30\x2f\x73\x76\x67\x22\x0d\x0a\x20\x20\x20\x78\x6d\x6c\x6e\
\x73\x3a\x73\x6f\x64\x69\x70\x6f\x64\x69\x3d\x22\x68\x74\x74\x70\
\x3a\x2f\x2f\x73\x6f\x64\x69\x70\x6f\x64\x69\x2e\x73\x6f\x75\x72\
\x63\x65\x66\x6f\x72\x67\x65\x2e\x6e\x65\x74\x2f\x44\x54\x44\x2f\
\x73\x6f\x64\x69\x70\x6f\x64\x69\x2d\x30\x2e\x64\x74\x64\x22\x0d\
\x0a\x20\x20\x20\x78\x6d\x6c\x6e\x73\x3a\x69\x6e\x6b\x73\x63\x61\
\x70\x65\x3d\x22\x68\x74\x74\x70\x3a\x2f\x2f\x77\x77\x77\x2e\x69\
\x6e\x6b\x73\x63\x61\x70\x65\x2e\x6f\x72\x67\x2f\x6e\x61\x6d\x65\
\x73\x70\x61\x63\x65\x73\x2f\x69\x6e\x6b\x73\x63\x61\x70\x65\x22\
\x0d\x0a\x20\x20\x20\x76\x65\x72\x73\x69\x6f\x6e\x3d\x22\x31\x2e\
\x31\x22\x0d\x0a\x20\x20\x20\x69\x64\x3d\x22\x4c\x61\x79\x65\x72\
\x5f\x31\x22\x0d\x0a\x20\x20\x20\x78\x3d\x22\x30\x70\x78\x22\x0d\
\x0a\x20\x20\x20\x79\x3d\x22\x30\x70\x78\x22\x0d\x0a\x20\x20\x20\
\x77\x69\x64\x74\x68\x3d\x22\x31\x36\x22\x0d\x0a\x20\x20\x20\x68\
\x65\x69\x67\x68\x74\x3d\x22\x31\x36\x22\x0d\x0a\x20\x20\x20\x76\
\x69\x65\x77\x42\x6f\x78\x3d\x22\x30\x20\x30\x20\x31\x36\x20\x31\
\x36\x22\x0d\x0a\x20\x20\x20\x65\x6e\x61\x62\x6c\x65\x2d\x62\x61\
\x63\x6b\x67\x72\x6f\x75\x6e\x64\x3d\x22\x6e\x65\x77\x20\x30\x20\
\x30\x20\x31\x32\x32\x2e\x38\x37\x39\x20\x31\x32\x32\x2e\x38\x36\
\x37\x22\x0d\x0a\x20\x20\x20\x78\x6d\x6c\x3a\x73\x70\x61\x63\x65\
\x3d\x22\x70\x72\x65\x73\x65\x72\x76\x65\x22\x0d\x0a\x20\x20\x20\
\x73\x6f\x64\x69\x70\x6f\x64\x69\x3a\x64\x6f\x63\x6e\x61\x6d\x65\
\x3d\x22\x70\x69\x6e\x2d\x62\x75\x74\x74\x6f\x6e\x2d\x69\x6e\x6b\
\x73\x63\x61\x70\x65\x2e\x73\x76\x67\x22\x0d\x0a\x20\x20\x20\x69\
\x6e\x6b\x73\x63\x61\x70\x65\x3a\x76\x65\x72\x73\x69\x6f\x6e\x3d\
\x22\x31\x2e\x30\x2e\x31\x20\x28\x33\x62\x63\x32\x65\x38\x31\x33\
\x66\x35\x2c\x20\x32\x30\x32\x30\x2d\x30\x39\x2d\x30\x37\x29\x22\
\x3e\x3c\x6d\x65\x74\x61\x64\x61\x74\x61\x0d\x0a\x20\x20\x20\x20\
\x20\x69\x64\x3d\x22\x6d\x65\x74\x61\x64\x61\x74\x61\x35\x33\x22\
\x3e\x3c\x72\x64\x66\x3a\x52\x44\x46\x3e\x3c\x63\x63\x3a\x57\x6f\
\x72\x6b\x0d\x0a\x20\x20\x20\x20\x20\x20\x20\x20\x20\x72\x64\x66\
\x3a\x61\x62\x6f\x75\x74\x3d\x22\x22\x3e\x3c\x64\x63\x3a\x66\x6f\
\x72\x6d\x61\x74\x3e\x69\x6d\x61\x67\x65\x2f\x73\x76\x67\x2b\x78\
\x6d\x6c\x3c\x2f\x64\x63\x3a\x66\x6f\x72\x6d\x61\x74\x3e\x3c\x64\
\x63\x3a\x74\x79\x70\x65\x0d\x0a\x20\x20\x20\x20\x20\x20\x20\x20\
\x20\x20\x20\x72\x64\x66\x3a\x72\x65\x73\x6f\x75\x72\x63\x65\x3d\
\x22\x68\x74\x74\x70\x3a\x2f\x2f\x70\x75\x72\x6c\x2e\x6f\x72\x67\
\x2f\x64\x63\x2f\x64\x63\x6d\x69\x74\x79\x70\x65\x2f\x53\x74\x69\
\x6c\x6c\x49\x6d\x61\x67\x65\x22\x20\x2f\x3e\x3c\x64\x63\x3a\x74\
\x69\x74\x6c\x65\x3e\x3c\x2f\x64\x63\x3a\x74\x69\x74\x6c\x65\x3e\
\x3c\x2f\x63\x63\x3a\x57\x6f\x72\x6b\x3e\x3c\x2f\x72\x64\x66\x3a\
\x52\x44\x46\x3e\x3c\x2f\x6d\x65\x74\x61\x64\x61\x74\x61\x3e\x3c\
\x64\x65\x66\x73\x0d\x0a\x20\x20\x20\x20\x20\x69\x64\x3d\x22\x64\
\x65\x66\x73\x35\x31\x22\x20\x2f\x3e\x3c\x73\x6f\x64\x69\x70\x6f\
\x64\x69\x3a\x6e\x61\x6d\x65\x64\x76\x69\x65\x77\x0d\x0a\x20\x20\
\x20\x20\x20\x70\x61\x67\x65\x63\x6f\x6c\x6f\x72\x3d\x22\x23\x66\
\x66\x66\x66\x66\x66\x22\x0d\x0a\x20\x20\x20\x20\x20\x62\x6f\x72\
\x64\x65\x72\x63\x6f\x6c\x6f\x72\x3d\x22\x23\x36\x36\x36\x36\x36\
\x36\x22\x0d\x0a\x20\x20\x20\x20\x20\x62\x6f\x72\x64\x65\x72\x6f\
\x70\x61\x63\x69\x74\x79\x3d\x22\x31\x22\x0d\x0a\x20\x20\x20\x20\
\x20\x6f\x62\x6a\x65\x63\x74\x74\x6f\x6c\x65\x72\x61\x6e\x63\x65\
\x3d\x22\x31\x30\x22\x0d\x0a\x20\x20\x20\x20\x20\x67\x72\x69\x64\
\x74\x6f\x6c\x65\x72\x61\x6e\x63\x65\x3d\x22\x31\x30\x22\x0d\x0a\
\x20\x20\x20\x20\x20\x67\x75\x69\x64\x65\x74\x6f\x6c\x65\x72\x61\
\x6e\x63\x65\x3d\x22\x31\x30\x22\x0d\x0a\x20\x20\x20\x20\x20\x69\
\x6e\x6b\x73\x63\x61\x70\x65\x3a\x70\x61\x67\x65\x6f\x70\x61\x63\
\x69\x74\x79\x3d\x22\x30\x22\x0d\x0a\x20\x20\x20\x20\x20\x69\x6e\
\x6b\x73\x63\x61\x70\x65\x3a\x70\x61\x67\x65\x73\x68\x61\x64\x6f\
\x77\x3d\x22\x32\x22\x0d\x0a\x20\x20\x20\x20\x20\x69\x6e\x6b\x73\
\x63\x61\x70\x65\x3a\x77\x69\x6e\x64\x6f\x77\x2d\x77\x69\x64\x74\
\x68\x3d\x22\x31\x39\x32\x30\x22\x0d\x0a\x20\x20\x20\x20\x20\x69\
\x6e\x6b\x73\x63\x61\x70\x65\x3a\x77\x69\x6e\x64\x6f\x77\x2d\x68\
\x65\x69\x67\x68\x74\x3d\x22\x31\x30\x31\x37\x22\x0d\x0a\x20\x20\
\x20\x20\x20\x69\x64\x3d\x22\x6e\x61\x6d\x65\x64\x76\x69\x65\x77\
\x34\x39\x22\x0d\x0a\x20\x20\x20\x20\x20\x73\x68\x6f\x77\x67\x72\
\x69\x64\x3d\x22\x66\x61\x6c\x73\x65\x22\x0d\x0a\x20\x20\x20\x20\
\x20\x66\x69\x74\x2d\x6d\x61\x72\x67\x69\x6e\x2d\x74\x6f\x70\x3d\
\x22\x30\x22\x0d\x0a\x20\x20\x20\x20\x20\x66\x69\x74\x2d\x6d\x61\
\x72\x67\x69\x6e\x2d\x6c\x65\x66\x74\x3d\x22\x30\x22\x0d\x0a\x20\
\x20\x20\x20\x20\x66\x69\x74\x2d\x6d\x61\x72\x67\x69\x6e\x2d\x72\
\x69\x67\x68\x74\x3d\x22\x30\x22\x0d\x0a\x20\x20\x20\x20\x20\x66\
\x69\x74\x2d\x6d\x61\x72\x67\x69\x6e\x2d\x62\x6f\x74\x74\x6f\x6d\
\x3d\x22\x30\x22\x0d\x0a\x20\x20\x20\x20\x20\x69\x6e\x6b\x73\x63\
\x61\x70\x65\x3a\x7a\x6f\x6f\x6d\x3d\x22\x31\x39\x2e\x30\x33\x37\
\x37\x33\x34\x22\x0d\x0a\x20\x20\x20\x20\x20\x69\x6e\x6b\x73\x63\
\x61\x70\x65\x3a\x63\x78\x3d\x22\x34\x2e\x35\x36\x34\x33\x33\x37\
\x36\x22\x0d\x0a\x20\x20\x20\x20\x20\x69\x6e\x6b\x73\x63\x61\x70\
\x65\x3a\x63\x79\x3d\x22\x32\x2e\x37\x33\x35\x33\x32\x32\x33\x22\
\x0d\x0a\x20\x20\x20\x20\x20\x69\x6e\x6b\x73\x63\x61\x70\x65\x3a\
\x77\x69\x6e\x64\x6f\x77\x2d\x78\x3d\x22\x31\x39\x31\x32\x22\x0d\
\x0a\x20\x20\x20\x20\x20\x69\x6e\x6b\x73\x63\x61\x70\x65\x3a\x77\
\x69\x6e\x64\x6f\x77\x2d\x79\x3d\x22\x2d\x38\x22\x0d\x0a\x20\x20\
\x20\x20\x20\x69\x6e\x6b\x73\x63\x61\x70\x65\x3a\x77\x69\x6e\x64\
\x6f\x77\x2d\x6d\x61\x78\x69\x6d\x69\x7a\x65\x64\x3d\x22\x31\x22\
\x0d\x0a\x20\x20\x20\x20\x20\x69\x6e\x6b\x73\x63\x61\x70\x65\x3a\
\x63\x75\x72\x72\x65\x6e\x74\x2d\x6c\x61\x79\x65\x72\x3d\x22\x4c\
\x61\x79\x65\x72\x5f\x31\x22\x20\x2f\x3e\x3c\x67\x0d\x0a\x20\x20\
\x20\x20\x20\x69\x64\x3d\x22\x67\x34\x36\x22\x0d\x0a\x20\x20\x20\
\x20\x20\x74\x72\x61\x6e\x73\x66\x6f\x72\x6d\x3d\x22\x6d\x61\x74\
\x72\x69\x78\x28\x30\x2e\x30\x38\x31\x33\x38\x30\x37\x31\x2c\x30\
\x2c\x30\x2c\x30\x2e\x30\x38\x31\x33\x38\x38\x39\x38\x2c\x33\x2e\
\x30\x30\x30\x30\x30\x30\x31\x2c\x32\x2e\x39\x39\x39\x39\x38\x29\
\x22\x3e\x3c\x70\x61\x74\x68\x0d\x0a\x20\x20\x20\x20\x20\x20\x20\
\x66\x69\x6c\x6c\x2d\x72\x75\x6c\x65\x3d\x22\x65\x76\x65\x6e\x6f\
\x64\x64\x22\x0d\x0a\x20\x20\x20\x20\x20\x20\x20\x63\x6c\x69\x70\
\x2d\x72\x75\x6c\x65\x3d\x22\x65\x76\x65\x6e\x6f\x64\x64\x22\x0d\
\x0a\x20\x20\x20\x20\x20\x20\x20\x64\x3d\x22\x4d\x20\x38\x33\x2e\
\x38\x38\x2c\x30\x2e\x34\x35\x31\x20\x31\x32\x32\x2e\x34\x32\x37\
\x2c\x33\x39\x20\x63\x20\x30\x2e\x36\x30\x33\x2c\x30\x2e\x36\x30\
\x31\x20\x30\x2e\x36\x30\x33\x2c\x31\x2e\x35\x38\x35\x20\x30\x2c\
\x32\x2e\x31\x38\x38\x20\x6c\x20\x2d\x31\x33\x2e\x31\x32\x38\x2c\
\x31\x33\x2e\x31\x32\x35\x20\x63\x20\x2d\x30\x2e\x36\x30\x32\x2c\
\x30\x2e\x36\x30\x34\x20\x2d\x31\x2e\x35\x38\x36\x2c\x30\x2e\x36\
\x30\x34\x20\x2d\x32\x2e\x31\x38\x37\x2c\x30\x20\x6c\x20\x2d\x33\
\x2e\x37\x33\x32\x2c\x2d\x33\x2e\x37\x33\x20\x2d\x31\x37\x2e\x33\
\x30\x33\x2c\x31\x37\x2e\x33\x20\x63\x20\x33\x2e\x38\x38\x32\x2c\
\x31\x34\x2e\x36\x32\x31\x20\x30\x2e\x30\x39\x35\x2c\x33\x30\x2e\
\x38\x35\x37\x20\x2d\x31\x31\x2e\x33\x37\x2c\x34\x32\x2e\x33\x32\
\x20\x2d\x30\x2e\x32\x36\x36\x2c\x30\x2e\x32\x36\x38\x20\x2d\x30\
\x2e\x35\x33\x35\x2c\x30\x2e\x35\x32\x39\x20\x2d\x30\x2e\x38\x30\
\x38\x2c\x30\x2e\x37\x38\x37\x20\x2d\x31\x2e\x30\x30\x34\x2c\x30\
\x2e\x39\x35\x35\x20\x2d\x30\x2e\x38\x34\x33\x2c\x30\x2e\x39\x34\
\x39\x20\x2d\x31\x2e\x38\x31\x33\x2c\x2d\x30\x2e\x30\x32\x31\x20\
\x4c\x20\x34\x37\x2e\x35\x39\x37\x2c\x38\x36\x2e\x34\x38\x20\x30\
\x2c\x31\x32\x32\x2e\x38\x36\x37\x20\x33\x36\x2e\x33\x39\x39\x2c\
\x37\x35\x2e\x32\x38\x33\x20\x31\x31\x2e\x38\x37\x34\x2c\x35\x30\
\x2e\x37\x36\x20\x43\x20\x31\x30\x2e\x38\x39\x36\x2c\x34\x39\x2e\
\x37\x38\x20\x31\x30\x2e\x39\x37\x38\x2c\x34\x39\x2e\x39\x33\x34\
\x20\x31\x31\x2e\x39\x34\x2c\x34\x38\x2e\x39\x32\x33\x20\x31\x32\
\x2e\x31\x38\x2c\x34\x38\x2e\x36\x37\x32\x20\x31\x32\x2e\x34\x32\
\x35\x2c\x34\x38\x2e\x34\x32\x20\x31\x32\x2e\x36\x37\x34\x2c\x34\
\x38\x2e\x31\x37\x20\x32\x34\x2e\x31\x33\x37\x2c\x33\x36\x2e\x37\
\x30\x37\x20\x34\x30\x2e\x33\x37\x36\x2c\x33\x32\x2e\x39\x31\x37\
\x20\x35\x34\x2e\x39\x39\x36\x2c\x33\x36\x2e\x38\x20\x4c\x20\x37\
\x32\x2e\x32\x39\x37\x2c\x31\x39\x2e\x35\x20\x36\x38\x2e\x35\x36\
\x34\x2c\x31\x35\x2e\x37\x36\x38\x20\x63\x20\x2d\x30\x2e\x36\x30\
\x31\x2c\x2d\x30\x2e\x36\x30\x31\x20\x2d\x30\x2e\x36\x30\x31\x2c\
\x2d\x31\x2e\x35\x38\x35\x20\x30\x2c\x2d\x32\x2e\x31\x38\x38\x20\
\x4c\x20\x38\x31\x2e\x36\x39\x31\x2c\x30\x2e\x34\x35\x31\x20\x63\
\x20\x30\x2e\x36\x30\x34\x2c\x2d\x30\x2e\x36\x30\x31\x20\x31\x2e\
\x35\x38\x38\x2c\x2d\x30\x2e\x36\x30\x31\x20\x32\x2e\x31\x38\x39\
\x2c\x30\x20\x7a\x22\x0d\x0a\x20\x20\x20\x20\x20\x20\x20\x69\x64\
\x3d\x22\x70\x61\x74\x68\x34\x34\x22\x20\x2f\x3e\x3c\x2f\x67\x3e\
\x3c\x2f\x73\x76\x67\x3e\x0d\x0a\
\x00\x00\x03\xae\
\x3c\
\x3f\x78\x6d\x6c\x20\x76\x65\x72\x73\x69\x6f\x6e\x3d\x22\x31\x2e\
\x30\x22\x20\x65\x6e\x63\x6f\x64\x69\x6e\x67\x3d\x22\x55\x54\x46\
\x2d\x38\x22\x3f\x3e\x0d\x0a\x3c\x73\x76\x67\x20\x77\x69\x64\x74\
\x68\x3d\x22\x31\x36\x22\x20\x68\x65\x69\x67\x68\x74\x3d\x22\x31\
\x36\x22\x20\x65\x6e\x61\x62\x6c\x65\x2d\x62\x61\x63\x6b\x67\x72\
\x6f\x75\x6e\x64\x3d\x22\x6e\x65\x77\x20\x30\x20\x30\x20\x31\x32\
\x32\x2e\x38\x37\x39\x20\x31\x32\x32\x2e\x38\x36\x37\x22\x20\x76\
\x65\x72\x73\x69\x6f\x6e\x3d\x22\x31\x2e\x31\x22\x20\x76\x69\x65\
\x77\x42\x6f\x78\x3d\x22\x30\x20\x30\x20\x31\x36\x20\x31\x36\x22\
\x20\x78\x6d\x6c\x3a\x73\x70\x61\x63\x65\x3d\x22\x70\x72\x65\x73\
\x65\x72\x76\x65\x22\x20\x78\x6d\x6c\x6e\x73\x3d\x22\x68\x74\x74\
\x70\x3a\x2f\x2f\x77\x77\x77\x2e\x77\x33\x2e\x6f\x72\x67\x2f\x32\
\x30\x30\x30\x2f\x73\x76\x67\x22\x3e\x3c\x67\x20\x74\x72\x61\x6e\
\x73\x66\x6f\x72\x6d\x3d\x22\x6d\x61\x74\x72\x69\x78\x28\x2e\x31\
\x32\x32\x39\x33\x20\x30\x20\x30\x20\x2e\x31\x32\x32\x39\x34\x20\
\x2e\x33\x39\x37\x31\x32\x20\x2e\x34\x39\x38\x31\x32\x29\x22\x20\
\x66\x69\x6c\x6c\x3d\x22\x23\x66\x66\x66\x66\x66\x66\x22\x20\x73\
\x74\x72\x6f\x6b\x65\x3d\x22\x23\x30\x30\x30\x30\x30\x30\x22\x20\
\x73\x74\x72\x6f\x6b\x65\x2d\x77\x69\x64\x74\x68\x3d\x22\x38\x2e\
\x31\x33\x34\x37\x22\x3e\x3c\x70\x61\x74\x68\x20\x64\x3d\x22\x6d\
\x38\x33\x2e\x38\x38\x20\x30\x2e\x34\x35\x31\x20\x33\x38\x2e\x35\
\x34\x37\x20\x33\x38\x2e\x35\x34\x39\x63\x30\x2e\x36\x30\x33\x20\
\x30\x2e\x36\x30\x31\x20\x30\x2e\x36\x30\x33\x20\x31\x2e\x35\x38\
\x35\x20\x30\x20\x32\x2e\x31\x38\x38\x6c\x2d\x31\x33\x2e\x31\x32\
\x38\x20\x31\x33\x2e\x31\x32\x35\x63\x2d\x30\x2e\x36\x30\x32\x20\
\x30\x2e\x36\x30\x34\x2d\x31\x2e\x35\x38\x36\x20\x30\x2e\x36\x30\
\x34\x2d\x32\x2e\x31\x38\x37\x20\x30\x6c\x2d\x33\x2e\x37\x33\x32\
\x2d\x33\x2e\x37\x33\x2d\x31\x37\x2e\x33\x30\x33\x20\x31\x37\x2e\
\x33\x63\x33\x2e\x38\x38\x32\x20\x31\x34\x2e\x36\x32\x31\x20\x30\
\x2e\x30\x39\x35\x20\x33\x30\x2e\x38\x35\x37\x2d\x31\x31\x2e\x33\
\x37\x20\x34\x32\x2e\x33\x32\x2d\x30\x2e\x32\x36\x36\x20\x30\x2e\
\x32\x36\x38\x2d\x30\x2e\x35\x33\x35\x20\x30\x2e\x35\x32\x39\x2d\
\x30\x2e\x38\x30\x38\x20\x30\x2e\x37\x38\x37\x2d\x31\x2e\x30\x30\
\x34\x20\x30\x2e\x39\x35\x35\x2d\x30\x2e\x38\x34\x33\x20\x30\x2e\
\x39\x34\x39\x2d\x31\x2e\x38\x31\x33\x2d\x30\x2e\x30\x32\x31\x6c\
\x2d\x32\x34\x2e\x34\x38\x39\x2d\x32\x34\x2e\x34\x38\x39\x2d\x34\
\x37\x2e\x35\x39\x37\x20\x33\x36\x2e\x33\x38\x37\x20\x33\x36\x2e\
\x33\x39\x39\x2d\x34\x37\x2e\x35\x38\x34\x2d\x32\x34\x2e\x35\x32\
\x35\x2d\x32\x34\x2e\x35\x32\x33\x63\x2d\x30\x2e\x39\x37\x38\x2d\
\x30\x2e\x39\x38\x2d\x30\x2e\x38\x39\x36\x2d\x30\x2e\x38\x32\x36\
\x20\x30\x2e\x30\x36\x36\x2d\x31\x2e\x38\x33\x37\x20\x30\x2e\x32\
\x34\x2d\x30\x2e\x32\x35\x31\x20\x30\x2e\x34\x38\x35\x2d\x30\x2e\
\x35\x30\x33\x20\x30\x2e\x37\x33\x34\x2d\x30\x2e\x37\x35\x33\x20\
\x31\x31\x2e\x34\x36\x33\x2d\x31\x31\x2e\x34\x36\x33\x20\x32\x37\
\x2e\x37\x30\x32\x2d\x31\x35\x2e\x32\x35\x33\x20\x34\x32\x2e\x33\
\x32\x32\x2d\x31\x31\x2e\x33\x37\x6c\x31\x37\x2e\x33\x30\x31\x2d\
\x31\x37\x2e\x33\x2d\x33\x2e\x37\x33\x33\x2d\x33\x2e\x37\x33\x32\
\x63\x2d\x30\x2e\x36\x30\x31\x2d\x30\x2e\x36\x30\x31\x2d\x30\x2e\
\x36\x30\x31\x2d\x31\x2e\x35\x38\x35\x20\x30\x2d\x32\x2e\x31\x38\
\x38\x6c\x31\x33\x2e\x31\x32\x37\x2d\x31\x33\x2e\x31\x32\x39\x63\
\x30\x2e\x36\x30\x34\x2d\x30\x2e\x36\x30\x31\x20\x31\x2e\x35\x38\
\x38\x2d\x30\x2e\x36\x30\x31\x20\x32\x2e\x31\x38\x39\x20\x30\x7a\
\x22\x20\x63\x6c\x69\x70\x2d\x72\x75\x6c\x65\x3d\x22\x65\x76\x65\
\x6e\x6f\x64\x64\x22\x20\x66\x69\x6c\x6c\x3d\x22\x23\x66\x66\x66\
\x66\x66\x66\x22\x20\x66\x69\x6c\x6c\x2d\x72\x75\x6c\x65\x3d\x22\
\x65\x76\x65\x6e\x6f\x64\x64\x22\x20\x73\x74\x72\x6f\x6b\x65\x3d\
\x22\x23\x30\x30\x30\x30\x30\x30\x22\x20\x73\x74\x72\x6f\x6b\x65\
\x2d\x77\x69\x64\x74\x68\x3d\x22\x38\x2e\x31\x33\x34\x37\x22\x2f\
\x3e\x3c\x2f\x67\x3e\x3c\x2f\x73\x76\x67\x3e\x0d\x0a\
\x00\x00\x01\x52\
\x3c\
\x3f\x78\x6d\x6c\x20\x76\x65\x72\x73\x69\x6f\x6e\x3d\x22\x31\x2e\
\x30\x22\x20\x65\x6e\x63\x6f\x64\x69\x6e\x67\x3d\x22\x55\x54\x46\
\x2d\x38\x22\x3f\x3e\x0d\x0a\x3c\x73\x76\x67\x20\x77\x69\x64\x74\
\x68\x3d\x22\x31\x36\x22\x20\x68\x65\x69\x67\x68\x74\x3d\x22\x31\
\x36\x22\x20\x65\x6e\x61\x62\x6c\x65\x2d\x62\x61\x63\x6b\x67\x72\
\x6f\x75\x6e\x64\x3d\x22\x6e\x65\x77\x20\x30\x20\x30\x20\x31\x32\
\x32\x2e\x38\x37\x39\x20\x31\x32\x32\x2e\x38\x36\x37\x22\x20\x76\
\x65\x72\x73\x69\x6f\x6e\x3d\x22\x31\x2e\x31\x22\x20\x76\x69\x65\
\x77\x42\x6f\x78\x3d\x22\x30\x20\x30\x20\x31\x36\x20\x31\x36\x22\
\x20\x78\x6d\x6c\x3a\x73\x70\x61\x63\x65\x3d\x22\x70\x72\x65\x73\
\x65\x72\x76\x65\x22\x20\x78\x6d\x6c\x6e\x73\x3d\x22\x68\x74\x74\
\x70\x3a\x2f\x2f\x77\x77\x77\x2e\x77\x33\x2e\x6f\x72\x67\x2f\x32\
\x30\x30\x30\x2f\x73\x76\x67\x22\x3e\x3c\x70\x61\x74\x68\x20\x64\
\x3d\x22\x6d\x31\x34\x20\x36\x68\x2d\x36\x76\x2d\x31\x68\x2d\x31\
\x76\x33\x68\x2d\x34\x76\x31\x68\x34\x76\x33\x68\x31\x76\x2d\x31\
\x68\x36\x76\x2d\x34\x7a\x6d\x2d\x31\x20\x31\x76\x32\x68\x2d\x35\
\x76\x2d\x32\x7a\x22\x20\x63\x6f\x6c\x6f\x72\x3d\x22\x23\x30\x30\
\x30\x30\x30\x30\x22\x20\x66\x69\x6c\x6c\x3d\x22\x23\x66\x66\x66\
\x22\x20\x73\x74\x79\x6c\x65\x3d\x22\x2d\x69\x6e\x6b\x73\x63\x61\
\x70\x65\x2d\x73\x74\x72\x6f\x6b\x65\x3a\x6e\x6f\x6e\x65\x22\x2f\
\x3e\x3c\x73\x74\x79\x6c\x65\x2f\x3e\x3c\x2f\x73\x76\x67\x3e\x0d\
\x0a\
\x00\x00\x10\x1b\
\x3c\
\x3f\x78\x6d\x6c\x20\x76\x65\x72\x73\x69\x6f\x6e\x3d\x22\x31\x2e\
\x30\x22\x20\x65\x6e\x63\x6f\x64\x69\x6e\x67\x3d\x22\x55\x54\x46\
\x2d\x38\x22\x20\x73\x74\x61\x6e\x64\x61\x6c\x6f\x6e\x65\x3d\x22\
\x6e\x6f\x22\x3f\x3e\x0d\x0a\x3c\x73\x76\x67\x0d\x0a\x20\x20\x20\
\x78\x6d\x6c\x6e\x73\x3a\x64\x63\x3d\x22\x68\x74\x74\x70\x3a\x2f\
\x2f\x70\x75\x72\x6c\x2e\x6f\x72\x67\x2f\x64\x63\x2f\x65\x6c\x65\
\x6d\x65\x6e\x74\x73\x2f\x31\x2e\x31\x2f\x22\x0d\x0a\x20\x20\x20\
\x78\x6d\x6c\x6e\x73\x3a\x63\x63\x3d\x22\x68\x74\x74\x70\x3a\x2f\
\x2f\x63\x72\x65\x61\x74\x69\x76\x65\x63\x6f\x6d\x6d\x6f\x6e\x73\
\x2e\x6f\x72\x67\x2f\x6e\x73\x23\x22\x0d\x0a\x20\x20\x20\x78\x6d\
\x6c\x6e\x73\x3a\x72\x64\x66\x3d\x22\x68\x74\x74\x70\x3a\x2f\x2f\
\x77\x77\x77\x2e\x77\x33\x2e\x6f\x72\x67\x2f\x31\x39\x39\x39\x2f\
\x30\x32\x2f\x32\x32\x2d\x72\x64\x66\x2d\x73\x79\x6e\x74\x61\x78\
\x2d\x6e\x73\x23\x22\x0d\x0a\x20\x20\x20\x78\x6d\x6c\x6e\x73\x3a\
\x73\x76\x67\x3d\x22\x68\x74\x74\x70\x3a\x2f\x2f\x77\x77\x77\x2e\
\x77\x33\x2e\x6f\x72\x67\x2f\x32\x30\x30\x30\x2f\x73\x76\x67\x22\
\x0d\x0a\x20\x20\x20\x78\x6d\x6c\x6e\x73\x3d\x22\x68\x74\x74\x70\
\x3a\x2f\x2f\x77\x77\x77\x2e\x77\x33\x2e\x6f\x72\x67\x2f\x32\x30\
\x30\x30\x2f\x73\x76\x67\x22\x0d\x0a\x20\x20\x20\x78\x6d\x6c\x6e\
\x73\x3a\x73\x6f\x64\x69\x70\x6f\x64\x69\x3d\x22\x68\x74\x74\x70\
\x3a\x2f\x2f\x73\x6f\x64\x69\x70\x6f\x64\x69\x2e\x73\x6f\x75\x72\
\x63\x65\x66\x6f\x72\x67\x65\x2e\x6e\x65\x74\x2f\x44\x54\x44\x2f\
\x73\x6f\x64\x69\x70\x6f\x64\x69\x2d\x30\x2e\x64\x74\x64\x22\x0d\
\x0a\x20\x20\x20\x78\x6d\x6c\x6e\x73\x3a\x69\x6e\x6b\x73\x63\x61\
\x70\x65\x3d\x22\x68\x74\x74\x70\x3a\x2f\x2f\x77\x77\x77\x2e\x69\
\x6e\x6b\x73\x63\x61\x70\x65\x2e\x6f\x72\x67\x2f\x6e\x61\x6d\x65\
\x73\x70\x61\x63\x65\x73\x2f\x69\x6e\x6b\x73\x63\x61\x70\x65\x22\
\x0d\x0a\x20\x20\x20\x77\x69\x64\x74\x68\x3d\x22\x31\x36\x70\x78\
\x22\x0d\x0a\x20\x20\x20\x68\x65\x69\x67\x68\x74\x3d\x22\x31\x36\
\x70\x78\x22\x0d\x0a\x20\x20\x20\x76\x69\x65\x77\x42\x6f\x78\x3d\
\x22\x30\x20\x30\x20\x31\x36\x20\x31\x36\x22\x0d\x0a\x20\x20\x20\
\x69\x64\x3d\x22\x73\x76\x67\x32\x22\x0d\x0a\x20\x20\x20\x76\x65\
\x72\x73\x69\x6f\x6e\x3d\x22\x31\x2e\x31\x22\x0d\x0a\x20\x20\x20\
\x69\x6e\x6b\x73\x63\x61\x70\x65\x3a\x76\x65\x72\x73\x69\x6f\x6e\
\x3d\x22\x30\x2e\x39\x32\x2e\x35\x20\x28\x32\x30\x36\x30\x65\x63\
\x31\x66\x39\x66\x2c\x20\x32\x30\x32\x30\x2d\x30\x34\x2d\x30\x38\
\x29\x22\x0d\x0a\x20\x20\x20\x73\x6f\x64\x69\x70\x6f\x64\x69\x3a\
\x64\x6f\x63\x6e\x61\x6d\x65\x3d\x22\x6d\x61\x78\x69\x6d\x69\x7a\
\x65\x2d\x62\x75\x74\x74\x6f\x6e\x2d\x66\x6f\x63\x75\x73\x65\x64\
\x2e\x73\x76\x67\x22\x3e\x0d\x0a\x20\x20\x3c\x73\x74\x79\x6c\x65\
\x0d\x0a\x20\x20\x20\x20\x20\x69\x64\x3d\x22\x73\x74\x79\x6c\x65\
\x32\x22\x20\x2f\x3e\x0d\x0a\x20\x20\x3c\x64\x65\x66\x73\x0d\x0a\
\x20\x20\x20\x20\x20\x69\x64\x3d\x22\x64\x65\x66\x73\x34\x22\x3e\
\x0d\x0a\x20\x20\x20\x20\x3c\x70\x61\x74\x74\x65\x72\x6e\x0d\x0a\
\x20\x20\x20\x20\x20\x20\x20\x79\x3d\x22\x30\x22\x0d\x0a\x20\x20\
\x20\x20\x20\x20\x20\x78\x3d\x22\x30\x22\x0d\x0a\x20\x20\x20\x20\
\x20\x20\x20\x68\x65\x69\x67\x68\x74\x3d\x22\x36\x22\x0d\x0a\x20\
\x20\x20\x20\x20\x20\x20\x77\x69\x64\x74\x68\x3d\x22\x36\x22\x0d\
\x0a\x20\x20\x20\x20\x20\x20\x20\x70\x61\x74\x74\x65\x72\x6e\x55\
\x6e\x69\x74\x73\x3d\x22\x75\x73\x65\x72\x53\x70\x61\x63\x65\x4f\
\x6e\x55\x73\x65\x22\x0d\x0a\x20\x20\x20\x20\x20\x20\x20\x69\x64\
\x3d\x22\x45\x4d\x46\x68\x62\x61\x73\x65\x70\x61\x74\x74\x65\x72\
\x6e\x22\x20\x2f\x3e\x0d\x0a\x20\x20\x20\x20\x3c\x70\x61\x74\x74\
\x65\x72\x6e\x0d\x0a\x20\x20\x20\x20\x20\x20\x20\x79\x3d\x22\x30\
\x22\x0d\x0a\x20\x20\x20\x20\x20\x20\x20\x78\x3d\x22\x30\x22\x0d\
\x0a\x20\x20\x20\x20\x20\x20\x20\x68\x65\x69\x67\x68\x74\x3d\x22\
\x36\x22\x0d\x0a\x20\x20\x20\x20\x20\x20\x20\x77\x69\x64\x74\x68\
\x3d\x22\x36\x22\x0d\x0a\x20\x20\x20\x20\x20\x20\x20\x70\x61\x74\
\x74\x65\x72\x6e\x55\x6e\x69\x74\x73\x3d\x22\x75\x73\x65\x72\x53\
\x70\x61\x63\x65\x4f\x6e\x55\x73\x65\x22\x0d\x0a\x20\x20\x20\x20\
\x20\x20\x20\x69\x64\x3d\x22\x45\x4d\x46\x68\x62\x61\x73\x65\x70\
\x61\x74\x74\x65\x72\x6e\x2d\x34\x22\x20\x2f\x3e\x0d\x0a\x20\x20\
\x20\x20\x3c\x70\x61\x74\x74\x65\x72\x6e\x0d\x0a\x20\x20\x20\x20\
\x20\x20\x20\x79\x3d\x22\x30\x22\x0d\x0a\x20\x20\x20\x20\x20\x20\
\x20\x78\x3d\x22\x30\x22\x0d\x0a\x20\x20\x20\x20\x20\x20\x20\x68\
\x65\x69\x67\x68\x74\x3d\x22\x36\x22\x0d\x0a\x20\x20\x20\x20\x20\
\x20\x20\x77\x69\x64\x74\x68\x3d\x22\x36\x22\x0d\x0a\x20\x20\x20\
\x20\x20\x20\x20\x70\x61\x74\x74\x65\x72\x6e\x55\x6e\x69\x74\x73\
\x3d\x22\x75\x73\x65\x72\x53\x70\x61\x63\x65\x4f\x6e\x55\x73\x65\
\x22\x0d\x0a\x20\x20\x20\x20\x20\x20\x20\x69\x64\x3d\x22\x45\x4d\
\x46\x68\x62\x61\x73\x65\x70\x61\x74\x74\x65\x72\x6e\x2d\x33\x22\
\x20\x2f\x3e\x0d\x0a\x20\x20\x20\x20\x3c\x70\x61\x74\x74\x65\x72\
\x6e\x0d\x0a\x20\x20\x20\x20\x20\x20\x20\x79\x3d\x22\x30\x22\x0d\
\x0a\x20\x20\x20\x20\x20\x20\x20\x78\x3d\x22\x30\x22\x0d\x0a\x20\
\x20\x20\x20\x20\x20\x20\x68\x65\x69\x67\x68\x74\x3d\x22\x36\x22\
\x0d\x0a\x20\x20\x20\x20\x20\x20\x20\x77\x69\x64\x74\x68\x3d\x22\
\x36\x22\x0d\x0a\x20\x20\x20\x20\x20\x20\x20\x70\x61\x74\x74\x65\
\x72\x6e\x55\x6e\x69\x74\x73\x3d\x22\x75\x73\x65\x72\x53\x70\x61\
\x63\x65\x4f\x6e\x55\x73\x65\x22\x0d\x0a\x20\x20\x20\x20\x20\x20\
\x20\x69\x64\x3d\x22\x45\x4d\x46\x68\x62\x61\x73\x65\x70\x61\x74\
\x74\x65\x72\x6e\x2d\x38\x22\x20\x2f\x3e\x0d\x0a\x20\x20\x3c\x2f\
\x64\x65\x66\x73\x3e\x0d\x0a\x20\x20\x3c\x73\x6f\x64\x69\x70\x6f\
\x64\x69\x3a\x6e\x61\x6d\x65\x64\x76\x69\x65\x77\x0d\x0a\x20\x20\
\x20\x20\x20\x69\x64\x3d\x22\x62\x61\x73\x65\x22\x0d\x0a\x20\x20\
\x20\x20\x20\x70\x61\x67\x65\x63\x6f\x6c\x6f\x72\x3d\x22\x23\x66\
\x66\x66\x66\x66\x66\x22\x0d\x0a\x20\x20\x20\x20\x20\x62\x6f\x72\
\x64\x65\x72\x63\x6f\x6c\x6f\x72\x3d\x22\x23\x36\x36\x36\x36\x36\
\x36\x22\x0d\x0a\x20\x20\x20\x20\x20\x62\x6f\x72\x64\x65\x72\x6f\
\x70\x61\x63\x69\x74\x79\x3d\x22\x31\x2e\x30\x22\x0d\x0a\x20\x20\
\x20\x20\x20\x69\x6e\x6b\x73\x63\x61\x70\x65\x3a\x70\x61\x67\x65\
\x6f\x70\x61\x63\x69\x74\x79\x3d\x22\x30\x2e\x30\x22\x0d\x0a\x20\
\x20\x20\x20\x20\x69\x6e\x6b\x73\x63\x61\x70\x65\x3a\x70\x61\x67\
\x65\x73\x68\x61\x64\x6f\x77\x3d\x22\x32\x22\x0d\x0a\x20\x20\x20\
\x20\x20\x69\x6e\x6b\x73\x63\x61\x70\x65\x3a\x7a\x6f\x6f\x6d\x3d\
\x22\x33\x32\x22\x0d\x0a\x20\x20\x20\x20\x20\x69\x6e\x6b\x73\x63\
\x61\x70\x65\x3a\x63\x78\x3d\x22\x2d\x37\x2e\x34\x31\x34\x33\x31\
\x30\x36\x22\x0d\x0a\x20\x20\x20\x20\x20\x69\x6e\x6b\x73\x63\x61\
\x70\x65\x3a\x63\x79\x3d\x22\x36\x2e\x35\x39\x31\x31\x30\x34\x22\
\x0d\x0a\x20\x20\x20\x20\x20\x69\x6e\x6b\x73\x63\x61\x70\x65\x3a\
\x64\x6f\x63\x75\x6d\x65\x6e\x74\x2d\x75\x6e\x69\x74\x73\x3d\x22\
\x70\x78\x22\x0d\x0a\x20\x20\x20\x20\x20\x69\x6e\x6b\x73\x63\x61\
\x70\x65\x3a\x63\x75\x72\x72\x65\x6e\x74\x2d\x6c\x61\x79\x65\x72\
\x3d\x22\x67\x35\x32\x32\x38\x22\x0d\x0a\x20\x20\x20\x20\x20\x73\
\x68\x6f\x77\x67\x72\x69\x64\x3d\x22\x74\x72\x75\x65\x22\x0d\x0a\
\x20\x20\x20\x20\x20\x75\x6e\x69\x74\x73\x3d\x22\x70\x78\x22\x0d\
\x0a\x20\x20\x20\x20\x20\x69\x6e\x6b\x73\x63\x61\x70\x65\x3a\x77\
\x69\x6e\x64\x6f\x77\x2d\x77\x69\x64\x74\x68\x3d\x22\x31\x38\x34\
\x38\x22\x0d\x0a\x20\x20\x20\x20\x20\x69\x6e\x6b\x73\x63\x61\x70\
\x65\x3a\x77\x69\x6e\x64\x6f\x77\x2d\x68\x65\x69\x67\x68\x74\x3d\
\x22\x39\x32\x30\x22\x0d\x0a\x20\x20\x20\x20\x20\x69\x6e\x6b\x73\
\x63\x61\x70\x65\x3a\x77\x69\x6e\x64\x6f\x77\x2d\x78\x3d\x22\x37\
\x32\x22\x0d\x0a\x20\x20\x20\x20\x20\x69\x6e\x6b\x73\x63\x61\x70\
\x65\x3a\x77\x69\x6e\x64\x6f\x77\x2d\x79\x3d\x22\x32\x37\x22\x0d\
\x0a\x20\x20\x20\x20\x20\x69\x6e\x6b\x73\x63\x61\x70\x65\x3a\x77\
\x69\x6e\x64\x6f\x77\x2d\x6d\x61\x78\x69\x6d\x69\x7a\x65\x64\x3d\
\x22\x31\x22\x0d\x0a\x20\x20\x20\x20\x20\x69\x6e\x6b\x73\x63\x61\
\x70\x65\x3a\x73\x6e\x61\x70\x2d\x62\x62\x6f\x78\x3d\x22\x74\x72\
\x75\x65\x22\x0d\x0a\x20\x20\x20\x20\x20\x69\x6e\x6b\x73\x63\x61\
\x70\x65\x3a\x62\x62\x6f\x78\x2d\x70\x61\x74\x68\x73\x3d\x22\x74\
\x72\x75\x65\x22\x0d\x0a\x20\x20\x20\x20\x20\x69\x6e\x6b\x73\x63\
\x61\x70\x65\x3a\x62\x62\x6f\x78\x2d\x6e\x6f\x64\x65\x73\x3d\x22\
\x74\x72\x75\x65\x22\x0d\x0a\x20\x20\x20\x20\x20\x69\x6e\x6b\x73\
\x63\x61\x70\x65\x3a\x73\x6e\x61\x70\x2d\x62\x62\x6f\x78\x2d\x65\
\x64\x67\x65\x2d\x6d\x69\x64\x70\x6f\x69\x6e\x74\x73\x3d\x22\x74\
\x72\x75\x65\x22\x0d\x0a\x20\x20\x20\x20\x20\x69\x6e\x6b\x73\x63\
\x61\x70\x65\x3a\x73\x6e\x61\x70\x2d\x62\x62\x6f\x78\x2d\x6d\x69\
\x64\x70\x6f\x69\x6e\x74\x73\x3d\x22\x74\x72\x75\x65\x22\x0d\x0a\
\x20\x20\x20\x20\x20\x69\x6e\x6b\x73\x63\x61\x70\x65\x3a\x73\x6e\
\x61\x70\x2d\x67\x6c\x6f\x62\x61\x6c\x3d\x22\x74\x72\x75\x65\x22\
\x0d\x0a\x20\x20\x20\x20\x20\x69\x6e\x6b\x73\x63\x61\x70\x65\x3a\
\x64\x6f\x63\x75\x6d\x65\x6e\x74\x2d\x72\x6f\x74\x61\x74\x69\x6f\
\x6e\x3d\x22\x30\x22\x0d\x0a\x20\x20\x20\x20\x20\x73\x68\x6f\x77\
\x67\x75\x69\x64\x65\x73\x3d\x22\x74\x72\x75\x65\x22\x0d\x0a\x20\
\x20\x20\x20\x20\x69\x6e\x6b\x73\x63\x61\x70\x65\x3a\x67\x75\x69\
\x64\x65\x2d\x62\x62\x6f\x78\x3d\x22\x74\x72\x75\x65\x22\x3e\x0d\
\x0a\x20\x20\x20\x20\x3c\x69\x6e\x6b\x73\x63\x61\x70\x65\x3a\x67\
\x72\x69\x64\x0d\x0a\x20\x20\x20\x20\x20\x20\x20\x74\x79\x70\x65\
\x3d\x22\x78\x79\x67\x72\x69\x64\x22\x0d\x0a\x20\x20\x20\x20\x20\
\x20\x20\x69\x64\x3d\x22\x67\x72\x69\x64\x33\x33\x33\x36\x22\x20\
\x2f\x3e\x0d\x0a\x20\x20\x20\x20\x3c\x73\x6f\x64\x69\x70\x6f\x64\
\x69\x3a\x67\x75\x69\x64\x65\x0d\x0a\x20\x20\x20\x20\x20\x20\x20\
\x70\x6f\x73\x69\x74\x69\x6f\x6e\x3d\x22\x34\x2c\x31\x30\x22\x0d\
\x0a\x20\x20\x20\x20\x20\x20\x20\x6f\x72\x69\x65\x6e\x74\x61\x74\
\x69\x6f\x6e\x3d\x22\x31\x2c\x30\x22\x0d\x0a\x20\x20\x20\x20\x20\
\x20\x20\x69\x64\x3d\x22\x67\x75\x69\x64\x65\x38\x38\x33\x22\x0d\
\x0a\x20\x20\x20\x20\x20\x20\x20\x69\x6e\x6b\x73\x63\x61\x70\x65\
\x3a\x6c\x6f\x63\x6b\x65\x64\x3d\x22\x66\x61\x6c\x73\x65\x22\x20\
\x2f\x3e\x0d\x0a\x20\x20\x20\x20\x3c\x73\x6f\x64\x69\x70\x6f\x64\
\x69\x3a\x67\x75\x69\x64\x65\x0d\x0a\x20\x20\x20\x20\x20\x20\x20\
\x70\x6f\x73\x69\x74\x69\x6f\x6e\x3d\x22\x31\x30\x2c\x31\x32\x22\
\x0d\x0a\x20\x20\x20\x20\x20\x20\x20\x6f\x72\x69\x65\x6e\x74\x61\
\x74\x69\x6f\x6e\x3d\x22\x30\x2c\x2d\x31\x22\x0d\x0a\x20\x20\x20\
\x20\x20\x20\x20\x69\x64\x3d\x22\x67\x75\x69\x64\x65\x38\x38\x35\
\x22\x0d\x0a\x20\x20\x20\x20\x20\x20\x20\x69\x6e\x6b\x73\x63\x61\
\x70\x65\x3a\x6c\x6f\x63\x6b\x65\x64\x3d\x22\x66\x61\x6c\x73\x65\
\x22\x20\x2f\x3e\x0d\x0a\x20\x20\x20\x20\x3c\x73\x6f\x64\x69\x70\
\x6f\x64\x69\x3a\x67\x75\x69\x64\x65\x0d\x0a\x20\x20\x20\x20\x20\
\x20\x20\x70\x6f\x73\x69\x74\x69\x6f\x6e\x3d\x22\x31\x32\x2c\x32\
\x22\x0d\x0a\x20\x20\x20\x20\x20\x20\x20\x6f\x72\x69\x65\x6e\x74\
\x61\x74\x69\x6f\x6e\x3d\x22\x31\x2c\x30\x22\x0d\x0a\x20\x20\x20\
\x20\x20\x20\x20\x69\x64\x3d\x22\x67\x75\x69\x64\x65\x38\x38\x37\
\x22\x0d\x0a\x20\x20\x20\x20\x20\x20\x20\x69\x6e\x6b\x73\x63\x61\
\x70\x65\x3a\x6c\x6f\x63\x6b\x65\x64\x3d\x22\x66\x61\x6c\x73\x65\
\x22\x20\x2f\x3e\x0d\x0a\x20\x20\x20\x20\x3c\x73\x6f\x64\x69\x70\
\x6f\x64\x69\x3a\x67\x75\x69\x64\x65\x0d\x0a\x20\x20\x20\x20\x20\
\x20\x20\x70\x6f\x73\x69\x74\x69\x6f\x6e\x3d\x22\x31\x34\x2c\x34\
\x22\x0d\x0a\x20\x20\x20\x20\x20\x20\x20\x6f\x72\x69\x65\x6e\x74\
\x61\x74\x69\x6f\x6e\x3d\x22\x30\x2c\x2d\x31\x22\x0d\x0a\x20\x20\
\x20\x20\x20\x20\x20\x69\x64\x3d\x22\x67\x75\x69\x64\x65\x38\x38\
\x39\x22\x0d\x0a\x20\x20\x20\x20\x20\x20\x20\x69\x6e\x6b\x73\x63\
\x61\x70\x65\x3a\x6c\x6f\x63\x6b\x65\x64\x3d\x22\x66\x61\x6c\x73\
\x65\x22\x20\x2f\x3e\x0d\x0a\x20\x20\x3c\x2f\x73\x6f\x64\x69\x70\
\x6f\x64\x69\x3a\x6e\x61\x6d\x65\x64\x76\x69\x65\x77\x3e\x0d\x0a\
\x20\x20\x3c\x67\x0d\x0a\x20\x20\x20\x20\x20\x69\x6e\x6b\x73\x63\
\x61\x70\x65\x3a\x6c\x61\x62\x65\x6c\x3d\x22\x4c\x61\x79\x65\x72\
\x20\x31\x22\x0d\x0a\x20\x20\x20\x20\x20\x69\x6e\x6b\x73\x63\x61\
\x70\x65\x3a\x67\x72\x6f\x75\x70\x6d\x6f\x64\x65\x3d\x22\x6c\x61\
\x79\x65\x72\x22\x0d\x0a\x20\x20\x20\x20\x20\x69\x64\x3d\x22\x6c\
\x61\x79\x65\x72\x31\x22\x0d\x0a\x20\x20\x20\x20\x20\x74\x72\x61\
\x6e\x73\x66\x6f\x72\x6d\x3d\x22\x74\x72\x61\x6e\x73\x6c\x61\x74\
\x65\x28\x30\x2c\x2d\x31\x30\x33\x36\x2e\x33\x36\x32\x32\x29\x22\
\x3e\x0d\x0a\x20\x20\x20\x20\x3c\x67\x0d\x0a\x20\x20\x20\x20\x20\
\x20\x20\x74\x72\x61\x6e\x73\x66\x6f\x72\x6d\x3d\x22\x74\x72\x61\
\x6e\x73\x6c\x61\x74\x65\x28\x36\x32\x38\x2c\x2d\x31\x34\x30\x2e\
\x34\x39\x39\x39\x38\x29\x22\x0d\x0a\x20\x20\x20\x20\x20\x20\x20\
\x69\x64\x3d\x22\x67\x35\x32\x32\x38\x22\x3e\x0d\x0a\x20\x20\x20\
\x20\x20\x20\x3c\x72\x65\x63\x74\x0d\x0a\x20\x20\x20\x20\x20\x20\
\x20\x20\x20\x69\x64\x3d\x22\x72\x65\x63\x74\x34\x30\x39\x34\x22\
\x0d\x0a\x20\x20\x20\x20\x20\x20\x20\x20\x20\x77\x69\x64\x74\x68\
\x3d\x22\x37\x22\x0d\x0a\x20\x20\x20\x20\x20\x20\x20\x20\x20\x68\
\x65\x69\x67\x68\x74\x3d\x22\x37\x22\x0d\x0a\x20\x20\x20\x20\x20\
\x20\x20\x20\x20\x78\x3d\x22\x2d\x36\x32\x33\x2e\x35\x22\x0d\x0a\
\x20\x20\x20\x20\x20\x20\x20\x20\x20\x79\x3d\x22\x31\x31\x38\x31\
\x2e\x33\x36\x32\x32\x22\x0d\x0a\x20\x20\x20\x20\x20\x20\x20\x20\
\x20\x73\x74\x79\x6c\x65\x3d\x22\x66\x69\x6c\x6c\x3a\x6e\x6f\x6e\
\x65\x3b\x73\x74\x72\x6f\x6b\x65\x3a\x23\x66\x66\x66\x66\x66\x66\
\x3b\x73\x74\x72\x6f\x6b\x65\x2d\x77\x69\x64\x74\x68\x3a\x30\x2e\
\x39\x39\x39\x39\x39\x39\x39\x34\x3b\x73\x74\x72\x6f\x6b\x65\x2d\
\x6c\x69\x6e\x65\x63\x61\x70\x3a\x62\x75\x74\x74\x3b\x73\x74\x72\
\x6f\x6b\x65\x2d\x6c\x69\x6e\x65\x6a\x6f\x69\x6e\x3a\x6d\x69\x74\
\x65\x72\x3b\x73\x74\x72\x6f\x6b\x65\x2d\x6d\x69\x74\x65\x72\x6c\
\x69\x6d\x69\x74\x3a\x34\x3b\x73\x74\x72\x6f\x6b\x65\x2d\x64\x61\
\x73\x68\x61\x72\x72\x61\x79\x3a\x6e\x6f\x6e\x65\x3b\x73\x74\x72\
\x6f\x6b\x65\x2d\x6f\x70\x61\x63\x69\x74\x79\x3a\x31\x3b\x70\x61\
\x69\x6e\x74\x2d\x6f\x72\x64\x65\x72\x3a\x6e\x6f\x72\x6d\x61\x6c\
\x22\x20\x2f\x3e\x0d\x0a\x20\x20\x20\x20\x3c\x2f\x67\x3e\x0d\x0a\
\x20\x20\x3c\x2f\x67\x3e\x0d\x0a\x20\x20\x3c\x6d\x65\x74\x61\x64\
\x61\x74\x61\x0d\x0a\x20\x20\x20\x20\x20\x69\x64\x3d\x22\x6d\x65\
\x74\x61\x64\x61\x74\x61\x31\x32\x22\x3e\x0d\x0a\x20\x20\x20\x20\
\x3c\x72\x64\x66\x3a\x52\x44\x46\x3e\x0d\x0a\x20\x20\x20\x20\x20\
\x20\x3c\x72\x64\x66\x3a\x44\x65\x73\x63\x72\x69\x70\x74\x69\x6f\
\x6e\x0d\x0a\x20\x20\x20\x20\x20\x20\x20\x20\x20\x61\x62\x6f\x75\
\x74\x3d\x22\x68\x74\x74\x70\x73\x3a\x2f\x2f\x69\x63\x6f\x6e\x73\
\x63\x6f\x75\x74\x2e\x63\x6f\x6d\x2f\x6c\x65\x67\x61\x6c\x23\x6c\
\x69\x63\x65\x6e\x73\x65\x73\x22\x0d\x0a\x20\x20\x20\x20\x20\x20\
\x20\x20\x20\x64\x63\x3a\x74\x69\x74\x6c\x65\x3d\x22\x4d\x65\x6e\
\x75\x2c\x20\x42\x61\x72\x2c\x20\x4c\x69\x6e\x65\x73\x2c\x20\x4f\
\x70\x74\x69\x6f\x6e\x2c\x20\x4c\x69\x73\x74\x2c\x20\x48\x61\x6d\
\x62\x75\x72\x67\x65\x72\x2c\x20\x57\x65\x62\x22\x0d\x0a\x20\x20\
\x20\x20\x20\x20\x20\x20\x20\x64\x63\x3a\x64\x65\x73\x63\x72\x69\
\x70\x74\x69\x6f\x6e\x3d\x22\x4d\x65\x6e\x75\x2c\x20\x42\x61\x72\
\x2c\x20\x4c\x69\x6e\x65\x73\x2c\x20\x4f\x70\x74\x69\x6f\x6e\x2c\
\x20\x4c\x69\x73\x74\x2c\x20\x48\x61\x6d\x62\x75\x72\x67\x65\x72\
\x2c\x20\x57\x65\x62\x22\x0d\x0a\x20\x20\x20\x20\x20\x20\x20\x20\
\x20\x64\x63\x3a\x70\x75\x62\x6c\x69\x73\x68\x65\x72\x3d\x22\x49\
\x63\x6f\x6e\x73\x63\x6f\x75\x74\x22\x0d\x0a\x20\x20\x20\x20\x20\
\x20\x20\x20\x20\x64\x63\x3a\x64\x61\x74\x65\x3d\x22\x32\x30\x31\
\x36\x2d\x31\x32\x2d\x31\x34\x22\x0d\x0a\x20\x20\x20\x20\x20\x20\
\x20\x20\x20\x64\x63\x3a\x66\x6f\x72\x6d\x61\x74\x3d\x22\x69\x6d\
\x61\x67\x65\x2f\x73\x76\x67\x2b\x78\x6d\x6c\x22\x0d\x0a\x20\x20\
\x20\x20\x20\x20\x20\x20\x20\x64\x63\x3a\x6c\x61\x6e\x67\x75\x61\
\x67\x65\x3d\x22\x65\x6e\x22\x3e\x0d\x0a\x20\x20\x20\x20\x20\x20\
\x20\x20\x3c\x64\x63\x3a\x63\x72\x65\x61\x74\x6f\x72\x3e\x0d\x0a\
\x20\x20\x20\x20\x20\x20\x20\x20\x20\x20\x3c\x72\x64\x66\x3a\x42\
\x61\x67\x3e\x0d\x0a\x20\x20\x20\x20\x20\x20\x20\x20\x20\x20\x20\
\x20\x3c\x72\x64\x66\x3a\x6c\x69\x3e\x4a\x65\x6d\x69\x73\x20\x4d\
\x61\x6c\x69\x3c\x2f\x72\x64\x66\x3a\x6c\x69\x3e\x0d\x0a\x20\x20\
\x20\x20\x20\x20\x20\x20\x20\x20\x3c\x2f\x72\x64\x66\x3a\x42\x61\
\x67\x3e\x0d\x0a\x20\x20\x20\x20\x20\x20\x20\x20\x3c\x2f\x64\x63\
\x3a\x63\x72\x65\x61\x74\x6f\x72\x3e\x0d\x0a\x20\x20\x20\x20\x20\
\x20\x3c\x2f\x72\x64\x66\x3a\x44\x65\x73\x63\x72\x69\x70\x74\x69\
\x6f\x6e\x3e\x0d\x0a\x20\x20\x20\x20\x20\x20\x3c\x63\x63\x3a\x57\
\x6f\x72\x6b\x0d\x0a\x20\x20\x20\x20\x20\x20\x20\x20\x20\x72\x64\
\x66\x3a\x61\x62\x6f\x75\x74\x3d\x22\x22\x3e\x0d\x0a\x20\x20\x20\
\x20\x20\x20\x20\x20\x3c\x64\x63\x3a\x66\x6f\x72\x6d\x61\x74\x3e\
\x69\x6d\x61\x67\x65\x2f\x73\x76\x67\x2b\x78\x6d\x6c\x3c\x2f\x64\
\x63\x3a\x66\x6f\x72\x6d\x61\x74\x3e\x0d\x0a\x20\x20\x20\x20\x20\
\x20\x20\x20\x3c\x64\x63\x3a\x74\x79\x70\x65\x0d\x0a\x20\x20\x20\
\x20\x20\x20\x20\x20\x20\x20\x20\x72\x64\x66\x3a\x72\x65\x73\x6f\
\x75\x72\x63\x65\x3d\x22\x68\x74\x74\x70\x3a\x2f\x2f\x70\x75\x72\
\x6c\x2e\x6f\x72\x67\x2f\x64\x63\x2f\x64\x63\x6d\x69\x74\x79\x70\
\x65\x2f\x53\x74\x69\x6c\x6c\x49\x6d\x61\x67\x65\x22\x20\x2f\x3e\
\x0d\x0a\x20\x20\x20\x20\x20\x20\x20\x20\x3c\x64\x63\x3a\x74\x69\
\x74\x6c\x65\x3e\x3c\x2f\x64\x63\x3a\x74\x69\x74\x6c\x65\x3e\x0d\
\x0a\x20\x20\x20\x20\x20\x20\x3c\x2f\x63\x63\x3a\x57\x6f\x72\x6b\
\x3e\x0d\x0a\x20\x20\x20\x20\x3c\x2f\x72\x64\x66\x3a\x52\x44\x46\
\x3e\x0d\x0a\x20\x20\x3c\x2f\x6d\x65\x74\x61\x64\x61\x74\x61\x3e\
\x0d\x0a\x3c\x2f\x73\x76\x67\x3e\x0d\x0a\
\x00\x00\x01\x27\
\x3c\
\x3f\x78\x6d\x6c\x20\x76\x65\x72\x73\x69\x6f\x6e\x3d\x22\x31\x2e\
\x30\x22\x20\x65\x6e\x63\x6f\x64\x69\x6e\x67\x3d\x22\x55\x54\x46\
\x2d\x38\x22\x3f\x3e\x0d\x0a\x3c\x73\x76\x67\x20\x77\x69\x64\x74\
\x68\x3d\x22\x31\x36\x22\x20\x68\x65\x69\x67\x68\x74\x3d\x22\x31\
\x36\x22\x20\x65\x6e\x61\x62\x6c\x65\x2d\x62\x61\x63\x6b\x67\x72\
\x6f\x75\x6e\x64\x3d\x22\x6e\x65\x77\x20\x30\x20\x30\x20\x31\x32\
\x32\x2e\x38\x37\x39\x20\x31\x32\x32\x2e\x38\x36\x37\x22\x20\x76\
\x65\x72\x73\x69\x6f\x6e\x3d\x22\x31\x2e\x31\x22\x20\x76\x69\x65\
\x77\x42\x6f\x78\x3d\x22\x30\x20\x30\x20\x31\x36\x20\x31\x36\x22\
\x20\x78\x6d\x6c\x3a\x73\x70\x61\x63\x65\x3d\x22\x70\x72\x65\x73\
\x65\x72\x76\x65\x22\x20\x78\x6d\x6c\x6e\x73\x3d\x22\x68\x74\x74\
\x70\x3a\x2f\x2f\x77\x77\x77\x2e\x77\x33\x2e\x6f\x72\x67\x2f\x32\
\x30\x30\x30\x2f\x73\x76\x67\x22\x3e\x3c\x72\x65\x63\x74\x20\x78\
\x3d\x22\x34\x22\x20\x79\x3d\x22\x31\x30\x22\x20\x77\x69\x64\x74\
\x68\x3d\x22\x37\x22\x20\x68\x65\x69\x67\x68\x74\x3d\x22\x32\x22\
\x20\x66\x69\x6c\x6c\x3d\x22\x23\x66\x66\x66\x22\x2f\x3e\x3c\x73\
\x74\x79\x6c\x65\x2f\x3e\x3c\x73\x74\x79\x6c\x65\x2f\x3e\x3c\x73\
\x74\x79\x6c\x65\x2f\x3e\x3c\x73\x74\x79\x6c\x65\x2f\x3e\x3c\x2f\
\x73\x76\x67\x3e\x0d\x0a\
\x00\x00\x0f\x4e\
\x3c\
\x3f\x78\x6d\x6c\x20\x76\x65\x72\x73\x69\x6f\x6e\x3d\x22\x31\x2e\
\x30\x22\x20\x65\x6e\x63\x6f\x64\x69\x6e\x67\x3d\x22\x55\x54\x46\
\x2d\x38\x22\x20\x73\x74\x61\x6e\x64\x61\x6c\x6f\x6e\x65\x3d\x22\
\x6e\x6f\x22\x3f\x3e\x0d\x0a\x3c\x73\x76\x67\x0d\x0a\x20\x20\x20\
\x78\x6d\x6c\x6e\x73\x3a\x64\x63\x3d\x22\x68\x74\x74\x70\x3a\x2f\
\x2f\x70\x75\x72\x6c\x2e\x6f\x72\x67\x2f\x64\x63\x2f\x65\x6c\x65\
\x6d\x65\x6e\x74\x73\x2f\x31\x2e\x31\x2f\x22\x0d\x0a\x20\x20\x20\
\x78\x6d\x6c\x6e\x73\x3a\x63\x63\x3d\x22\x68\x74\x74\x70\x3a\x2f\
\x2f\x63\x72\x65\x61\x74\x69\x76\x65\x63\x6f\x6d\x6d\x6f\x6e\x73\
\x2e\x6f\x72\x67\x2f\x6e\x73\x23\x22\x0d\x0a\x20\x20\x20\x78\x6d\
\x6c\x6e\x73\x3a\x72\x64\x66\x3d\x22\x68\x74\x74\x70\x3a\x2f\x2f\
\x77\x77\x77\x2e\x77\x33\x2e\x6f\x72\x67\x2f\x31\x39\x39\x39\x2f\
\x30\x32\x2f\x32\x32\x2d\x72\x64\x66\x2d\x73\x79\x6e\x74\x61\x78\
\x2d\x6e\x73\x23\x22\x0d\x0a\x20\x20\x20\x78\x6d\x6c\x6e\x73\x3a\
\x73\x76\x67\x3d\x22\x68\x74\x74\x70\x3a\x2f\x2f\x77\x77\x77\x2e\
\x77\x33\x2e\x6f\x72\x67\x2f\x32\x30\x30\x30\x2f\x73\x76\x67\x22\
\x0d\x0a\x20\x20\x20\x78\x6d\x6c\x6e\x73\x3d\x22\x68\x74\x74\x70\
\x3a\x2f\x2f\x77\x77\x77\x2e\x77\x33\x2e\x6f\x72\x67\x2f\x32\x30\
\x30\x30\x2f\x73\x76\x67\x22\x0d\x0a\x20\x20\x20\x78\x6d\x6c\x6e\
\x73\x3a\x73\x6f\x64\x69\x70\x6f\x64\x69\x3d\x22\x68\x74\x74\x70\
\x3a\x2f\x2f\x73\x6f\x64\x69\x70\x6f\x64\x69\x2e\x73\x6f\x75\x72\
\x63\x65\x66\x6f\x72\x67\x65\x2e\x6e\x65\x74\x2f\x44\x54\x44\x2f\
\x73\x6f\x64\x69\x70\x6f\x64\x69\x2d\x30\x2e\x64\x74\x64\x22\x0d\
\x0a\x20\x20\x20\x78\x6d\x6c\x6e\x73\x3a\x69\x6e\x6b\x73\x63\x61\
\x70\x65\x3d\x22\x68\x74\x74\x70\x3a\x2f\x2f\x77\x77\x77\x2e\x69\
\x6e\x6b\x73\x63\x61\x70\x65\x2e\x6f\x72\x67\x2f\x6e\x61\x6d\x65\
\x73\x70\x61\x63\x65\x73\x2f\x69\x6e\x6b\x73\x63\x61\x70\x65\x22\
\x0d\x0a\x20\x20\x20\x73\x6f\x64\x69\x70\x6f\x64\x69\x3a\x64\x6f\
\x63\x6e\x61\x6d\x65\x3d\x22\x74\x61\x62\x73\x2d\x6d\x65\x6e\x75\
\x2d\x62\x75\x74\x74\x6f\x6e\x2e\x73\x76\x67\x22\x0d\x0a\x20\x20\
\x20\x69\x6e\x6b\x73\x63\x61\x70\x65\x3a\x76\x65\x72\x73\x69\x6f\
\x6e\x3d\x22\x31\x2e\x30\x20\x28\x34\x30\x33\x35\x61\x34\x66\x62\
\x34\x39\x2c\x20\x32\x30\x32\x30\x2d\x30\x35\x2d\x30\x31\x29\x22\
\x0d\x0a\x20\x20\x20\x76\x65\x72\x73\x69\x6f\x6e\x3d\x22\x31\x2e\
\x31\x22\x0d\x0a\x20\x20\x20\x69\x64\x3d\x22\x73\x76\x67\x32\x22\
\x0d\x0a\x20\x20\x20\x76\x69\x65\x77\x42\x6f\x78\x3d\x22\x30\x20\
\x30\x20\x31\x36\x20\x31\x36\x22\x0d\x0a\x20\x20\x20\x68\x65\x69\
\x67\x68\x74\x3d\x22\x31\x36\x70\x78\x22\x0d\x0a\x20\x20\x20\x77\
\x69\x64\x74\x68\x3d\x22\x31\x36\x70\x78\x22\x3e\x0d\x0a\x20\x20\
\x3c\x73\x74\x79\x6c\x65\x0d\x0a\x20\x20\x20\x20\x20\x69\x64\x3d\
\x22\x73\x74\x79\x6c\x65\x32\x22\x3e\x3c\x2f\x73\x74\x79\x6c\x65\
\x3e\x0d\x0a\x20\x20\x3c\x64\x65\x66\x73\x0d\x0a\x20\x20\x20\x20\
\x20\x69\x64\x3d\x22\x64\x65\x66\x73\x34\x22\x3e\x0d\x0a\x20\x20\
\x20\x20\x3c\x70\x61\x74\x74\x65\x72\x6e\x0d\x0a\x20\x20\x20\x20\
\x20\x20\x20\x69\x64\x3d\x22\x45\x4d\x46\x68\x62\x61\x73\x65\x70\
\x61\x74\x74\x65\x72\x6e\x22\x0d\x0a\x20\x20\x20\x20\x20\x20\x20\
\x70\x61\x74\x74\x65\x72\x6e\x55\x6e\x69\x74\x73\x3d\x22\x75\x73\
\x65\x72\x53\x70\x61\x63\x65\x4f\x6e\x55\x73\x65\x22\x0d\x0a\x20\
\x20\x20\x20\x20\x20\x20\x77\x69\x64\x74\x68\x3d\x22\x36\x22\x0d\
\x0a\x20\x20\x20\x20\x20\x20\x20\x68\x65\x69\x67\x68\x74\x3d\x22\
\x36\x22\x0d\x0a\x20\x20\x20\x20\x20\x20\x20\x78\x3d\x22\x30\x22\
\x0d\x0a\x20\x20\x20\x20\x20\x20\x20\x79\x3d\x22\x30\x22\x20\x2f\
\x3e\x0d\x0a\x20\x20\x20\x20\x3c\x70\x61\x74\x74\x65\x72\x6e\x0d\
\x0a\x20\x20\x20\x20\x20\x20\x20\x69\x64\x3d\x22\x45\x4d\x46\x68\
\x62\x61\x73\x65\x70\x61\x74\x74\x65\x72\x6e\x2d\x34\x22\x0d\x0a\
\x20\x20\x20\x20\x20\x20\x20\x70\x61\x74\x74\x65\x72\x6e\x55\x6e\
\x69\x74\x73\x3d\x22\x75\x73\x65\x72\x53\x70\x61\x63\x65\x4f\x6e\
\x55\x73\x65\x22\x0d\x0a\x20\x20\x20\x20\x20\x20\x20\x77\x69\x64\
\x74\x68\x3d\x22\x36\x22\x0d\x0a\x20\x20\x20\x20\x20\x20\x20\x68\
\x65\x69\x67\x68\x74\x3d\x22\x36\x22\x0d\x0a\x20\x20\x20\x20\x20\
\x20\x20\x78\x3d\x22\x30\x22\x0d\x0a\x20\x20\x20\x20\x20\x20\x20\
\x79\x3d\x22\x30\x22\x20\x2f\x3e\x0d\x0a\x20\x20\x20\x20\x3c\x70\
\x61\x74\x74\x65\x72\x6e\x0d\x0a\x20\x20\x20\x20\x20\x20\x20\x69\
\x64\x3d\x22\x45\x4d\x46\x68\x62\x61\x73\x65\x70\x61\x74\x74\x65\
\x72\x6e\x2d\x33\x22\x0d\x0a\x20\x20\x20\x20\x20\x20\x20\x70\x61\
\x74\x74\x65\x72\x6e\x55\x6e\x69\x74\x73\x3d\x22\x75\x73\x65\x72\
\x53\x70\x61\x63\x65\x4f\x6e\x55\x73\x65\x22\x0d\x0a\x20\x20\x20\
\x20\x20\x20\x20\x77\x69\x64\x74\x68\x3d\x22\x36\x22\x0d\x0a\x20\
\x20\x20\x20\x20\x20\x20\x68\x65\x69\x67\x68\x74\x3d\x22\x36\x22\
\x0d\x0a\x20\x20\x20\x20\x20\x20\x20\x78\x3d\x22\x30\x22\x0d\x0a\
\x20\x20\x20\x20\x20\x20\x20\x79\x3d\x22\x30\x22\x20\x2f\x3e\x0d\
\x0a\x20\x20\x20\x20\x3c\x70\x61\x74\x74\x65\x72\x6e\x0d\x0a\x20\
\x20\x20\x20\x20\x20\x20\x69\x64\x3d\x22\x45\x4d\x46\x68\x62\x61\
\x73\x65\x70\x61\x74\x74\x65\x72\x6e\x2d\x38\x22\x0d\x0a\x20\x20\
\x20\x20\x20\x20\x20\x70\x61\x74\x74\x65\x72\x6e\x55\x6e\x69\x74\
\x73\x3d\x22\x75\x73\x65\x72\x53\x70\x61\x63\x65\x4f\x6e\x55\x73\
\x65\x22\x0d\x0a\x20\x20\x20\x20\x20\x20\x20\x77\x69\x64\x74\x68\
\x3d\x22\x36\x22\x0d\x0a\x20\x20\x20\x20\x20\x20\x20\x68\x65\x69\
\x67\x68\x74\x3d\x22\x36\x22\x0d\x0a\x20\x20\x20\x20\x20\x20\x20\
\x78\x3d\x22\x30\x22\x0d\x0a\x20\x20\x20\x20\x20\x20\x20\x79\x3d\
\x22\x30\x22\x20\x2f\x3e\x0d\x0a\x20\x20\x3c\x2f\x64\x65\x66\x73\
\x3e\x0d\x0a\x20\x20\x3c\x73\x6f\x64\x69\x70\x6f\x64\x69\x3a\x6e\
\x61\x6d\x65\x64\x76\x69\x65\x77\x0d\x0a\x20\x20\x20\x20\x20\x69\
\x6e\x6b\x73\x63\x61\x70\x65\x3a\x67\x75\x69\x64\x65\x2d\x62\x62\
\x6f\x78\x3d\x22\x74\x72\x75\x65\x22\x0d\x0a\x20\x20\x20\x20\x20\
\x73\x68\x6f\x77\x67\x75\x69\x64\x65\x73\x3d\x22\x74\x72\x75\x65\
\x22\x0d\x0a\x20\x20\x20\x20\x20\x69\x6e\x6b\x73\x63\x61\x70\x65\
\x3a\x64\x6f\x63\x75\x6d\x65\x6e\x74\x2d\x72\x6f\x74\x61\x74\x69\
\x6f\x6e\x3d\x22\x30\x22\x0d\x0a\x20\x20\x20\x20\x20\x69\x6e\x6b\
\x73\x63\x61\x70\x65\x3a\x73\x6e\x61\x70\x2d\x67\x6c\x6f\x62\x61\
\x6c\x3d\x22\x74\x72\x75\x65\x22\x0d\x0a\x20\x20\x20\x20\x20\x69\
\x6e\x6b\x73\x63\x61\x70\x65\x3a\x73\x6e\x61\x70\x2d\x62\x62\x6f\
\x78\x2d\x6d\x69\x64\x70\x6f\x69\x6e\x74\x73\x3d\x22\x74\x72\x75\
\x65\x22\x0d\x0a\x20\x20\x20\x20\x20\x69\x6e\x6b\x73\x63\x61\x70\
\x65\x3a\x73\x6e\x61\x70\x2d\x62\x62\x6f\x78\x2d\x65\x64\x67\x65\
\x2d\x6d\x69\x64\x70\x6f\x69\x6e\x74\x73\x3d\x22\x74\x72\x75\x65\
\x22\x0d\x0a\x20\x20\x20\x20\x20\x69\x6e\x6b\x73\x63\x61\x70\x65\
\x3a\x62\x62\x6f\x78\x2d\x6e\x6f\x64\x65\x73\x3d\x22\x74\x72\x75\
\x65\x22\x0d\x0a\x20\x20\x20\x20\x20\x69\x6e\x6b\x73\x63\x61\x70\
\x65\x3a\x62\x62\x6f\x78\x2d\x70\x61\x74\x68\x73\x3d\x22\x74\x72\
\x75\x65\x22\x0d\x0a\x20\x20\x20\x20\x20\x69\x6e\x6b\x73\x63\x61\
\x70\x65\x3a\x73\x6e\x61\x70\x2d\x62\x62\x6f\x78\x3d\x22\x74\x72\
\x75\x65\x22\x0d\x0a\x20\x20\x20\x20\x20\x69\x6e\x6b\x73\x63\x61\
\x70\x65\x3a\x77\x69\x6e\x64\x6f\x77\x2d\x6d\x61\x78\x69\x6d\x69\
\x7a\x65\x64\x3d\x22\x31\x22\x0d\x0a\x20\x20\x20\x20\x20\x69\x6e\
\x6b\x73\x63\x61\x70\x65\x3a\x77\x69\x6e\x64\x6f\x77\x2d\x79\x3d\
\x22\x2d\x38\x22\x0d\x0a\x20\x20\x20\x20\x20\x69\x6e\x6b\x73\x63\
\x61\x70\x65\x3a\x77\x69\x6e\x64\x6f\x77\x2d\x78\x3d\x22\x2d\x38\
\x22\x0d\x0a\x20\x20\x20\x20\x20\x69\x6e\x6b\x73\x63\x61\x70\x65\
\x3a\x77\x69\x6e\x64\x6f\x77\x2d\x68\x65\x69\x67\x68\x74\x3d\x22\
\x31\x30\x31\x37\x22\x0d\x0a\x20\x20\x20\x20\x20\x69\x6e\x6b\x73\
\x63\x61\x70\x65\x3a\x77\x69\x6e\x64\x6f\x77\x2d\x77\x69\x64\x74\
\x68\x3d\x22\x31\x39\x32\x30\x22\x0d\x0a\x20\x20\x20\x20\x20\x75\
\x6e\x69\x74\x73\x3d\x22\x70\x78\x22\x0d\x0a\x20\x20\x20\x20\x20\
\x73\x68\x6f\x77\x67\x72\x69\x64\x3d\x22\x74\x72\x75\x65\x22\x0d\
\x0a\x20\x20\x20\x20\x20\x69\x6e\x6b\x73\x63\x61\x70\x65\x3a\x63\
\x75\x72\x72\x65\x6e\x74\x2d\x6c\x61\x79\x65\x72\x3d\x22\x67\x35\
\x32\x32\x38\x22\x0d\x0a\x20\x20\x20\x20\x20\x69\x6e\x6b\x73\x63\
\x61\x70\x65\x3a\x64\x6f\x63\x75\x6d\x65\x6e\x74\x2d\x75\x6e\x69\
\x74\x73\x3d\x22\x70\x78\x22\x0d\x0a\x20\x20\x20\x20\x20\x69\x6e\
\x6b\x73\x63\x61\x70\x65\x3a\x63\x79\x3d\x22\x31\x33\x2e\x31\x37\
\x36\x39\x31\x22\x0d\x0a\x20\x20\x20\x20\x20\x69\x6e\x6b\x73\x63\
\x61\x70\x65\x3a\x63\x78\x3d\x22\x36\x2e\x32\x33\x31\x36\x38\x38\
\x39\x22\x0d\x0a\x20\x20\x20\x20\x20\x69\x6e\x6b\x73\x63\x61\x70\
\x65\x3a\x7a\x6f\x6f\x6d\x3d\x22\x32\x32\x2e\x36\x32\x37\x34\x31\
\x37\x22\x0d\x0a\x20\x20\x20\x20\x20\x69\x6e\x6b\x73\x63\x61\x70\
\x65\x3a\x70\x61\x67\x65\x73\x68\x61\x64\x6f\x77\x3d\x22\x32\x22\
\x0d\x0a\x20\x20\x20\x20\x20\x69\x6e\x6b\x73\x63\x61\x70\x65\x3a\
\x70\x61\x67\x65\x6f\x70\x61\x63\x69\x74\x79\x3d\x22\x30\x2e\x30\
\x22\x0d\x0a\x20\x20\x20\x20\x20\x62\x6f\x72\x64\x65\x72\x6f\x70\
\x61\x63\x69\x74\x79\x3d\x22\x31\x2e\x30\x22\x0d\x0a\x20\x20\x20\
\x20\x20\x62\x6f\x72\x64\x65\x72\x63\x6f\x6c\x6f\x72\x3d\x22\x23\
\x36\x36\x36\x36\x36\x36\x22\x0d\x0a\x20\x20\x20\x20\x20\x70\x61\
\x67\x65\x63\x6f\x6c\x6f\x72\x3d\x22\x23\x66\x66\x66\x66\x66\x66\
\x22\x0d\x0a\x20\x20\x20\x20\x20\x69\x64\x3d\x22\x62\x61\x73\x65\
\x22\x3e\x0d\x0a\x20\x20\x20\x20\x3c\x69\x6e\x6b\x73\x63\x61\x70\
\x65\x3a\x67\x72\x69\x64\x0d\x0a\x20\x20\x20\x20\x20\x20\x20\x69\
\x64\x3d\x22\x67\x72\x69\x64\x33\x33\x33\x36\x22\x0d\x0a\x20\x20\
\x20\x20\x20\x20\x20\x74\x79\x70\x65\x3d\x22\x78\x79\x67\x72\x69\
\x64\x22\x20\x2f\x3e\x0d\x0a\x20\x20\x20\x20\x3c\x73\x6f\x64\x69\
\x70\x6f\x64\x69\x3a\x67\x75\x69\x64\x65\x0d\x0a\x20\x20\x20\x20\
\x20\x20\x20\x69\x64\x3d\x22\x67\x75\x69\x64\x65\x38\x38\x33\x22\
\x0d\x0a\x20\x20\x20\x20\x20\x20\x20\x6f\x72\x69\x65\x6e\x74\x61\
\x74\x69\x6f\x6e\x3d\x22\x31\x2c\x30\x22\x0d\x0a\x20\x20\x20\x20\
\x20\x20\x20\x70\x6f\x73\x69\x74\x69\x6f\x6e\x3d\x22\x34\x2c\x31\
\x30\x22\x20\x2f\x3e\x0d\x0a\x20\x20\x20\x20\x3c\x73\x6f\x64\x69\
\x70\x6f\x64\x69\x3a\x67\x75\x69\x64\x65\x0d\x0a\x20\x20\x20\x20\
\x20\x20\x20\x69\x64\x3d\x22\x67\x75\x69\x64\x65\x38\x38\x35\x22\
\x0d\x0a\x20\x20\x20\x20\x20\x20\x20\x6f\x72\x69\x65\x6e\x74\x61\
\x74\x69\x6f\x6e\x3d\x22\x30\x2c\x2d\x31\x22\x0d\x0a\x20\x20\x20\
\x20\x20\x20\x20\x70\x6f\x73\x69\x74\x69\x6f\x6e\x3d\x22\x31\x30\
\x2c\x31\x32\x22\x20\x2f\x3e\x0d\x0a\x20\x20\x20\x20\x3c\x73\x6f\
\x64\x69\x70\x6f\x64\x69\x3a\x67\x75\x69\x64\x65\x0d\x0a\x20\x20\
\x20\x20\x20\x20\x20\x69\x64\x3d\x22\x67\x75\x69\x64\x65\x38\x38\
\x37\x22\x0d\x0a\x20\x20\x20\x20\x20\x20\x20\x6f\x72\x69\x65\x6e\
\x74\x61\x74\x69\x6f\x6e\x3d\x22\x31\x2c\x30\x22\x0d\x0a\x20\x20\
\x20\x20\x20\x20\x20\x70\x6f\x73\x69\x74\x69\x6f\x6e\x3d\x22\x31\
\x32\x2c\x32\x22\x20\x2f\x3e\x0d\x0a\x20\x20\x20\x20\x3c\x73\x6f\
\x64\x69\x70\x6f\x64\x69\x3a\x67\x75\x69\x64\x65\x0d\x0a\x20\x20\
\x20\x20\x20\x20\x20\x69\x64\x3d\x22\x67\x75\x69\x64\x65\x38\x38\
\x39\x22\x0d\x0a\x20\x20\x20\x20\x20\x20\x20\x6f\x72\x69\x65\x6e\
\x74\x61\x74\x69\x6f\x6e\x3d\x22\x30\x2c\x2d\x31\x22\x0d\x0a\x20\
\x20\x20\x20\x20\x20\x20\x70\x6f\x73\x69\x74\x69\x6f\x6e\x3d\x22\
\x31\x34\x2c\x34\x22\x20\x2f\x3e\x0d\x0a\x20\x20\x3c\x2f\x73\x6f\
\x64\x69\x70\x6f\x64\x69\x3a\x6e\x61\x6d\x65\x64\x76\x69\x65\x77\
\x3e\x0d\x0a\x20\x20\x3c\x67\x0d\x0a\x20\x20\x20\x20\x20\x74\x72\
\x61\x6e\x73\x66\x6f\x72\x6d\x3d\x22\x74\x72\x61\x6e\x73\x6c\x61\
\x74\x65\x28\x30\x2c\x2d\x31\x30\x33\x36\x2e\x33\x36\x32\x32\x29\
\x22\x0d\x0a\x20\x20\x20\x20\x20\x69\x64\x3d\x22\x6c\x61\x79\x65\
\x72\x31\x22\x0d\x0a\x20\x20\x20\x20\x20\x69\x6e\x6b\x73\x63\x61\
\x70\x65\x3a\x67\x72\x6f\x75\x70\x6d\x6f\x64\x65\x3d\x22\x6c\x61\
\x79\x65\x72\x22\x0d\x0a\x20\x20\x20\x20\x20\x69\x6e\x6b\x73\x63\
\x61\x70\x65\x3a\x6c\x61\x62\x65\x6c\x3d\x22\x4c\x61\x79\x65\x72\
\x20\x31\x22\x3e\x0d\x0a\x20\x20\x20\x20\x3c\x67\x0d\x0a\x20\x20\
\x20\x20\x20\x20\x20\x69\x64\x3d\x22\x67\x35\x32\x32\x38\x22\x0d\
\x0a\x20\x20\x20\x20\x20\x20\x20\x74\x72\x61\x6e\x73\x66\x6f\x72\
\x6d\x3d\x22\x74\x72\x61\x6e\x73\x6c\x61\x74\x65\x28\x36\x32\x38\
\x2c\x2d\x31\x34\x30\x2e\x34\x39\x39\x39\x38\x29\x22\x3e\x0d\x0a\
\x20\x20\x20\x20\x20\x20\x3c\x70\x61\x74\x68\x0d\x0a\x20\x20\x20\
\x20\x20\x20\x20\x20\x20\x69\x64\x3d\x22\x70\x61\x74\x68\x38\x34\
\x32\x22\x0d\x0a\x20\x20\x20\x20\x20\x20\x20\x20\x20\x64\x3d\x22\
\x6d\x20\x2d\x36\x32\x34\x2c\x31\x31\x38\x32\x2e\x38\x36\x32\x32\
\x20\x34\x2c\x34\x20\x34\x2c\x2d\x34\x20\x7a\x22\x0d\x0a\x20\x20\
\x20\x20\x20\x20\x20\x20\x20\x73\x74\x79\x6c\x65\x3d\x22\x66\x69\
\x6c\x6c\x3a\x23\x30\x30\x30\x30\x30\x30\x3b\x66\x69\x6c\x6c\x2d\
\x6f\x70\x61\x63\x69\x74\x79\x3a\x31\x3b\x66\x69\x6c\x6c\x2d\x72\
\x75\x6c\x65\x3a\x65\x76\x65\x6e\x6f\x64\x64\x3b\x73\x74\x72\x6f\
\x6b\x65\x3a\x6e\x6f\x6e\x65\x3b\x73\x74\x72\x6f\x6b\x65\x2d\x77\
\x69\x64\x74\x68\x3a\x31\x70\x78\x3b\x73\x74\x72\x6f\x6b\x65\x2d\
\x6c\x69\x6e\x65\x63\x61\x70\x3a\x62\x75\x74\x74\x3b\x73\x74\x72\
\x6f\x6b\x65\x2d\x6c\x69\x6e\x65\x6a\x6f\x69\x6e\x3a\x6d\x69\x74\
\x65\x72\x3b\x73\x74\x72\x6f\x6b\x65\x2d\x6f\x70\x61\x63\x69\x74\
\x79\x3a\x31\x22\x20\x2f\x3e\x0d\x0a\x20\x20\x20\x20\x3c\x2f\x67\
\x3e\x0d\x0a\x20\x20\x3c\x2f\x67\x3e\x0d\x0a\x20\x20\x3c\x6d\x65\
\x74\x61\x64\x61\x74\x61\x0d\x0a\x20\x20\x20\x20\x20\x69\x64\x3d\
\x22\x6d\x65\x74\x61\x64\x61\x74\x61\x31\x32\x22\x3e\x0d\x0a\x20\
\x20\x20\x20\x3c\x72\x64\x66\x3a\x52\x44\x46\x3e\x0d\x0a\x20\x20\
\x20\x20\x20\x20\x3c\x72\x64\x66\x3a\x44\x65\x73\x63\x72\x69\x70\
\x74\x69\x6f\x6e\x0d\x0a\x20\x20\x20\x20\x20\x20\x20\x20\x20\x64\
\x63\x3a\x6c\x61\x6e\x67\x75\x61\x67\x65\x3d\x22\x65\x6e\x22\x0d\
\x0a\x20\x20\x20\x20\x20\x20\x20\x20\x20\x64\x63\x3a\x66\x6f\x72\
\x6d\x61\x74\x3d\x22\x69\x6d\x61\x67\x65\x2f\x73\x76\x67\x2b\x78\
\x6d\x6c\x22\x0d\x0a\x20\x20\x20\x20\x20\x20\x20\x20\x20\x64\x63\
\x3a\x64\x61\x74\x65\x3d\x22\x32\x30\x31\x36\x2d\x31\x32\x2d\x31\
\x34\x22\x0d\x0a\x20\x20\x20\x20\x20\x20\x20\x20\x20\x64\x63\x3a\
\x70\x75\x62\x6c\x69\x73\x68\x65\x72\x3d\x22\x49\x63\x6f\x6e\x73\
\x63\x6f\x75\x74\x22\x0d\x0a\x20\x20\x20\x20\x20\x20\x20\x20\x20\
\x64\x63\x3a\x64\x65\x73\x63\x72\x69\x70\x74\x69\x6f\x6e\x3d\x22\
\x4d\x65\x6e\x75\x2c\x20\x42\x61\x72\x2c\x20\x4c\x69\x6e\x65\x73\
\x2c\x20\x4f\x70\x74\x69\x6f\x6e\x2c\x20\x4c\x69\x73\x74\x2c\x20\
\x48\x61\x6d\x62\x75\x72\x67\x65\x72\x2c\x20\x57\x65\x62\x22\x0d\
\x0a\x20\x20\x20\x20\x20\x20\x20\x20\x20\x64\x63\x3a\x74\x69\x74\
\x6c\x65\x3d\x22\x4d\x65\x6e\x75\x2c\x20\x42\x61\x72\x2c\x20\x4c\
\x69\x6e\x65\x73\x2c\x20\x4f\x70\x74\x69\x6f\x6e\x2c\x20\x4c\x69\
\x73\x74\x2c\x20\x48\x61\x6d\x62\x75\x72\x67\x65\x72\x2c\x20\x57\
\x65\x62\x22\x0d\x0a\x20\x20\x20\x20\x20\x20\x20\x20\x20\x61\x62\
\x6f\x75\x74\x3d\x22\x68\x74\x74\x70\x73\x3a\x2f\x2f\x69\x63\x6f\
\x6e\x73\x63\x6f\x75\x74\x2e\x63\x6f\x6d\x2f\x6c\x65\x67\x61\x6c\
\x23\x6c\x69\x63\x65\x6e\x73\x65\x73\x22\x3e\x0d\x0a\x20\x20\x20\
\x20\x20\x20\x20\x20\x3c\x64\x63\x3a\x63\x72\x65\x61\x74\x6f\x72\
\x3e\x0d\x0a\x20\x20\x20\x20\x20\x20\x20\x20\x20\x20\x3c\x72\x64\
\x66\x3a\x42\x61\x67\x3e\x0d\x0a\x20\x20\x20\x20\x20\x20\x20\x20\
\x20\x20\x20\x20\x3c\x72\x64\x66\x3a\x6c\x69\x3e\x4a\x65\x6d\x69\
\x73\x20\x4d\x61\x6c\x69\x3c\x2f\x72\x64\x66\x3a\x6c\x69\x3e\x0d\
\x0a\x20\x20\x20\x20\x20\x20\x20\x20\x20\x20\x3c\x2f\x72\x64\x66\
\x3a\x42\x61\x67\x3e\x0d\x0a\x20\x20\x20\x20\x20\x20\x20\x20\x3c\
\x2f\x64\x63\x3a\x63\x72\x65\x61\x74\x6f\x72\x3e\x0d\x0a\x20\x20\
\x20\x20\x20\x20\x3c\x2f\x72\x64\x66\x3a\x44\x65\x73\x63\x72\x69\
\x70\x74\x69\x6f\x6e\x3e\x0d\x0a\x20\x20\x20\x20\x20\x20\x3c\x63\
\x63\x3a\x57\x6f\x72\x6b\x0d\x0a\x20\x20\x20\x20\x20\x20\x20\x20\
\x20\x72\x64\x66\x3a\x61\x62\x6f\x75\x74\x3d\x22\x22\x3e\x0d\x0a\
\x20\x20\x20\x20\x20\x20\x20\x20\x3c\x64\x63\x3a\x66\x6f\x72\x6d\
\x61\x74\x3e\x69\x6d\x61\x67\x65\x2f\x73\x76\x67\x2b\x78\x6d\x6c\
\x3c\x2f\x64\x63\x3a\x66\x6f\x72\x6d\x61\x74\x3e\x0d\x0a\x20\x20\
\x20\x20\x20\x20\x20\x20\x3c\x64\x63\x3a\x74\x79\x70\x65\x0d\x0a\
\x20\x20\x20\x20\x20\x20\x20\x20\x20\x20\x20\x72\x64\x66\x3a\x72\
\x65\x73\x6f\x75\x72\x63\x65\x3d\x22\x68\x74\x74\x70\x3a\x2f\x2f\
\x70\x75\x72\x6c\x2e\x6f\x72\x67\x2f\x64\x63\x2f\x64\x63\x6d\x69\
\x74\x79\x70\x65\x2f\x53\x74\x69\x6c\x6c\x49\x6d\x61\x67\x65\x22\
\x20\x2f\x3e\x0d\x0a\x20\x20\x20\x20\x20\x20\x20\x20\x3c\x64\x63\
\x3a\x74\x69\x74\x6c\x65\x3e\x3c\x2f\x64\x63\x3a\x74\x69\x74\x6c\
\x65\x3e\x0d\x0a\x20\x20\x20\x20\x20\x20\x3c\x2f\x63\x63\x3a\x57\
\x6f\x72\x6b\x3e\x0d\x0a\x20\x20\x20\x20\x3c\x2f\x72\x64\x66\x3a\
\x52\x44\x46\x3e\x0d\x0a\x20\x20\x3c\x2f\x6d\x65\x74\x61\x64\x61\
\x74\x61\x3e\x0d\x0a\x3c\x2f\x73\x76\x67\x3e\x0d\x0a\
"

qt_resource_name = b"\
\x00\x03\
\x00\x00\x67\xb3\
\x00\x61\
\x00\x64\x00\x73\
\x00\x06\
\x07\x03\x7d\xc3\
\x00\x69\
\x00\x6d\x00\x61\x00\x67\x00\x65\x00\x73\
\x00\x0b\
\x0c\x6b\x3c\xf3\
\x00\x73\
\x00\x74\x00\x79\x00\x6c\x00\x65\x00\x73\x00\x68\x00\x65\x00\x65\x00\x74\x00\x73\
\x00\x13\
\x04\x66\x9a\xa3\
\x00\x66\
\x00\x6c\x00\x75\x00\x65\x00\x6e\x00\x74\x00\x5f\x00\x75\x00\x69\x00\x5f\x00\x6c\x00\x69\x00\x67\x00\x68\x00\x74\x00\x2e\x00\x63\
\x00\x73\x00\x73\
\x00\x16\
\x04\x78\xe7\xe3\
\x00\x66\
\x00\x6f\x00\x63\x00\x75\x00\x73\x00\x5f\x00\x68\x00\x69\x00\x67\x00\x68\x00\x6c\x00\x69\x00\x67\x00\x68\x00\x74\x00\x69\x00\x6e\
\x00\x67\x00\x2e\x00\x63\x00\x73\x00\x73\
\x00\x0f\
\x06\x27\x90\xe3\
\x00\x6d\
\x00\x6f\x00\x64\x00\x65\x00\x72\x00\x6e\x00\x5f\x00\x62\x00\x6c\x00\x75\x00\x65\x00\x2e\x00\x63\x00\x73\x00\x73\
\x00\x12\
\x07\x17\x50\xa3\
\x00\x66\
\x00\x6c\x00\x75\x00\x65\x00\x6e\x00\x74\x00\x5f\x00\x75\x00\x69\x00\x5f\x00\x64\x00\x61\x00\x72\x00\x6b\x00\x2e\x00\x63\x00\x73\
\x00\x73\
\x00\x11\
\x0c\x15\xf2\x83\
\x00\x64\
\x00\x65\x00\x66\x00\x61\x00\x75\x00\x6c\x00\x74\x00\x5f\x00\x6c\x00\x69\x00\x6e\x00\x75\x00\x78\x00\x2e\x00\x63\x00\x73\x00\x73\
\
\x00\x0b\
\x0c\xe2\x33\xa3\
\x00\x64\
\x00\x65\x00\x66\x00\x61\x00\x75\x00\x6c\x00\x74\x00\x2e\x00\x63\x00\x73\x00\x73\
\x00\x1c\
\x0d\x23\x55\x23\
\x00\x66\
\x00\x6f\x00\x63\x00\x75\x00\x73\x00\x5f\x00\x68\x00\x69\x00\x67\x00\x68\x00\x6c\x00\x69\x00\x67\x00\x68\x00\x74\x00\x69\x00\x6e\
\x00\x67\x00\x5f\x00\x6c\x00\x69\x00\x6e\x00\x75\x00\x78\x00\x2e\x00\x63\x00\x73\x00\x73\
\x00\x18\
\x00\xa4\x4e\xa7\
\x00\x63\
\x00\x6c\x00\x6f\x00\x73\x00\x65\x00\x2d\x00\x62\x00\x75\x00\x74\x00\x74\x00\x6f\x00\x6e\x00\x2d\x00\x66\x00\x6f\x00\x63\x00\x75\
\x00\x73\x00\x65\x00\x64\x00\x2e\x00\x73\x00\x76\x00\x67\
\x00\x1a\
\x00\xc0\xd9\x07\
\x00\x76\
\x00\x73\x00\x2d\x00\x70\x00\x69\x00\x6e\x00\x2d\x00\x62\x00\x75\x00\x74\x00\x74\x00\x6f\x00\x6e\x00\x2d\x00\x64\x00\x69\x00\x73\
\x00\x61\x00\x62\x00\x6c\x00\x65\x00\x64\x00\x2e\x00\x73\x00\x76\x00\x67\
\x00\x1a\
\x00\xe4\x3d\x07\
\x00\x72\
\x00\x65\x00\x73\x00\x74\x00\x6f\x00\x72\x00\x65\x00\x2d\x00\x62\x00\x75\x00\x74\x00\x74\x00\x6f\x00\x6e\x00\x2d\x00\x66\x00\x6f\
\x00\x63\x00\x75\x00\x73\x00\x65\x00\x64\x00\x2e\x00\x73\x00\x76\x00\x67\
\x00\x18\
\x02\xca\x94\xc7\
\x00\x76\
\x00\x73\x00\x2d\x00\x70\x00\x69\x00\x6e\x00\x2d\x00\x62\x00\x75\x00\x74\x00\x74\x00\x6f\x00\x6e\x00\x2d\x00\x70\x00\x69\x00\x6e\
\x00\x6e\x00\x65\x00\x64\x00\x2e\x00\x73\x00\x76\x00\x67\
\x00\x17\
\x03\x06\xcb\x47\
\x00\x63\
\x00\x6c\x00\x6f\x00\x73\x00\x65\x00\x2d\x00\x62\x00\x75\x00\x74\x00\x74\x00\x6f\x00\x6e\x00\x2d\x00\x69\x00\x6e\x00\x76\x00\x65\
\x00\x72\x00\x74\x00\x2e\x00\x73\x00\x76\x00\x67\
\x00\x19\
\x03\x4c\x6a\xc7\
\x00\x63\
\x00\x6c\x00\x6f\x00\x73\x00\x65\x00\x2d\x00\x62\x00\x75\x00\x74\x00\x74\x00\x6f\x00\x6e\x00\x2d\x00\x64\x00\x69\x00\x73\x00\x61\
\x00\x62\x00\x6c\x00\x65\x00\x64\x00\x2e\x00\x73\x00\x76\x00\x67\
\x00\x12\
\x04\x94\xce\x27\
\x00\x72\
\x00\x65\x00\x73\x00\x74\x00\x6f\x00\x72\x00\x65\x00\x2d\x00\x62\x00\x75\x00\x74\x00\x74\x00\x6f\x00\x6e\x00\x2e\x00\x73\x00\x76\
\x00\x67\
\x00\x13\
\x04\x9a\x70\x67\
\x00\x6d\
\x00\x61\x00\x78\x00\x69\x00\x6d\x00\x69\x00\x7a\x00\x65\x00\x2d\x00\x62\x00\x75\x00\x74\x00\x74\x00\x6f\x00\x6e\x00\x2e\x00\x73\
\x00\x76\x00\x67\
\x00\x1a\
\x07\xc4\x1e\xa7\
\x00\x64\
\x00\x65\x00\x74\x00\x61\x00\x63\x00\x68\x00\x2d\x00\x62\x00\x75\x00\x74\x00\x74\x00\x6f\x00\x6e\x00\x2d\x00\x64\x00\x69\x00\x73\
\x00\x61\x00\x62\x00\x6c\x00\x65\x00\x64\x00\x2e\x00\x73\x00\x76\x00\x67\
\x00\x10\
\x08\x7c\xee\x07\
\x00\x63\
\x00\x6c\x00\x6f\x00\x73\x00\x65\x00\x2d\x00\x62\x00\x75\x00\x74\x00\x74\x00\x6f\x00\x6e\x00\x2e\x00\x73\x00\x76\x00\x67\
\x00\x14\
\x08\xff\x0c\x87\
\x00\x76\
\x00\x73\x00\x2d\x00\x70\x00\x69\x00\x6e\x00\x2d\x00\x62\x00\x75\x00\x74\x00\x74\x00\x6f\x00\x6e\x00\x5f\x00\x34\x00\x35\x00\x2e\
\x00\x73\x00\x76\x00\x67\
\x00\x18\
\x09\x31\x43\x27\
\x00\x64\
\x00\x65\x00\x74\x00\x61\x00\x63\x00\x68\x00\x2d\x00\x62\x00\x75\x00\x74\x00\x74\x00\x6f\x00\x6e\x00\x2d\x00\x69\x00\x6e\x00\x76\
\x00\x65\x00\x72\x00\x74\x00\x2e\x00\x73\x00\x76\x00\x67\
\x00\x11\
\x09\xad\x4a\x47\
\x00\x64\
\x00\x65\x00\x74\x00\x61\x00\x63\x00\x68\x00\x2d\x00\x62\x00\x75\x00\x74\x00\x74\x00\x6f\x00\x6e\x00\x2e\x00\x73\x00\x76\x00\x67\
\
\x00\x13\
\x0a\x72\x70\x47\
\x00\x6d\
\x00\x69\x00\x6e\x00\x69\x00\x6d\x00\x69\x00\x7a\x00\x65\x00\x2d\x00\x62\x00\x75\x00\x74\x00\x74\x00\x6f\x00\x6e\x00\x2e\x00\x73\
\x00\x76\x00\x67\
\x00\x11\
\x0a\xb3\xf2\x67\
\x00\x76\
\x00\x73\x00\x2d\x00\x70\x00\x69\x00\x6e\x00\x2d\x00\x62\x00\x75\x00\x74\x00\x74\x00\x6f\x00\x6e\x00\x2e\x00\x73\x00\x76\x00\x67\
\
\x00\x18\
\x0a\xe4\x47\xe7\
\x00\x76\
\x00\x73\x00\x2d\x00\x70\x00\x69\x00\x6e\x00\x2d\x00\x62\x00\x75\x00\x74\x00\x74\x00\x6f\x00\x6e\x00\x2d\x00\x69\x00\x6e\x00\x76\
\x00\x65\x00\x72\x00\x74\x00\x2e\x00\x73\x00\x76\x00\x67\
\x00\x1b\
\x0b\x71\xfa\xa7\
\x00\x74\
\x00\x61\x00\x62\x00\x73\x00\x2d\x00\x6d\x00\x65\x00\x6e\x00\x75\x00\x2d\x00\x62\x00\x75\x00\x74\x00\x74\x00\x6f\x00\x6e\x00\x2d\
\x00\x69\x00\x6e\x00\x76\x00\x65\x00\x72\x00\x74\x00\x2e\x00\x73\x00\x76\x00\x67\
\x00\x0e\
\x0b\x86\x7e\x67\
\x00\x70\
\x00\x69\x00\x6e\x00\x2d\x00\x62\x00\x75\x00\x74\x00\x74\x00\x6f\x00\x6e\x00\x2e\x00\x73\x00\x76\x00\x67\
\x00\x12\
\x0c\x51\x56\xe7\
\x00\x70\
\x00\x69\x00\x6e\x00\x2d\x00\x62\x00\x75\x00\x74\x00\x74\x00\x6f\x00\x6e\x00\x2d\x00\x62\x00\x69\x00\x67\x00\x2e\x00\x73\x00\x76\
\x00\x67\
\x00\x20\
\x0c\x51\xe4\x67\
\x00\x76\
\x00\x73\x00\x2d\x00\x70\x00\x69\x00\x6e\x00\x2d\x00\x62\x00\x75\x00\x74\x00\x74\x00\x6f\x00\x6e\x00\x2d\x00\x70\x00\x69\x00\x6e\
\x00\x6e\x00\x65\x00\x64\x00\x2d\x00\x66\x00\x6f\x00\x63\x00\x75\x00\x73\x00\x65\x00\x64\x00\x2e\x00\x73\x00\x76\x00\x67\
\x00\x1b\
\x0d\x98\xbd\x27\
\x00\x6d\
\x00\x61\x00\x78\x00\x69\x00\x6d\x00\x69\x00\x7a\x00\x65\x00\x2d\x00\x62\x00\x75\x00\x74\x00\x74\x00\x6f\x00\x6e\x00\x2d\x00\x66\
\x00\x6f\x00\x63\x00\x75\x00\x73\x00\x65\x00\x64\x00\x2e\x00\x73\x00\x76\x00\x67\
\x00\x1b\
\x0d\x98\xc6\x87\
\x00\x6d\
\x00\x69\x00\x6e\x00\x69\x00\x6d\x00\x69\x00\x7a\x00\x65\x00\x2d\x00\x62\x00\x75\x00\x74\x00\x74\x00\x6f\x00\x6e\x00\x2d\x00\x66\
\x00\x6f\x00\x63\x00\x75\x00\x73\x00\x65\x00\x64\x00\x2e\x00\x73\x00\x76\x00\x67\
\x00\x14\
\x0f\xbf\x57\x87\
\x00\x74\
\x00\x61\x00\x62\x00\x73\x00\x2d\x00\x6d\x00\x65\x00\x6e\x00\x75\x00\x2d\x00\x62\x00\x75\x00\x74\x00\x74\x00\x6f\x00\x6e\x00\x2e\
\x00\x73\x00\x76\x00\x67\
"

qt_resource_struct_v1 = b"\
\x00\x00\x00\x00\x00\x02\x00\x00\x00\x01\x00\x00\x00\x01\
\x00\x00\x00\x00\x00\x02\x00\x00\x00\x02\x00\x00\x00\x02\
\x00\x00\x00\x0c\x00\x02\x00\x00\x00\x17\x00\x00\x00\x0b\
\x00\x00\x00\x1e\x00\x02\x00\x00\x00\x07\x00\x00\x00\x04\
\x00\x00\x00\x3a\x00\x01\x00\x00\x00\x01\x00\x00\x00\x00\
\x00\x00\x00\x66\x00\x01\x00\x00\x00\x01\x00\x00\x05\x26\
\x00\x00\x00\x98\x00\x01\x00\x00\x00\x01\x00\x00\x0b\x48\
\x00\x00\x00\xbc\x00\x01\x00\x00\x00\x01\x00\x00\x12\x96\
\x00\x00\x00\xe6\x00\x01\x00\x00\x00\x01\x00\x00\x17\xc5\
\x00\x00\x01\x0e\x00\x01\x00\x00\x00\x01\x00\x00\x1e\x11\
\x00\x00\x01\x2a\x00\x01\x00\x00\x00\x01\x00\x00\x23\xca\
\x00\x00\x01\x68\x00\x00\x00\x00\x00\x01\x00\x00\x2a\xec\
\x00\x00\x01\x9e\x00\x00\x00\x00\x00\x01\x00\x00\x41\x21\
\x00\x00\x01\xd8\x00\x00\x00\x00\x00\x01\x00\x00\x42\x73\
\x00\x00\x02\x12\x00\x00\x00\x00\x00\x01\x00\x00\x53\x9b\
\x00\x00\x02\x48\x00\x00\x00\x00\x00\x01\x00\x00\x54\xdd\
\x00\x00\x02\x7c\x00\x00\x00\x00\x00\x01\x00\x00\x6b\x02\
\x00\x00\x02\xb4\x00\x00\x00\x00\x00\x01\x00\x00\x81\x31\
\x00\x00\x02\xde\x00\x00\x00\x00\x00\x01\x00\x00\x92\x51\
\x00\x00\x03\x0a\x00\x01\x00\x00\x00\x01\x00\x00\xa2\x5f\
\x00\x00\x03\x44\x00\x00\x00\x00\x00\x01\x00\x00\xa9\x92\
\x00\x00\x03\x6a\x00\x00\x00\x00\x00\x01\x00\x00\xbf\xb7\
\x00\x00\x03\x98\x00\x01\x00\x00\x00\x01\x00\x00\xc1\x96\
\x00\x00\x03\xce\x00\x01\x00\x00\x00\x01\x00\x00\xc8\xaa\
\x00\x00\x03\xf6\x00\x00\x00\x00\x00\x01\x00\x00\xcf\xbd\
\x00\x00\x04\x22\x00\x00\x00\x00\x00\x01\x00\x00\xd0\xbc\
\x00\x00\x04\x4a\x00\x00\x00\x00\x00\x01\x00\x00\xd1\xfb\
\x00\x00\x04\x80\x00\x00\x00\x00\x00\x01\x00\x00\xd2\xd2\
\x00\x00\x04\xbc\x00\x00\x00\x00\x00\x01\x00\x00\xe2\x24\
\x00\x00\x04\xde\x00\x00\x00\x00\x00\x01\x00\x00\xeb\xa1\
\x00\x00\x05\x08\x00\x00\x00\x00\x00\x01\x00\x00\xef\x53\
\x00\x00\x05\x4e\x00\x00\x00\x00\x00\x01\x00\x00\xf0\xa9\
\x00\x00\x05\x8a\x00\x00\x00\x00\x00\x01\x00\x01\x00\xc8\
\x00\x00\x05\xc6\x00\x00\x00\x00\x00\x01\x00\x01\x01\xf3\
"

qt_resource_struct_v2 = b"\
\x00\x00\x00\x00\x00\x02\x00\x00\x00\x01\x00\x00\x00\x01\
\x00\x00\x00\x00\x00\x00\x00\x00\
\x00\x00\x00\x00\x00\x02\x00\x00\x00\x02\x00\x00\x00\x02\
\x00\x00\x00\x00\x00\x00\x00\x00\
\x00\x00\x00\x0c\x00\x02\x00\x00\x00\x17\x00\x00\x00\x0b\
\x00\x00\x00\x00\x00\x00\x00\x00\
\x00\x00\x00\x1e\x00\x02\x00\x00\x00\x07\x00\x00\x00\x04\
\x00\x00\x00\x00\x00\x00\x00\x00\
\x00\x00\x00\x3a\x00\x01\x00\x00\x00\x01\x00\x00\x00\x00\
\x00\x00\x01\x9d\x8e\xdf\x7d\x3e\
\x00\x00\x00\x66\x00\x01\x00\x00\x00\x01\x00\x00\x05\x26\
\x00\x00\x01\x96\x62\xe5\x76\x36\
\x00\x00\x00\x98\x00\x01\x00\x00\x00\x01\x00\x00\x0b\x48\
\x00\x00\x01\x9f\x17\x19\x1b\x94\
\x00\x00\x00\xbc\x00\x01\x00\x00\x00\x01\x00\x00\x12\x96\
\x00\x00\x01\x9d\x8e\xdf\x7d\x69\
\x00\x00\x00\xe6\x00\x01\x00\x00\x00\x01\x00\x00\x17\xc5\
\x00\x00\x01\x96\x62\xe5\x76\x36\
\x00\x00\x01\x0e\x00\x01\x00\x00\x00\x01\x00\x00\x1e\x11\
\x00\x00\x01\x96\x62\xe5\x76\x36\
\x00\x00\x01\x2a\x00\x01\x00\x00\x00\x01\x00\x00\x23\xca\
\x00\x00\x01\x96\x62\xe5\x76\x36\
\x00\x00\x01\x68\x00\x00\x00\x00\x00\x01\x00\x00\x2a\xec\
\x00\x00\x01\x96\x62\xe5\x76\x30\
\x00\x00\x01\x9e\x00\x00\x00\x00\x00\x01\x00\x00\x41\x21\
\x00\x00\x01\x96\x62\xe5\x76\x32\
\x00\x00\x01\xd8\x00\x00\x00\x00\x00\x01\x00\x00\x42\x73\
\x00\x00\x01\x96\x62\xe5\x76\x32\
\x00\x00\x02\x12\x00\x00\x00\x00\x00\x01\x00\x00\x53\x9b\
\x00\x00\x01\x96\x62\xe5\x76\x34\
\x00\x00\x02\x48\x00\x00\x00\x00\x00\x01\x00\x00\x54\xdd\
\x00\x00\x01\x97\xc8\xc4\x94\xa1\
\x00\x00\x02\x7c\x00\x00\x00\x00\x00\x01\x00\x00\x6b\x02\
\x00\x00\x01\x96\x62\xe5\x76\x2f\
\x00\x00\x02\xb4\x00\x00\x00\x00\x00\x01\x00\x00\x81\x31\
\x00\x00\x01\x96\x62\xe5\x76\x32\
\x00\x00\x02\xde\x00\x00\x00\x00\x00\x01\x00\x00\x92\x51\
\x00\x00\x01\x96\x62\xe5\x76\x31\
\x00\x00\x03\x0a\x00\x01\x00\x00\x00\x01\x00\x00\xa2\x5f\
\x00\x00\x01\x96\x62\xe5\x76\x30\
\x00\x00\x03\x44\x00\x00\x00\x00\x00\x01\x00\x00\xa9\x92\
\x00\x00\x01\x96\x62\xe5\x76\x30\
\x00\x00\x03\x6a\x00\x00\x00\x00\x00\x01\x00\x00\xbf\xb7\
\x00\x00\x01\x96\x62\xe5\x76\x34\
\x00\x00\x03\x98\x00\x01\x00\x00\x00\x01\x00\x00\xc1\x96\
\x00\x00\x01\x97\xc8\xc4\xd5\xed\
\x00\x00\x03\xce\x00\x01\x00\x00\x00\x01\x00\x00\xc8\xaa\
\x00\x00\x01\x97\xc8\xba\x8d\x52\
\x00\x00\x03\xf6\x00\x00\x00\x00\x00\x01\x00\x00\xcf\xbd\
\x00\x00\x01\x96\x62\xe5\x76\x32\
\x00\x00\x04\x22\x00\x00\x00\x00\x00\x01\x00\x00\xd0\xbc\
\x00\x00\x01\x96\x62\xe5\x76\x34\
\x00\x00\x04\x4a\x00\x00\x00\x00\x00\x01\x00\x00\xd1\xfb\
\x00\x00\x01\x97\xc8\xc4\xfb\x96\
\x00\x00\x04\x80\x00\x00\x00\x00\x00\x01\x00\x00\xd2\xd2\
\x00\x00\x01\x97\xc8\xd0\xf7\x61\
\x00\x00\x04\xbc\x00\x00\x00\x00\x00\x01\x00\x00\xe2\x24\
\x00\x00\x01\x96\x62\xe5\x76\x32\
\x00\x00\x04\xde\x00\x00\x00\x00\x00\x01\x00\x00\xeb\xa1\
\x00\x00\x01\x96\x62\xe5\x76\x32\
\x00\x00\x05\x08\x00\x00\x00\x00\x00\x01\x00\x00\xef\x53\
\x00\x00\x01\x96\x62\xe5\x76\x33\
\x00\x00\x05\x4e\x00\x00\x00\x00\x00\x01\x00\x00\xf0\xa9\
\x00\x00\x01\x96\x62\xe5\x76\x31\
\x00\x00\x05\x8a\x00\x00\x00\x00\x00\x01\x00\x01\x00\xc8\
\x00\x00\x01\x96\x62\xe5\x76\x31\
\x00\x00\x05\xc6\x00\x00\x00\x00\x00\x01\x00\x01\x01\xf3\
\x00\x00\x01\x96\x62\xe5\x76\x32\
"

qt_version = [int(v) for v in QtCore.qVersion().split('.')]
if qt_version < [5, 8, 0]:
    rcc_version = 1
    qt_resource_struct = qt_resource_struct_v1
else:
    rcc_version = 2
    qt_resource_struct = qt_resource_struct_v2

def qInitResources():
    QtCore.qRegisterResourceData(rcc_version, qt_resource_struct, qt_resource_name, qt_resource_data)

def qCleanupResources():
    QtCore.qUnregisterResourceData(rcc_version, qt_resource_struct, qt_resource_name, qt_resource_data)

qInitResources()
